condition_key,drug,rank,rank_by_rating,score,shrunk_rating,mean_rating,n_reviews,positive_rate,mean_useful
abnormal uterine bleeding,Levonorgestrel,1,28,435.1984,5.3213,5.2648,355,0.4169,13.9296
abnormal uterine bleeding,Mirena,2,30,405.3345,5.2711,5.208,327,0.4098,15.1193
abnormal uterine bleeding,Medroxyprogesterone,3,40,360.9744,3.4139,3.328,500,0.216,15.766
abnormal uterine bleeding,Depo-Provera,4,41,307.0408,3.2235,3.1195,435,0.1977,13.9034
abnormal uterine bleeding,Ethinyl estradiol / norgestimate,5,33,249.3256,4.7057,4.5678,199,0.3417,6.5729
abnormal uterine bleeding,Ethinyl estradiol / norethindrone,6,24,198.221,5.7193,5.5841,113,0.4513,7.0619
abnormal uterine bleeding,Ethinyl estradiol / levonorgestrel,7,36,192.1361,4.5981,4.4,145,0.2828,6.0483
abnormal uterine bleeding,Norethindrone,8,37,119.4746,4.4664,4.0875,80,0.25,14.15
abnormal uterine bleeding,Loestrin 24 Fe,9,10,116.0753,6.3652,6.2083,48,0.4792,11.6875
abnormal uterine bleeding,Provera,10,31,95.7117,5.2485,4.8125,48,0.3542,37.7708
abnormal uterine bleeding,Sprintec,11,38,87.006,4.4294,3.8491,53,0.2642,8.5472
abnormal uterine bleeding,Seasonique,12,39,82.3685,4.316,3.6863,51,0.1961,9.3529
abnormal uterine bleeding,Tri-Sprintec,13,25,70.6859,5.6563,5.1034,29,0.3448,7.8621
abnormal uterine bleeding,Mononessa,14,19,69.0571,5.9976,5.5385,26,0.4231,8.9231
abnormal uterine bleeding,Megestrol,15,4,63.8107,6.7472,6.6,20,0.65,23.35
acial wrinkles,Dermal filler,1,3,49.3406,5.8934,5.1176,17,0.4706,16.0
acial wrinkles,OnabotulinumtoxinA,2,2,37.5514,6.6777,6.3,10,0.6,3.2
acial wrinkles,Botox Cosmetic,3,1,28.9715,6.7321,6.2857,7,0.5714,4.4286
acne,Isotretinoin,1,4,1111.6676,8.3298,8.3534,682,0.846,17.978
acne,Adapalene / benzoyl peroxide,2,30,841.1031,7.4363,7.4461,547,0.7313,11.0567
acne,Accutane,3,3,790.8872,8.361,8.3991,431,0.8492,23.2111
acne,Doxycycline,4,39,773.184,7.3123,7.32,500,0.706,14.972
acne,Epiduo,5,32,765.5193,7.4301,7.441,483,0.735,12.2899
acne,Benzoyl peroxide / clindamycin,6,10,649.1794,7.9209,7.9522,356,0.7921,12.2135
acne,Tretinoin,7,11,573.1953,7.8731,7.9079,304,0.7862,22.6842
acne,Minocycline,8,57,495.0379,6.3505,6.3273,333,0.5676,12.1051
acne,Spironolactone,9,15,470.6755,7.7676,7.8067,238,0.7689,25.4664
acne,Drospirenone / ethinyl estradiol,10,49,464.944,7.0391,7.0412,267,0.6592,13.9288
acne,Adapalene,11,47,436.2579,7.1996,7.2101,238,0.7101,19.5042
acne,Ethinyl estradiol / norgestimate,12,63,395.1355,5.9323,5.8852,270,0.4852,9.3481
acne,Dapsone,13,40,348.5863,7.3076,7.3295,173,0.7225,16.7861
acne,Aczone,14,42,340.1052,7.2884,7.3095,168,0.7202,17.2619
acne,Duac,15,23,339.9966,7.5576,7.6,160,0.75,15.025
actinic keratosis,Fluorouracil,1,1,69.5864,6.8503,6.7727,22,0.6818,23.5455
acute coronary syndrome,Ticagrelor,1,3,54.9444,5.8097,5.1,20,0.35,17.85
acute coronary syndrome,Effient,2,1,49.8164,7.2764,7.5385,13,0.6923,23.2308
acute coronary syndrome,Prasugrel,3,2,49.8164,7.2764,7.5385,13,0.6923,23.2308
acute coronary syndrome,Brilinta,4,4,47.031,5.6176,4.6471,17,0.2941,20.5294
adhd,Lisdexamfetamine,1,16,870.0789,7.682,7.6971,548,0.7609,31.8193
adhd,Vyvanse,2,17,858.3952,7.6629,7.6778,540,0.7593,32.2796
adhd,Methylphenidate,3,28,794.7704,7.3732,7.3821,513,0.7135,31.5205
adhd,Amphetamine / dextroamphetamine,4,12,783.7178,7.9421,7.9671,456,0.8048,31.9715
adhd,Adderall,5,6,477.3738,8.1628,8.2247,227,0.8458,44.0044
adhd,Concerta,6,31,457.4031,7.1261,7.1323,257,0.677,39.2374
adhd,Atomoxetine,7,42,381.5971,5.5014,5.4386,285,0.4667,34.4877
adhd,Strattera,8,43,373.3026,5.498,5.4332,277,0.4657,35.4404
adhd,Adderall XR,9,5,330.5333,8.165,8.2662,139,0.8489,29.4029
adhd,Dexmethylphenidate,10,25,268.3281,7.4008,7.4417,120,0.7667,33.5
adhd,Guanfacine,11,40,257.2033,5.8268,5.7372,156,0.5385,50.4487
adhd,Dextroamphetamine,12,2,257.1486,8.518,8.7128,94,0.9149,33.3191
adhd,Intuniv,13,38,208.2544,6.2597,6.1776,107,0.5794,66.9533
adhd,Ritalin,14,26,190.0992,7.3853,7.4474,76,0.75,35.7632
adhd,Bupropion,15,24,183.5868,7.4275,7.5,72,0.75,70.1806
agitated state,Aripiprazole,1,1,72.8632,6.7197,6.5833,24,0.625,30.75
agitated state,Abilify,2,2,67.1963,6.615,6.4091,22,0.5909,33.1364
alcohol dependence,Acamprosate,1,2,360.6765,8.722,8.8671,143,0.9021,62.6573
alcohol dependence,Campral,2,1,324.0533,8.8277,9.0082,122,0.918,70.4672
alcohol dependence,Naltrexone,3,4,311.4518,8.4844,8.6311,122,0.877,63.3115
alcohol dependence,Disulfiram,4,5,183.2612,8.396,8.6721,61,0.8689,77.2787
alcohol dependence,Antabuse,5,3,159.3681,8.6051,9.0,49,0.898,93.2857
alcohol dependence,Vivitrol,6,6,60.668,7.9596,8.7333,15,0.9333,95.5333
alcohol dependence,Revia,7,7,25.5516,7.6417,9.2,5,1.0,154.2
alcohol withdrawal,Chlordiazepoxide,1,2,266.2114,9.1872,9.4831,89,0.9663,51.0112
alcohol withdrawal,Librium,2,1,246.5352,9.2164,9.55,80,0.975,56.2125
alcohol withdrawal,Baclofen,3,3,172.615,8.6653,9.037,54,0.9444,47.8148
alcohol withdrawal,Gabapentin,4,4,104.3524,8.1407,8.6,30,0.8667,64.8
alcohol withdrawal,Diazepam,5,5,40.557,7.8052,8.8889,9,0.8889,40.1111
alcohol withdrawal,Valium,6,6,32.5956,7.5742,8.5714,7,0.8571,48.5714
allergic reactions,Diphenhydramine,1,2,86.3936,7.7273,8.08,25,0.8,16.72
allergic reactions,Prednisone,2,7,80.8742,7.0239,7.0385,26,0.6154,27.7308
allergic reactions,Benadryl Allergy,3,4,42.9192,7.6322,8.4,10,0.8,24.3
allergic reactions,Chlorpheniramine,4,1,41.7942,8.0433,9.4444,9,1.0,12.0
allergic reactions,Benadryl,5,5,40.6187,7.2231,7.5,10,0.7,14.5
allergic reactions,Cyproheptadine,6,3,29.585,7.7172,9.1667,6,1.0,13.1667
allergic reactions,Promethazine,7,6,23.9781,7.1711,7.6,5,0.8,10.6
allergic rhinitis,Cetirizine,1,27,205.87,6.7655,6.7368,95,0.6,16.5263
allergic rhinitis,Montelukast,2,42,165.0949,5.846,5.686,86,0.4884,31.8721
allergic rhinitis,Azelastine / fluticasone,3,28,153.6769,6.7131,6.6615,65,0.5846,10.1692
allergic rhinitis,Dymista,4,29,153.6769,6.7131,6.6615,65,0.5846,10.1692
allergic rhinitis,Azelastine,5,12,151.8971,7.521,7.6364,55,0.7273,16.5818
allergic rhinitis,Zyrtec,6,30,150.9216,6.6699,6.6094,64,0.5938,22.4062
allergic rhinitis,Fexofenadine,7,32,143.0956,6.6376,6.5667,60,0.6,13.85
allergic rhinitis,Triamcinolone,8,35,130.1936,6.4464,6.3273,55,0.5818,13.3455
allergic rhinitis,Fluticasone,9,37,124.6252,6.2562,6.0926,54,0.5556,14.4444
allergic rhinitis,Singulair,10,33,122.6312,6.6215,6.5306,49,0.5918,47.2245
allergic rhinitis,Allegra,11,24,110.3925,6.9406,6.925,40,0.65,17.95
allergic rhinitis,Mometasone,12,19,101.5946,7.2154,7.2941,34,0.6765,14.2941
allergic rhinitis,Levocetirizine,13,11,99.2693,7.556,7.7742,31,0.7097,18.8387
allergic rhinitis,Loratadine,14,40,96.5771,5.9606,5.6585,41,0.5122,15.8293
allergic rhinitis,Nasacort,15,38,96.3223,6.0559,5.775,40,0.525,13.95
allergic urticaria,Hydroxyzine,1,1,63.5887,6.4821,6.1905,21,0.5714,31.5238
allergies,Levocetirizine,1,3,168.9789,5.4671,5.2784,97,0.4536,16.7835
allergies,Xyzal,2,4,147.5165,5.2236,4.9767,86,0.4186,17.814
allergies,Hydroxyzine,3,1,102.523,8.4227,9.0357,28,0.9286,24.0714
allergies,Atarax,4,2,48.0344,7.9526,9.0,11,0.9091,29.4545
alopecia,Minoxidil,1,5,154.4155,6.5938,6.5224,67,0.6119,54.0
alopecia,Spironolactone,2,1,68.1366,7.797,8.3333,18,0.7778,77.1111
alopecia,Rogaine,3,6,49.9407,6.5522,6.2,15,0.6,87.9333
alopecia,Triamcinolone,4,2,43.686,7.7686,8.7,10,0.9,31.3
alopecia,Kenalog-10,5,3,36.606,7.6955,8.75,8,0.875,36.5
alopecia,Rogaine Women's,6,4,24.3715,7.2888,8.0,5,0.8,59.2
alzheimer s,Donepezil,1,6,72.748,5.407,4.8125,32,0.4062,70.8125
alzheimer s,Rivastigmine,2,3,53.974,6.7468,6.5625,16,0.625,24.8125
alzheimer s,Aricept,3,4,53.2805,6.097,5.5,18,0.5,105.2778
alzheimer s,Memantine,4,7,45.0101,5.3762,4.2353,17,0.2941,47.8824
alzheimer s,Exelon,5,2,44.033,6.8295,6.6667,12,0.6667,30.4167
alzheimer s,Galantamine,6,1,34.4654,7.2455,7.625,8,0.75,11.75
alzheimer s,Namenda,7,5,31.6724,5.6322,4.0,10,0.2,63.4
amenorrhea,Medroxyprogesterone,1,1,164.8814,7.7452,7.8983,59,0.7627,20.9322
amenorrhea,Provera,2,2,121.4039,7.6329,7.825,40,0.775,25.75
amenorrhea,Depo-Provera,3,3,28.0942,7.3283,8.0,6,0.8333,15.1667
amenorrhea,Norethindrone,4,4,27.0292,7.0505,7.1667,6,0.8333,3.3333
androgenetic alopecia,Finasteride,1,2,121.607,6.1047,5.9074,54,0.5926,24.3148
androgenetic alopecia,Propecia,2,1,37.0046,6.1265,5.1818,11,0.5455,41.0
anemia,Multivitamin with iron,1,1,54.198,7.9164,8.7692,13,0.9231,13.6154
anesthesia,Propofol,1,2,522.3783,8.0216,8.0687,262,0.7786,14.7099
anesthesia,Diprivan,2,1,70.7582,8.097,8.8333,18,0.8889,28.8889
anesthesia,Ketamine,3,6,37.5855,5.8295,4.6667,12,0.4167,19.8333
anesthesia,Lidocaine / prilocaine,4,3,36.1303,7.5955,8.5,8,0.875,10.125
anesthesia,Succinylcholine,5,7,25.7109,4.9481,2.2222,9,0.0,6.5556
anesthesia,Emla,6,4,24.9616,7.4652,8.6,5,0.8,12.8
anesthesia,Lidocaine,7,5,23.1956,6.0505,4.1667,6,0.3333,6.5
angina,Ranolazine,1,4,121.1797,7.2165,7.2791,43,0.6977,30.5349
angina,Ranexa,2,2,108.0559,7.3523,7.4722,36,0.7222,35.8889
angina,Metoprolol,3,3,34.7032,7.2955,7.75,8,0.75,18.25
angina,Isosorbide mononitrate,4,5,32.2776,5.3439,3.5455,11,0.2727,3.2727
angina,Nitroglycerin,5,1,29.372,7.6616,9.0,6,1.0,33.1667
angina pectoris prophylaxis,Isosorbide mononitrate,1,1,52.5162,6.2727,5.7647,17,0.5882,35.8235
angina pectoris prophylaxis,Imdur,2,2,23.1956,6.0505,4.1667,6,0.3333,53.8333
ankylosing spondylitis,Adalimumab,1,4,127.2858,7.5802,7.7442,43,0.7674,34.1163
ankylosing spondylitis,Humira,2,5,127.2858,7.5802,7.7442,43,0.7674,34.1163
ankylosing spondylitis,Etanercept,3,1,118.458,7.8961,8.1892,37,0.8108,17.1351
ankylosing spondylitis,Enbrel,4,2,115.4044,7.8523,8.1389,36,0.8056,17.5833
ankylosing spondylitis,Golimumab,5,7,50.3641,7.3564,7.6923,13,0.7692,17.3077
ankylosing spondylitis,Simponi,6,6,48.0626,7.4545,7.9167,12,0.8333,18.6667
ankylosing spondylitis,Diclofenac,7,8,46.4507,7.2045,7.4167,12,0.6667,13.0
ankylosing spondylitis,Indomethacin,8,3,36.1303,7.5955,8.5,8,0.875,7.75
ankylosing spondylitis,Infliximab,9,10,33.2762,6.9955,7.0,8,0.75,20.125
ankylosing spondylitis,Remicade,10,11,30.104,6.9952,7.0,7,0.7143,22.8571
ankylosing spondylitis,Voltaren,11,9,27.4552,7.1616,7.5,6,0.8333,21.0
ankylosing spondylitis,Naproxen,12,12,22.4046,6.7005,6.0,5,0.6,6.8
ankylosing spondylitis,Cosentyx,13,13,21.2788,5.5505,2.6667,6,0.1667,15.1667
ankylosing spondylitis,Secukinumab,14,14,21.2788,5.5505,2.6667,6,0.1667,15.1667
anorexia,Cyproheptadine,1,1,241.2412,8.6176,8.8471,85,0.8941,53.6
anorexia,Dronabinol,2,3,41.6412,7.405,7.9,10,0.8,24.9
anorexia,Marinol,3,2,32.3691,7.5215,8.4286,7,0.8571,30.5714
anorexia,Megestrol,4,4,31.6896,7.3636,8.0,7,0.7143,17.7143
anxiety,Escitalopram,1,20,1027.413,7.8104,7.8251,669,0.7758,36.6667
anxiety,Alprazolam,2,3,1011.6867,8.7883,8.8268,560,0.8982,35.8571
anxiety,Clonazepam,3,8,939.5006,8.5295,8.5644,528,0.8769,40.4205
anxiety,Lexapro,4,17,812.3508,7.8847,7.9068,483,0.793,46.2609
anxiety,Lorazepam,5,11,760.5817,8.2422,8.2782,417,0.8273,38.9976
anxiety,Xanax,6,5,740.2842,8.6871,8.7413,375,0.8853,46.7307
anxiety,Buspirone,7,48,708.2142,6.3398,6.3253,538,0.5892,54.6041
anxiety,Klonopin,8,7,591.292,8.547,8.6127,284,0.8944,60.2887
anxiety,Diazepam,9,4,561.7364,8.7008,8.7799,259,0.8996,62.0888
anxiety,Hydroxyzine,10,51,541.2479,5.8132,5.7796,422,0.5403,38.7299
anxiety,Gabapentin,11,14,520.5852,8.0401,8.0885,260,0.8231,81.2462
anxiety,Ativan,12,13,477.8631,8.1712,8.2335,227,0.8238,53.5639
anxiety,BuSpar,13,44,468.694,6.4537,6.4323,303,0.5941,84.0264
anxiety,Paroxetine,14,26,410.4668,7.388,7.4104,212,0.7311,52.0236
anxiety,Venlafaxine,15,37,362.4052,7.0537,7.0576,191,0.6859,49.4346
anxiety and stress,Citalopram,1,6,876.0413,7.61,7.6232,560,0.7607,57.9357
anxiety and stress,Celexa,2,7,571.2247,7.5677,7.5893,319,0.7649,83.8276
anxiety and stress,Fluoxetine,3,8,549.3877,7.5648,7.5875,303,0.7591,74.8086
anxiety and stress,Sertraline,4,10,528.0136,7.3991,7.4155,296,0.7534,43.4628
anxiety and stress,Prozac,5,4,406.0158,7.6631,7.7035,199,0.7739,102.5528
anxiety and stress,Venlafaxine,6,12,215.5678,7.1407,7.1596,94,0.6702,27.8511
anxiety and stress,Amitriptyline,7,5,214.9481,7.6113,7.6977,86,0.7442,73.8953
anxiety and stress,Paroxetine,8,13,205.5997,6.8105,6.7872,94,0.6277,38.6702
anxiety and stress,Zoloft,9,9,175.7588,7.5052,7.597,67,0.806,39.7164
anxiety and stress,Paxil,10,14,164.2156,6.5754,6.5068,73,0.6027,45.6575
anxiety and stress,Effexor,11,11,113.2303,7.3982,7.5263,38,0.7105,38.1579
anxiety and stress,Fluvoxamine,12,15,92.7214,6.0582,5.7632,38,0.5263,34.9211
anxiety and stress,Effexor XR,13,3,81.8928,7.7974,8.2174,23,0.8261,31.0
anxiety and stress,Elavil,14,1,64.3378,8.4411,9.6,15,1.0,150.5333
anxiety and stress,Luvox,15,16,56.1266,5.9347,5.3,20,0.45,50.8
arrhythmia,Dofetilide,1,1,123.5451,7.7675,8.0,40,0.8,56.125
arrhythmia,Tikosyn,2,2,115.7025,7.7124,7.9459,37,0.8108,60.6216
arrhythmia,Amiodarone,3,6,60.6233,5.9679,5.4091,22,0.5,50.1364
arrhythmia,Verapamil,4,5,32.087,6.7455,6.375,8,0.5,20.25
arrhythmia,Propranolol,5,4,29.198,6.7847,6.4286,7,0.5714,12.5714
arrhythmia,Disopyramide,6,3,24.9616,7.4652,8.6,5,1.0,10.2
asthma,Montelukast,1,11,166.7419,5.6593,5.4835,91,0.4396,22.8462
asthma,Prednisone,2,6,111.9219,7.0367,7.05,40,0.7,31.275
asthma,Singulair,3,9,106.3599,6.5643,6.439,41,0.561,33.2683
asthma,Breo Ellipta,4,2,91.2286,7.1169,7.1667,30,0.6667,16.1333
asthma,Fluticasone / vilanterol,5,3,91.2286,7.1169,7.1667,30,0.6667,16.1333
asthma,Dulera,6,10,58.3927,6.4164,6.0526,19,0.5263,19.1053
asthma,Ipratropium,7,1,25.7483,7.7005,9.4,5,1.0,19.2
asthma,Alvesco,8,4,23.7814,7.1123,7.4,5,0.8,11.8
asthma,Ciclesonide,9,5,23.7814,7.1123,7.4,5,0.8,11.8
asthma,Mepolizumab,10,7,22.798,6.8182,6.4,5,0.6,17.6
asthma,Nucala,11,8,22.798,6.8182,6.4,5,0.6,17.6
asthma acute,Albuterol,1,9,90.7053,4.4912,3.9455,55,0.2909,9.3273
asthma acute,Racepinephrine,2,6,41.3856,7.3595,7.8,10,0.6,4.9
asthma acute,ProAir RespiClick,3,10,35.8803,2.9477,1.2143,28,0.0,7.75
asthma acute,Epinephrine,4,1,34.1811,7.9426,9.5714,7,1.0,12.7143
asthma acute,Levalbuterol,5,2,34.1811,7.9426,9.5714,7,1.0,8.5714
asthma acute,Ventolin,6,7,32.8005,6.8955,6.75,8,0.5,10.125
asthma acute,Methylprednisolone,7,4,32.3691,7.5215,8.4286,7,0.8571,21.5714
asthma acute,Asthmanefrin,8,5,31.9161,7.4163,8.1429,7,0.7143,5.8571
asthma acute,Primatene Mist,9,3,30.011,7.8283,9.5,6,1.0,14.5
asthma acute,ProAir HFA,10,8,19.8477,5.9358,3.4,5,0.2,11.8
asthma maintenance,Symbicort,1,10,177.2771,7.4864,7.5735,68,0.6912,30.2059
asthma maintenance,Fluticasone / salmeterol,2,3,171.9555,7.7826,7.9355,62,0.8065,20.3226
asthma maintenance,Advair Diskus,3,7,156.5163,7.6457,7.7857,56,0.7857,21.875
asthma maintenance,Montelukast,4,21,145.587,6.67,6.6066,61,0.5738,30.8852
asthma maintenance,Omalizumab,5,1,129.5138,7.8502,8.0952,42,0.8095,31.4762
asthma maintenance,Xolair,6,2,126.5369,7.8096,8.0488,41,0.8049,32.2439
asthma maintenance,Singulair,7,6,112.9549,7.6856,7.9167,36,0.7222,40.9722
asthma maintenance,Beclomethasone,8,23,81.6156,6.0661,5.7188,32,0.5312,18.0625
asthma maintenance,Qvar,9,24,81.6156,6.0661,5.7188,32,0.5312,18.0625
asthma maintenance,Fluticasone,10,18,59.1064,6.7636,6.6111,18,0.5,14.3333
asthma maintenance,Dulera,11,17,54.5455,6.8182,6.6875,16,0.625,22.125
asthma maintenance,Albuterol,12,22,52.2598,6.5325,6.1875,16,0.625,11.4375
asthma maintenance,Budesonide,13,12,48.1733,7.0364,7.0769,13,0.6923,12.6923
asthma maintenance,Mometasone,14,16,47.0778,6.8764,6.7692,13,0.6154,17.0769
asthma maintenance,Asmanex Twisthaler,15,11,43.5699,7.2134,7.4545,11,0.7273,19.9091
atigue,Modafinil,1,1,104.2138,8.3392,8.8966,29,0.8966,22.4138
atigue,Amphetamine / dextroamphetamine,2,2,95.3372,8.049,8.5185,27,0.8519,35.7037
atigue,Methylphenidate,3,3,29.8775,6.9426,6.8571,7,0.7143,13.1429
atigue,Dextroamphetamine,4,4,26.6033,6.9394,6.8333,6,0.6667,11.6667
atopic dermatitis,Tacrolimus,1,11,98.2506,6.8279,6.7714,35,0.6286,22.3143
atopic dermatitis,Crisaborole,2,8,86.0906,7.0727,7.1071,28,0.6429,15.9286
atopic dermatitis,Eucrisa,3,9,86.0906,7.0727,7.1071,28,0.6429,15.9286
atopic dermatitis,Protopic,4,6,75.8914,7.226,7.3478,23,0.6957,29.6087
atopic dermatitis,Clobetasol,5,1,53.9727,8.3712,9.75,12,1.0,17.5
atopic dermatitis,Pimecrolimus,6,7,40.6187,7.2231,7.5,10,0.8,8.7
atopic dermatitis,Elidel,7,5,37.5878,7.2338,7.5556,9,0.7778,9.5556
atopic dermatitis,Triamcinolone,8,2,37.5573,7.8955,9.25,8,1.0,19.0
atopic dermatitis,Dupilumab,9,3,28.9461,7.5505,8.6667,6,0.8333,13.5
atopic dermatitis,Dupixent,10,4,28.9461,7.5505,8.6667,6,0.8333,13.5
atopic dermatitis,Betamethasone,11,10,23.388,6.9947,7.0,5,0.8,7.2
atrial fibrillation,Flecainide,1,3,179.875,7.7681,7.9091,66,0.7727,58.6212
atrial fibrillation,Propafenone,2,2,113.2526,7.8704,8.1714,35,0.8286,28.7429
atrial fibrillation,Metoprolol,3,12,109.5,6.1002,5.8723,47,0.5532,35.9574
atrial fibrillation,Diltiazem,4,4,90.3508,7.4227,7.6071,28,0.6786,48.7857
atrial fibrillation,Sotalol,5,5,89.1336,7.3227,7.4643,28,0.7143,51.3929
atrial fibrillation,Dronedarone,6,11,64.8061,6.3797,6.0455,22,0.5455,28.9545
atrial fibrillation,Rivaroxaban,7,9,61.1508,6.4659,6.15,20,0.6,43.7
atrial fibrillation,Xarelto,8,10,61.1508,6.4659,6.15,20,0.6,43.7
atrial fibrillation,Rythmol SR,9,1,59.2676,8.1888,9.2143,14,1.0,41.2143
atrial fibrillation,Multaq,10,8,54.5455,6.8182,6.6875,16,0.625,39.25
atrial fibrillation,Carvedilol,11,13,35.1663,5.8221,4.5455,11,0.1818,19.7273
atrial fibrillation,Tambocor,12,6,27.6682,7.2172,7.6667,6,0.8333,94.3333
atrial fibrillation,Digoxin,13,7,26.1773,6.8283,6.5,6,0.5,52.0
atrial flutte,Flecainide,1,1,31.4631,7.311,7.8571,7,0.7143,18.4286
atrial flutte,Diltiazem,2,2,28.995,6.0955,4.75,8,0.25,15.0
atrophic urethritis,Estradiol,1,2,40.2315,5.8764,4.8462,13,0.3077,25.3077
atrophic urethritis,Estrace Vaginal Cream,2,1,22.9826,5.995,4.0,6,0.1667,28.1667
atrophic vaginitis,Estradiol,1,5,200.4487,5.7079,5.5739,115,0.487,40.9826
atrophic vaginitis,Estrace Vaginal Cream,2,3,101.3127,6.7532,6.6757,37,0.6216,82.7568
atrophic vaginitis,Estring,3,4,68.9476,6.3586,6.0417,24,0.5833,12.4167
atrophic vaginitis,Vagifem,4,1,62.8933,7.197,7.3333,18,0.6111,47.0
atrophic vaginitis,Yuvafem,5,6,52.7027,4.2173,3.069,29,0.2069,13.6897
atrophic vaginitis,Conjugated estrogens,6,2,23.7814,7.1123,7.4,5,0.6,30.8
autism,Risperidone,1,3,97.9252,6.3982,6.2105,38,0.5526,54.0263
autism,Aripiprazole,2,1,67.3572,7.1222,7.2,20,0.7,57.35
autism,Abilify,3,2,61.1455,6.997,7.0,18,0.6667,63.4444
autism,Risperdal,4,6,56.7177,5.9972,5.4,20,0.4,75.6
autism,Geodon,5,4,29.2329,6.1455,4.875,8,0.5,11.5
autism,Ziprasidone,6,5,29.2329,6.1455,4.875,8,0.5,11.5
back pain,Acetaminophen / hydrocodone,1,3,403.7929,8.149,8.2253,182,0.8626,30.9725
back pain,Tramadol,2,17,287.8721,6.8539,6.8425,146,0.6781,39.1712
back pain,Norco,3,1,192.9521,8.2394,8.4627,67,0.8955,46.9701
back pain,Diclofenac,4,10,155.3121,7.5869,7.7143,56,0.7321,28.375
back pain,Naproxen,5,21,150.4882,6.2184,6.0857,70,0.5857,25.2571
back pain,Lortab,6,2,123.0504,8.2022,8.5946,37,0.8649,20.9189
back pain,Duloxetine,7,15,78.2349,6.9975,7.0,25,0.72,36.12
back pain,Aleve,8,19,75.4201,6.5502,6.3462,26,0.5769,32.5385
back pain,Ultram,9,7,69.5481,7.6422,8.0526,19,0.7895,94.4211
back pain,Cymbalta,10,18,69.2877,6.8209,6.7273,22,0.6818,40.0
back pain,Voltaren,11,5,63.4026,7.9253,8.625,16,0.8125,33.4375
back pain,Nabumetone,12,20,54.5371,6.5141,6.1765,17,0.6471,43.7647
back pain,Acetaminophen / pamabrom,13,4,51.555,7.9962,9.0,12,0.9167,10.6667
back pain,Vicodin,14,16,44.3016,6.8712,6.75,12,0.5833,40.0
back pain,Lorcet 10 / 650,15,6,43.4304,7.7231,8.6,10,0.9,23.7
bacterial infection,Metronidazole,1,14,417.8104,6.2727,6.2407,270,0.5519,12.6519
bacterial infection,Clindamycin,2,18,389.3963,5.7662,5.7127,275,0.4764,25.5091
bacterial infection,Flagyl,3,7,210.6834,6.8695,6.8542,96,0.6562,19.6771
bacterial infection,Doxycycline,4,17,143.0262,5.9742,5.7971,69,0.5507,38.058
bacterial infection,Cephalexin,5,10,139.0957,6.5339,6.4407,59,0.5424,27.8136
bacterial infection,Amoxicillin / clavulanate,6,24,118.4387,4.8423,4.4789,71,0.338,15.8873
bacterial infection,Amoxicillin,7,6,107.3799,6.8806,6.8462,39,0.6154,26.0
bacterial infection,Sulfamethoxazole / trimethoprim,8,23,83.0161,4.9438,4.3721,43,0.3256,12.2791
bacterial infection,Levofloxacin,9,20,80.4743,5.7154,5.2647,34,0.4412,16.5588
bacterial infection,Ciprofloxacin,10,12,79.8299,6.388,6.1379,29,0.5517,19.5517
bacterial infection,Azithromycin,11,13,76.9614,6.3227,6.0357,28,0.5,4.8214
bacterial infection,Augmentin,12,21,73.9711,5.4979,4.9375,32,0.4062,23.0625
bacterial infection,Ceftriaxone,13,2,71.3095,7.8358,8.3684,19,0.8421,13.2105
bacterial infection,Rocephin,14,1,66.9509,7.9969,8.7059,17,0.8824,14.7059
bacterial infection,Moxifloxacin,15,15,64.4886,6.1403,5.6957,23,0.5217,10.3043
bacterial skin infection,Sulfamethoxazole / trimethoprim,1,2,196.7871,5.9569,5.8396,106,0.4811,29.3302
bacterial skin infection,Bactrim,2,1,120.9834,6.9633,6.9556,45,0.6222,50.1111
bacterial skin infection,Bactrim DS,3,3,59.9116,5.5253,4.7917,24,0.375,22.3333
bacterial vaginitis,Metronidazole,1,2,783.1128,7.1606,7.1644,523,0.6635,11.8757
bacterial vaginitis,Clindamycin,2,5,129.322,6.7763,6.7255,51,0.6078,16.1961
bacterial vaginitis,Tinidazole,3,1,123.0978,7.4613,7.5952,42,0.7619,14.1429
bacterial vaginitis,MetroGel-Vaginal,4,7,71.3572,6.5808,6.375,24,0.5417,33.8333
bacterial vaginitis,Tindamax,5,6,45.4347,6.6364,6.3077,13,0.5385,18.9231
bacterial vaginitis,Clindesse,6,3,29.651,6.89,6.7143,7,0.5714,12.8571
bacterial vaginitis,Flagyl ER,7,4,26.3903,6.8838,6.6667,6,0.6667,21.1667
barrett s esophagus,Dexlansoprazole,1,2,66.6622,7.9624,8.6471,17,0.8824,26.1765
barrett s esophagus,Esomeprazole,2,3,60.668,7.9596,8.7333,15,0.8,33.1333
barrett s esophagus,Nexium,3,5,57.0406,7.8811,8.6429,14,0.7857,34.9286
barrett s esophagus,Dexilant,4,4,51.2863,7.9545,8.9167,12,0.9167,31.75
barrett s esophagus,Omeprazole,5,1,38.5087,8.0955,9.75,8,1.0,17.875
barrett s esophagus,Pantoprazole,6,6,32.5956,7.5742,8.5714,7,0.7143,44.2857
barrett s esophagus,Kapidex,7,7,24.3715,7.2888,8.0,5,0.8,12.8
basal cell carcinoma,Imiquimod,1,2,115.5923,7.2675,7.35,40,0.725,27.55
basal cell carcinoma,Fluorouracil,2,1,52.865,7.3042,7.5714,14,0.7143,41.5714
basal cell carcinoma,Aldara,3,3,41.9943,6.9526,6.9091,11,0.6364,40.5455
basal cell carcinoma,Efudex,4,4,22.9947,6.877,6.6,5,0.6,47.4
benign essential trem,Propranolol,1,1,115.948,7.4296,7.5641,39,0.7436,45.7949
benign essential trem,Primidone,2,4,95.6008,5.7946,5.4524,42,0.4048,40.0952
benign essential trem,Inderal,3,2,45.9135,7.1212,7.25,12,0.75,64.75
benign essential trem,Gabapentin,4,3,36.1032,6.9481,6.8889,9,0.5556,32.4444
benign prostatic hyperplasia,Tamsulosin,1,15,227.623,5.7156,5.6029,136,0.4044,55.5956
benign prostatic hyperplasia,Silodosin,2,13,178.135,6.1476,6.0337,89,0.5281,38.7753
benign prostatic hyperplasia,Rapaflo,3,11,165.6179,6.3101,6.2051,78,0.5385,44.0
benign prostatic hyperplasia,Tadalafil,4,1,150.9538,7.7955,7.9808,52,0.8077,71.3846
benign prostatic hyperplasia,Flomax,5,17,150.651,5.5797,5.3704,81,0.358,82.7531
benign prostatic hyperplasia,Cialis,6,2,137.1862,7.6425,7.8085,47,0.7872,78.4681
benign prostatic hyperplasia,Alfuzosin,7,14,105.1331,6.051,5.8,45,0.4667,37.4889
benign prostatic hyperplasia,Dutasteride,8,4,84.8132,7.366,7.5385,26,0.6923,76.6538
benign prostatic hyperplasia,Avodart,9,5,79.1884,7.303,7.4583,24,0.6667,82.4167
benign prostatic hyperplasia,Terazosin,10,6,67.9483,7.1847,7.3,20,0.7,30.2
benign prostatic hyperplasia,Doxazosin,11,3,64.641,7.397,7.6667,18,0.7778,41.4444
benign prostatic hyperplasia,Finasteride,12,16,63.1264,5.6462,5.0,25,0.4,60.2
benign prostatic hyperplasia,Dutasteride / tamsulosin,13,9,56.4848,6.4636,6.1111,18,0.5,41.0556
benign prostatic hyperplasia,Uroxatral,14,12,55.0283,6.297,5.8333,18,0.3889,63.6667
benign prostatic hyperplasia,Jalyn,15,10,53.671,6.4107,6.0,17,0.4706,43.4706
binge eating disorde,Lisdexamfetamine,1,1,139.937,7.5559,7.6939,49,0.7551,33.1429
binge eating disorde,Vyvanse,2,2,139.937,7.5559,7.6939,49,0.7551,33.1429
bipolar disorde,Lamotrigine,1,3,934.0064,8.2351,8.2623,549,0.8342,42.4299
bipolar disorde,Lamictal,2,5,716.627,8.1973,8.2345,388,0.8299,53.9381
bipolar disorde,Quetiapine,3,31,631.6037,7.115,7.1187,396,0.6894,26.5379
bipolar disorde,Lurasidone,4,45,583.1632,6.8297,6.8245,376,0.6569,43.3537
bipolar disorde,Latuda,5,43,553.7919,6.8585,6.8539,349,0.6619,46.6877
bipolar disorde,Seroquel,6,39,430.4458,6.9723,6.9713,244,0.6721,34.1598
bipolar disorde,Lithium,7,15,388.9799,7.571,7.6073,191,0.7644,36.2932
bipolar disorde,Asenapine,8,27,352.0176,7.1932,7.2067,179,0.7151,28.0726
bipolar disorde,Saphris,9,21,341.4014,7.3162,7.3393,168,0.7321,29.8333
bipolar disorde,Aripiprazole,10,59,339.027,5.935,5.8773,220,0.5364,23.25
bipolar disorde,Abilify,11,60,313.6088,5.919,5.8543,199,0.5327,25.4925
bipolar disorde,Divalproex sodium,12,56,292.5213,6.442,6.4012,162,0.6111,36.1728
bipolar disorde,Olanzapine,13,51,262.6043,6.594,6.5588,136,0.5882,28.8456
bipolar disorde,Ziprasidone,14,61,260.1319,5.7023,5.6074,163,0.5092,23.2699
bipolar disorde,Oxcarbazepine,15,8,253.2389,8.0081,8.13,100,0.81,42.59
birth control,Etonogestrel,1,91,3147.9812,5.8329,5.8298,4394,0.4802,6.7893
birth control,Levonorgestrel,2,9,2770.0357,7.0386,7.0388,2884,0.6505,8.3523
birth control,Ethinyl estradiol / norethindrone,3,108,2337.3713,5.6521,5.6469,3081,0.4797,7.8848
birth control,Nexplanon,4,107,2225.0216,5.6552,5.6497,2883,0.4565,6.0166
birth control,Ethinyl estradiol / levonorgestrel,5,86,1826.7494,5.874,5.8676,2107,0.485,7.2886
birth control,Ethinyl estradiol / norgestimate,6,84,1822.9965,5.8828,5.8765,2097,0.5055,8.4721
birth control,Mirena,7,13,1529.1554,6.9827,6.9826,1320,0.6462,13.9985
birth control,Implanon,8,57,1486.97,6.1816,6.1751,1496,0.5254,8.3463
birth control,Skyla,9,6,1358.507,7.2412,7.2439,1074,0.6797,3.7989
birth control,Copper,10,8,1068.8837,7.1058,7.1075,800,0.68,7.5988
birth control,Ethinyl estradiol / etonogestrel,11,26,1026.5575,6.6566,6.6518,827,0.5804,8.7449
birth control,NuvaRing,12,27,1022.1021,6.6458,6.6408,824,0.5789,8.7755
birth control,Lo Loestrin Fe,13,61,1001.3537,6.1144,6.1027,896,0.5513,9.683
birth control,Drospirenone / ethinyl estradiol,14,82,792.4093,5.9181,5.8993,685,0.4934,8.3299
birth control,Desogestrel / ethinyl estradiol,15,99,742.6596,5.736,5.713,655,0.4534,5.8244
bladder infection,Nitrofurantoin,1,12,257.3651,4.9703,4.8446,193,0.3731,23.6684
bladder infection,Macrobid,2,11,171.3921,5.1159,4.9074,108,0.3611,34.6204
bladder infection,Ciprofloxacin,3,8,148.8565,5.7831,5.5921,76,0.5,34.4474
bladder infection,Cephalexin,4,1,112.6487,7.6648,7.8889,36,0.7778,46.0556
bladder infection,Cipro,5,9,64.6372,5.7813,5.2,25,0.48,54.64
bladder infection,Methenamine,6,4,37.0929,7.1385,7.3333,9,0.7778,50.1111
bladder infection,Fosfomycin,7,5,36.3506,6.9957,7.0,9,0.6667,23.1111
bladder infection,Hiprex,8,2,35.4168,7.4455,8.125,8,0.875,56.125
bladder infection,Levofloxacin,9,10,31.6724,5.6322,4.0,10,0.4,14.2
bladder infection,Keflex,10,3,31.2366,7.2584,7.7143,7,0.7143,64.8571
bladder infection,Monurol,11,6,26.8163,6.995,7.0,6,0.6667,28.8333
bladder infection,Levaquin,12,7,26.7065,6.2057,4.8571,7,0.5714,19.2857
bone infection,Clindamycin,1,1,42.1524,7.4959,8.1,10,0.8,20.3
borderline personality disorde,Quetiapine,1,4,163.2966,7.3907,7.4677,62,0.7903,24.5
borderline personality disorde,Lamotrigine,2,1,82.4336,8.115,8.7273,22,0.8636,15.2273
borderline personality disorde,Olanzapine,3,6,60.311,7.2038,7.3529,17,0.7059,14.7059
borderline personality disorde,Seroquel,4,5,49.5425,7.2364,7.4615,13,0.7692,43.1538
borderline personality disorde,Aripiprazole,5,7,43.0447,7.1265,7.2727,11,0.6364,12.7273
borderline personality disorde,Risperidone,6,10,36.529,6.4959,5.9,10,0.6,17.9
borderline personality disorde,Lurasidone,7,3,31.9161,7.4163,8.1429,7,1.0,23.7143
borderline personality disorde,Risperdal,8,2,24.9616,7.4652,8.6,5,1.0,28.4
borderline personality disorde,Sertraline,9,8,22.6013,6.7594,6.2,5,0.6,2.4
borderline personality disorde,Topiramate,10,9,22.6013,6.7594,6.2,5,0.6,4.0
bowel preparation,Magnesium sulfate / potassium sulfate / sodium sulfate,1,3,1138.7954,7.4249,7.4312,821,0.7247,15.3033
bowel preparation,Suprep Bowel Prep Kit,2,2,1131.7303,7.4816,7.4888,806,0.7333,15.531
bowel preparation,Polyethylene glycol 3350 with electrolytes,3,5,465.869,6.9365,6.9341,273,0.6447,15.348
bowel preparation,MoviPrep,4,4,365.9485,7.1227,7.1309,191,0.6649,17.1152
bowel preparation,Citric acid / magnesium oxide / sodium picosulfate,5,10,213.7776,6.2513,6.1712,111,0.5766,7.991
bowel preparation,Prepopik,6,11,213.7776,6.2513,6.1712,111,0.5766,7.991
bowel preparation,Bisacodyl,7,12,112.4873,5.9824,5.74,50,0.5,12.74
bowel preparation,Dulcolax,8,14,78.5578,5.8388,5.4062,32,0.4375,17.0312
bowel preparation,GoLYTELY,9,7,72.7958,6.5111,6.28,25,0.6,20.12
bowel preparation,GaviLyte-G,10,1,46.7213,7.7352,8.5455,11,0.9091,12.9091
bowel preparation,Polyethylene glycol 3350,11,13,30.907,5.9481,4.5556,9,0.3333,21.6667
bowel preparation,Sodium biphosphate / sodium phosphate,12,8,30.6599,6.4455,5.625,8,0.5,18.125
bowel preparation,GaviLyte-N,13,9,24.4735,6.3838,5.1667,6,0.3333,5.8333
bowel preparation,MiraLax,14,15,24.4415,5.6794,3.4286,7,0.1429,26.2857
bowel preparation,OsmoPrep,15,6,22.6013,6.7594,6.2,5,0.6,25.6
breakthrough pain,Fentanyl,1,1,92.7392,8.2948,8.92,25,0.88,31.88
breakthrough pain,Actiq,2,3,36.8438,7.7455,8.875,8,0.875,38.625
breakthrough pain,Subsys,3,4,29.372,7.6616,9.0,6,0.8333,21.1667
breakthrough pain,Fentora,4,2,25.945,7.7594,9.6,5,1.0,39.8
breast cance,Anastrozole,1,10,178.8696,5.4145,5.2358,106,0.2925,67.8208
breast cance,Letrozole,2,4,140.4046,6.2788,6.1429,63,0.5714,82.0
breast cance,Arimidex,3,5,105.527,6.1769,5.9545,44,0.4773,102.2273
breast cance,Tamoxifen,4,7,89.0724,6.0606,5.75,36,0.5278,58.9722
breast cance,Exemestane,5,11,81.0635,5.1943,4.641,39,0.3077,46.641
breast cance,Femara,6,1,74.0045,6.6192,6.44,25,0.68,136.6
breast cance,Aromasin,7,6,42.1485,6.1564,5.3846,13,0.4615,71.4615
breast cance,Afinitor,8,2,30.1843,6.3455,5.375,8,0.5,19.875
breast cance,Everolimus,9,3,30.1843,6.3455,5.375,8,0.5,19.875
breast cance,Docetaxel,10,8,19.8477,5.9358,3.4,5,0.2,13.4
breast cance,Taxotere,11,9,19.8477,5.9358,3.4,5,0.2,13.4
breast cancer adjuvant,Letrozole,1,2,38.5803,6.3874,5.7273,11,0.4545,70.5455
breast cancer adjuvant,Femara,2,1,30.104,6.9952,7.0,7,0.5714,91.7143
breast cancer metastatic,Ibrance,1,7,61.6219,6.7713,6.6316,19,0.6842,32.9474
breast cancer metastatic,Palbociclib,2,8,61.6219,6.7713,6.6316,19,0.6842,32.9474
breast cancer metastatic,Letrozole,3,3,48.4471,7.0764,7.1538,13,0.6154,80.3846
breast cancer metastatic,Eribulin,4,1,38.033,7.9955,9.5,8,1.0,52.75
breast cancer metastatic,Capecitabine,5,9,34.866,6.71,6.3333,9,0.5556,20.6667
breast cancer metastatic,Halaven,6,2,33.9546,7.89,9.4286,7,1.0,58.0
breast cancer metastatic,Femara,7,4,33.2762,6.9955,7.0,8,0.625,114.625
breast cancer metastatic,Xeloda,8,11,27.839,6.4689,5.5714,7,0.4286,26.0
breast cancer metastatic,Fulvestrant,9,10,25.1124,6.5505,5.6667,6,0.5,37.5
breast cancer metastatic,Anastrozole,10,5,23.1914,6.9358,6.8,5,0.6,29.2
breast cancer metastatic,Faslodex,11,6,22.798,6.8182,6.4,5,0.6,44.4
bronchitis,Azithromycin,1,12,251.5791,6.5346,6.4923,130,0.6077,24.9
bronchitis,Levofloxacin,2,19,145.4213,5.5945,5.3766,77,0.4675,25.1299
bronchitis,Clarithromycin,3,21,144.1134,5.4386,5.2025,79,0.4177,21.9241
bronchitis,Levaquin,4,20,111.0432,5.5744,5.2593,54,0.463,30.0926
bronchitis,Guaifenesin,5,1,99.3509,7.3843,7.5312,32,0.7188,61.8125
bronchitis,Zithromax,6,7,92.3179,6.8616,6.8125,32,0.6562,41.5625
bronchitis,Amoxicillin / clavulanate,7,4,90.0078,7.0216,7.0333,30,0.6667,25.1667
bronchitis,Avelox,8,9,80.6131,6.6227,6.4643,28,0.5714,16.8214
bronchitis,Moxifloxacin,9,10,80.6131,6.6227,6.4643,28,0.5714,16.8214
bronchitis,Augmentin,10,2,67.0617,7.0909,7.15,20,0.7,32.4
bronchitis,Mucinex,11,3,67.0617,7.0909,7.15,20,0.7,86.4
bronchitis,Doxycycline,12,18,61.1164,5.6364,4.9583,24,0.3333,19.375
bronchitis,Cefdinir,13,22,58.5938,5.2408,4.4,25,0.32,9.08
bronchitis,Biaxin,14,17,53.7622,5.6847,4.9,20,0.45,29.15
bronchitis,Amoxicillin,15,11,42.4211,6.5795,6.1667,12,0.5,9.5833
bulimia,Fluoxetine,1,1,110.7318,8.0424,8.4242,33,0.8788,41.0606
bulimia,Prozac,2,2,74.8849,7.6336,8.0,21,0.8095,55.6667
bulimia,Topiramate,3,3,39.5963,7.0413,7.1,10,0.7,15.9
bulimia,Topamax,4,4,29.8775,6.9426,6.8571,7,0.7143,20.1429
burns external,Silver sulfadiazine,1,1,163.2043,9.2398,9.8261,46,0.9783,16.6304
burns external,Silvadene,2,2,26.3384,7.877,10.0,5,1.0,35.6
cervical dystonia,Botox,1,1,84.8132,7.366,7.5385,26,0.7692,26.6923
cervical dystonia,OnabotulinumtoxinA,2,2,84.8132,7.366,7.5385,26,0.7692,26.6923
cervical dystonia,Baclofen,3,3,29.9464,6.2955,5.25,8,0.625,18.875
chlamydia infection,Azithromycin,1,1,583.103,7.6003,7.6227,326,0.7515,7.1687
chlamydia infection,Doxycycline,2,2,98.1278,7.2934,7.4062,32,0.6875,13.25
chlamydia infection,Zithromax,3,3,40.1075,7.1322,7.3,10,0.7,15.9
chronic fatigue syndrome,Armodafinil,1,2,100.2682,7.4525,7.625,32,0.8125,45.9688
chronic fatigue syndrome,Nuvigil,2,3,88.0481,7.4336,7.6296,27,0.8148,51.7407
chronic fatigue syndrome,Modafinil,3,5,85.1776,6.9977,7.0,28,0.6429,35.6786
chronic fatigue syndrome,Lisdexamfetamine,4,1,34.4076,7.9952,9.7143,7,1.0,37.8571
chronic fatigue syndrome,Provigil,5,4,27.2422,7.1061,7.3333,6,0.8333,59.1667
chronic fatigue syndrome,Cymbalta,6,6,21.2245,6.3476,4.8,5,0.4,17.0
chronic fatigue syndrome,Duloxetine,7,7,21.2245,6.3476,4.8,5,0.4,17.0
chronic idiopathic constipation,Plecanatide,1,1,120.4226,7.4322,7.561,41,0.7317,23.2439
chronic idiopathic constipation,Trulance,2,2,120.4226,7.4322,7.561,41,0.7317,23.2439
chronic lymphocytic leukemia,Ibrutinib,1,2,45.7086,6.6764,6.3846,13,0.6154,13.1538
chronic lymphocytic leukemia,Imbruvica,2,3,35.7621,6.3595,5.6,10,0.5,13.3
chronic lymphocytic leukemia,Rituximab,3,1,25.7483,7.7005,9.4,5,1.0,29.4
chronic myelogenous leukemia,Imatinib,1,1,87.5942,8.3403,9.0435,23,0.913,25.3043
chronic myelogenous leukemia,Gleevec,2,2,77.7013,8.2159,8.95,20,0.9,27.95
chronic myelogenous leukemia,Nilotinib,3,5,77.3545,7.615,7.9545,22,0.7273,16.4545
chronic myelogenous leukemia,Tasigna,4,6,58.8312,7.3539,7.625,16,0.625,20.875
chronic myelogenous leukemia,Dasatinib,5,3,53.9242,7.8764,8.6923,13,1.0,12.0
chronic myelogenous leukemia,Sprycel,6,4,43.686,7.7686,8.7,10,1.0,15.0
chronic pain,Oxycodone,1,10,490.0868,7.914,7.9592,245,0.8204,38.8449
chronic pain,Acetaminophen / oxycodone,2,11,321.8282,7.9073,7.9857,140,0.8214,34.55
chronic pain,Fentanyl,3,8,295.1753,7.9919,8.0894,123,0.8618,29.0081
chronic pain,Methadone,4,1,291.7193,8.7076,8.8981,108,0.9074,58.1389
chronic pain,Buprenorphine,5,30,280.6459,5.961,5.8882,170,0.5412,28.7353
chronic pain,Morphine,6,19,274.2824,7.5181,7.5702,121,0.7273,30.0909
chronic pain,Tramadol,7,29,238.2016,6.0821,6.0,133,0.5489,26.797
chronic pain,Hydromorphone,8,4,236.7861,8.3122,8.4943,87,0.8851,44.8276
chronic pain,Duloxetine,9,27,193.357,6.3543,6.2737,95,0.6526,51.6842
chronic pain,OxyContin,10,9,185.5412,7.9229,8.0896,67,0.8358,63.0746
chronic pain,Cymbalta,11,26,182.0968,6.4481,6.3721,86,0.6628,56.814
chronic pain,Butrans,12,24,181.1936,6.5303,6.4643,84,0.6071,36.9762
chronic pain,Dilaudid,13,2,154.371,8.4652,8.8333,48,0.9167,57.0417
chronic pain,Fentanyl Transdermal System,14,17,128.2018,7.6347,7.814,43,0.8605,41.5116
chronic pain,MS Contin,15,16,116.9036,7.6382,7.8421,38,0.7368,50.1842
clostridial infection,Metronidazole,1,5,61.8184,6.0856,5.5909,22,0.4545,10.1818
clostridial infection,Fidaxomicin,2,1,27.2422,7.1061,7.3333,6,0.6667,13.0
clostridial infection,Dificid,3,2,23.1914,6.9358,6.8,5,0.6,15.6
clostridial infection,Flagyl,4,3,23.1914,6.9358,6.8,5,0.6,14.8
clostridial infection,Vancomycin,5,4,22.4046,6.7005,6.0,5,0.6,24.0
cluster headaches,Sumatriptan,1,2,175.3147,8.3416,8.6207,58,0.8793,8.3621
cluster headaches,Verapamil,2,1,155.7451,8.6764,9.1064,47,0.8723,21.5532
cluster headaches,Imitrex,3,3,75.3369,7.9659,8.55,20,0.9,14.95
cluster headaches,Tizanidine,4,11,55.4026,6.9253,6.875,16,0.625,36.5625
cluster headaches,Prednisone,5,4,37.5573,7.8955,9.25,8,1.0,11.625
cluster headaches,Indomethacin,6,5,36.3681,7.6455,8.625,8,1.0,6.125
cluster headaches,Lithium,7,7,32.5956,7.5742,8.5714,7,0.8571,21.8571
cluster headaches,Dihydroergotamine,8,6,25.5516,7.6417,9.2,5,1.0,5.6
cluster headaches,Cafergot,9,8,25.1582,7.5241,8.8,5,1.0,5.2
cluster headaches,Caffeine / ergotamine,10,9,25.1582,7.5241,8.8,5,1.0,5.2
cluster headaches,Zanaflex,11,10,23.9781,7.1711,7.6,5,0.8,54.2
cold sores,Valacyclovir,1,1,442.1563,9.0732,9.2135,178,0.927,18.1685
cold sores,Valtrex,2,2,336.0473,9.0434,9.2419,124,0.9274,23.8871
cold sores,Penciclovir,3,3,125.8147,8.5606,9.0833,36,0.9167,7.5833
cold sores,Acyclovir,4,5,118.1601,8.0398,8.3889,36,0.8611,9.1667
cold sores,Denavir,5,4,116.5452,8.4646,9.0,33,0.9091,8.0909
cold sores,Famciclovir,6,6,94.7297,7.9977,8.4444,27,0.8148,16.5185
cold sores,Zovirax Cream,7,9,48.9948,7.1564,7.3077,13,0.6923,9.7692
cold sores,Sitavig,8,7,32.5956,7.5742,8.5714,7,1.0,8.4286
cold sores,Famvir,9,8,32.3691,7.5215,8.4286,7,0.7143,28.1429
cold symptoms,Chlorpheniramine / hydrocodone,1,6,52.0072,7.5964,8.1538,13,0.6923,7.3077
cold symptoms,Tussionex Pennkinetic,2,7,44.883,7.4308,7.9091,11,0.6364,8.2727
cold symptoms,Dexbrompheniramine / pseudoephedrine,3,1,43.0314,8.2814,10.0,9,1.0,6.7778
cold symptoms,Echinacea,4,5,41.0519,7.9004,9.1111,9,0.8889,9.0
cold symptoms,Ephedrine / guaifenesin,5,3,37.7952,7.9455,9.375,8,1.0,6.625
cold symptoms,Drixoral Cold and Allergy,6,2,34.8606,8.1005,10.0,7,1.0,8.2857
cold symptoms,Pseudoephedrine / triprolidine,7,8,31.9161,7.4163,8.1429,7,0.8571,4.5714
cold symptoms,Chlorpheniramine / phenylephrine,8,4,30.4369,7.9394,9.8333,6,1.0,3.5
cold symptoms,Actifed,9,9,28.3071,7.3838,8.1667,6,0.8333,5.3333
cold symptoms,Acetaminophen / chlorpheniramine / phenylephrine,10,14,27.6125,6.4163,5.4286,7,0.4286,2.7143
cold symptoms,Acetaminophen / dextromethorphan / doxylamine / pseudoephedrine,11,10,24.5682,7.3476,8.2,5,0.8,3.0
cold symptoms,Vicks Nyquil D Cold and Flu Nighttime Relief,12,11,24.5682,7.3476,8.2,5,0.8,3.0
cold symptoms,Acetaminophen / chlorpheniramine,13,12,23.9781,7.1711,7.6,5,0.8,15.8
cold symptoms,Coricidin HBP Cold & Flu,14,13,23.9781,7.1711,7.6,5,0.8,15.8
colorectal cance,Capecitabine,1,1,43.4304,7.7231,8.6,10,0.8,39.0
colorectal cance,Xeloda,2,2,29.1591,7.6061,8.8333,6,0.8333,57.1667
condylomata acuminata,Podofilox,1,1,77.0557,7.5856,7.9091,22,0.7727,11.1818
condylomata acuminata,Condylox,2,2,27.2422,7.1061,7.3333,6,0.6667,18.3333
condylomata acuminata,Imiquimod,3,3,22.9947,6.877,6.6,5,0.6,11.4
conjunctivitis allergic,Bepotastine,1,2,54.7398,7.1818,7.3333,15,0.6667,4.4667
conjunctivitis allergic,Alcaftadine,2,4,54.1544,6.197,5.6667,18,0.5556,17.5556
conjunctivitis allergic,Lastacaft,3,5,54.1544,6.197,5.6667,18,0.5556,17.5556
conjunctivitis allergic,Bepreve,4,3,51.1948,7.0734,7.1429,14,0.6429,4.7857
conjunctivitis allergic,Ketotifen,5,1,38.2709,8.0455,9.625,8,1.0,15.125
conjunctivitis bacterial,Moxifloxacin,1,4,45.3762,7.0379,7.0833,12,0.6667,10.0
conjunctivitis bacterial,Vigamox,2,5,35.8557,6.9004,6.7778,9,0.6667,10.7778
conjunctivitis bacterial,Tobramycin,3,1,25.7483,7.7005,9.4,5,1.0,11.6
conjunctivitis bacterial,Polymyxin b / trimethoprim,4,6,24.4735,6.3838,5.1667,6,0.5,19.5
conjunctivitis bacterial,Dexamethasone / tobramycin,5,2,23.5847,7.0535,7.2,5,0.8,20.6
conjunctivitis bacterial,TobraDex,6,3,23.5847,7.0535,7.2,5,0.8,20.6
constipation,Bisacodyl,1,20,734.0042,5.715,5.6914,648,0.4784,9.6667
constipation,Dulcolax,2,21,571.6442,5.6541,5.62,471,0.4628,11.5138
constipation,Magnesium citrate,3,1,490.4996,8.8915,9.0,210,0.9143,33.2952
constipation,Polyethylene glycol 3350,4,4,320.4591,8.5211,8.6667,126,0.8651,53.3413
constipation,Magnesium hydroxide,5,6,285.0189,8.5076,8.6759,108,0.8796,27.2593
constipation,MiraLax,6,3,257.8088,8.6087,8.8172,93,0.8817,69.0323
constipation,Phillips' Milk of Magnesia,7,7,256.4908,8.4291,8.6105,95,0.8737,29.1263
constipation,Linaclotide,8,13,133.5612,7.2116,7.2653,49,0.6939,32.6531
constipation,Linzess,9,14,133.5612,7.2116,7.2653,49,0.6939,32.6531
constipation,Senna,10,17,125.2076,6.1163,5.9286,56,0.5,14.4107
constipation,Sodium biphosphate / sodium phosphate,11,2,102.9299,8.69,9.4444,27,0.963,12.963
constipation,Fleet Enema,12,5,83.5058,8.5124,9.381,21,0.9524,14.2381
constipation,Dulcolax Laxative,13,15,78.7532,6.8397,6.7692,26,0.6154,5.3077
constipation,Senokot,14,18,65.9356,6.0808,5.625,24,0.4583,22.7917
constipation,Correctol,15,19,59.4269,6.0579,5.5238,21,0.4286,12.7619
constipation acute,Lactulose,1,4,53.7002,7.4196,7.7857,14,0.7857,29.0714
constipation acute,Docusate / senna,2,3,46.4587,7.6917,8.4545,11,0.8182,18.0
constipation acute,Polyethylene glycol 3350,3,1,44.4529,7.905,9.0,10,0.9,53.1
constipation acute,MiraLax,4,2,40.8044,7.8528,9.0,9,0.8889,58.3333
constipation chronic,Linaclotide,1,5,454.9069,7.346,7.3633,245,0.6898,43.4
constipation chronic,Linzess,2,6,445.1991,7.3012,7.3167,240,0.6833,44.2958
constipation chronic,Lubiprostone,3,8,224.1899,6.7387,6.7103,107,0.6262,36.5234
constipation chronic,Amitiza,4,7,219.5196,6.7406,6.7115,104,0.625,37.5481
constipation chronic,Lactulose,5,1,87.5942,8.3403,9.0435,23,0.9565,44.913
constipation chronic,Polyethylene glycol 3350 with electrolytes,6,4,49.0848,8.1265,9.3636,11,1.0,13.9091
constipation chronic,Tegaserod,7,2,46.7534,8.3141,9.9,10,1.0,13.6
constipation chronic,Zelnorm,8,3,46.7534,8.3141,9.9,10,1.0,13.6
constipation drug induced,Naloxegol,1,5,164.8448,4.8204,4.5856,111,0.3604,24.7117
constipation drug induced,Movantik,2,6,162.2877,4.7779,4.5364,110,0.3545,24.9364
constipation drug induced,Methylnaltrexone,3,1,87.6121,7.1977,7.2857,28,0.6786,26.2143
constipation drug induced,Relistor,4,2,87.6121,7.1977,7.2857,28,0.6786,26.2143
constipation drug induced,Amitiza,5,3,44.7923,6.1888,5.5,14,0.4286,23.9286
constipation drug induced,Lubiprostone,6,4,44.7923,6.1888,5.5,14,0.4286,23.9286
copd,Roflumilast,1,3,94.1223,7.9464,8.3704,27,0.8148,48.6296
copd,Daliresp,2,6,87.6022,7.8354,8.24,25,0.8,52.16
copd,Symbicort,3,7,80.9926,7.7117,8.087,23,0.7391,57.1304
copd,Umeclidinium / vilanterol,4,2,72.7973,8.3303,9.2222,18,0.9444,40.3889
copd,Anoro Ellipta,5,1,71.2813,8.5141,9.5882,17,1.0,42.7647
copd,Breo Ellipta,6,9,58.8675,7.0314,7.0588,17,0.6471,35.2353
copd,Fluticasone / vilanterol,7,10,58.8675,7.0314,7.0588,17,0.6471,35.2353
copd,Olodaterol / tiotropium,8,12,37.2958,6.6322,6.2,10,0.5,25.9
copd,Stiolto Respimat,9,11,35.1134,6.7576,6.4444,9,0.5556,28.7778
copd,Aclidinium,10,4,33.7281,7.8373,9.2857,7,1.0,33.0
copd,Tudorza Pressair,11,5,33.7281,7.8373,9.2857,7,1.0,33.0
copd,Prednisone,12,8,25.3549,7.5829,9.0,5,1.0,46.0
copd acute,Albuterol,1,1,33.3814,6.4242,5.6667,9,0.5556,13.5556
copd maintenance,Tiotropium,1,6,159.0283,6.9469,6.9385,65,0.6,59.9846
copd maintenance,Spiriva,2,8,146.8914,6.9001,6.8814,59,0.5763,65.2881
copd maintenance,Albuterol / ipratropium,3,5,78.8393,7.0516,7.08,25,0.68,19.44
copd maintenance,Fluticasone / salmeterol,4,4,74.391,7.0831,7.1304,23,0.6522,17.6087
copd maintenance,Advair Diskus,5,10,61.9154,6.8035,6.6842,19,0.5789,20.2105
copd maintenance,Combivent,6,1,54.198,7.9164,8.7692,13,0.9231,18.7692
copd maintenance,Albuterol,7,7,47.3517,6.9164,6.8462,13,0.6154,28.8462
copd maintenance,Symbicort,8,9,41.2064,6.8221,6.6364,11,0.5455,37.3636
copd maintenance,Daliresp,9,13,38.1228,5.9129,4.8333,12,0.3333,35.9167
copd maintenance,Roflumilast,10,14,38.1228,5.9129,4.8333,12,0.3333,35.9167
copd maintenance,Combivent Respimat,11,15,28.0437,5.8955,4.25,8,0.25,21.75
copd maintenance,Ipratropium,12,2,24.1748,7.23,7.8,5,0.8,16.2
copd maintenance,Spiriva Respimat,13,3,23.7814,7.1123,7.4,5,0.8,8.8
copd maintenance,Breo Ellipta,14,11,21.6178,6.4652,5.2,5,0.4,10.8
copd maintenance,Fluticasone / vilanterol,15,12,21.6178,6.4652,5.2,5,0.4,10.8
cough,Benzonatate,1,22,340.2416,5.0521,4.9672,274,0.438,19.0182
cough,Chlorpheniramine / hydrocodone,2,1,257.7913,9.0496,9.3333,87,0.9425,12.2299
cough,Tussionex Pennkinetic,3,2,220.4015,9.011,9.3521,71,0.9437,12.9718
cough,Homatropine / hydrocodone,4,6,203.8211,7.7657,7.8846,78,0.7692,14.9231
cough,Dextromethorphan,5,23,192.7445,4.076,3.8713,171,0.269,6.9474
cough,Tessalon Perles,6,17,141.4009,6.4782,6.377,61,0.5574,31.1148
cough,Codeine / guaifenesin,7,19,123.2699,6.2755,6.1132,53,0.5094,20.3019
cough,Codeine / promethazine,8,11,122.611,7.1769,7.2273,44,0.6818,16.0455
cough,Delsym,9,24,122.1,3.7492,3.375,104,0.2019,8.9808
cough,Guaifenesin,10,18,118.077,6.3756,6.2245,49,0.5918,18.2449
cough,Hycodan,11,4,99.48,8.1727,8.6786,28,0.8929,14.3929
cough,Hydromet,12,7,88.7523,7.7081,8.0385,26,0.7308,25.1154
cough,Acetaminophen / hydrocodone,13,3,80.6567,8.5284,9.45,20,0.95,41.75
cough,Mucinex,14,16,76.8109,6.4849,6.2593,27,0.5926,27.2963
cough,Cheratussin AC,15,21,69.8256,5.8951,5.4074,27,0.4074,27.2222
cough and nasal congestion,Guaifenesin / pseudoephedrine,1,8,320.839,6.5837,6.5562,178,0.6404,14.0169
cough and nasal congestion,Mucinex D,2,10,288.6655,6.5083,6.4713,157,0.6306,15.5096
cough and nasal congestion,Brompheniramine / dextromethorphan / pseudoephedrine,3,11,56.7761,6.497,6.1667,18,0.6111,7.7778
cough and nasal congestion,Chlorpheniramine / hydrocodone / pseudoephedrine,4,1,54.7787,8.4962,10.0,12,1.0,7.5
cough and nasal congestion,Zutripro,5,2,54.7787,8.4962,10.0,12,1.0,7.5
cough and nasal congestion,Bromfed DM,6,6,44.033,6.8295,6.6667,12,0.6667,10.9167
cough and nasal congestion,Mucinex D Maximum Strength,7,7,42.9584,6.6629,6.3333,12,0.5833,0.6667
cough and nasal congestion,Dextromethorphan / guaifenesin / pseudoephedrine,8,4,29.798,7.7727,9.3333,6,1.0,2.1667
cough and nasal congestion,Chlorpheniramine / dextromethorphan / phenylephrine,9,5,28.5201,7.4394,8.3333,6,0.8333,5.6667
cough and nasal congestion,Chlorpheniramine / dextromethorphan / pseudoephedrine,10,3,26.1417,7.8182,9.8,5,1.0,5.2
cough and nasal congestion,Chlorpheniramine / dextromethorphan,11,9,21.8145,6.5241,5.4,5,0.4,6.6
crohn s,Adalimumab,1,9,79.8299,6.388,6.1379,29,0.5172,23.7586
crohn s,Humira,2,10,79.8299,6.388,6.1379,29,0.5172,23.7586
crohn s,Mesalamine,3,5,76.7916,7.3117,7.4783,23,0.7391,9.2174
crohn s,Infliximab,4,12,38.0551,6.3004,5.5455,11,0.3636,7.6364
crohn s,Cholestyramine,5,1,37.5573,7.8955,9.25,8,0.875,39.375
crohn s,Vedolizumab,6,14,37.2191,5.4364,4.0,13,0.2308,9.2308
crohn s,Pentasa,7,3,36.606,7.6955,8.75,8,0.875,8.5
crohn s,Entyvio,8,13,36.2423,5.6212,4.25,12,0.25,9.6667
crohn s,Remicade,9,11,33.1339,6.3766,5.5556,9,0.3333,8.7778
crohn s,Asacol,10,4,28.5201,7.4394,8.3333,6,0.8333,10.1667
crohn s,Azathioprine,11,8,25.9643,6.7727,6.3333,6,0.6667,11.0
crohn s,Sulfasalazine,12,2,25.945,7.7594,9.6,5,1.0,12.0
crohn s,Budesonide,13,6,24.1748,7.23,7.8,5,0.8,17.8
crohn s,Balsalazide,14,7,23.7814,7.1123,7.4,5,0.8,8.8
crohn s acute,Infliximab,1,4,38.3182,6.8141,6.6,10,0.6,7.9
crohn s acute,Remicade,2,5,38.3182,6.8141,6.6,10,0.6,7.9
crohn s acute,Metronidazole,3,1,31.4631,7.311,7.8571,7,0.8571,3.5714
crohn s acute,Adalimumab,4,2,26.6033,6.9394,6.8333,6,0.6667,25.6667
crohn s acute,Humira,5,3,26.6033,6.9394,6.8333,6,0.6667,25.6667
crohn s maintenance,Mesalamine,1,1,135.424,7.9269,8.1818,44,0.8636,20.4318
crohn s maintenance,Adalimumab,2,5,114.1716,7.6104,7.8108,37,0.7838,41.5405
crohn s maintenance,Humira,3,6,114.1716,7.6104,7.8108,37,0.7838,41.5405
crohn s maintenance,Pentasa,4,2,109.553,7.7806,8.0588,34,0.8529,22.3824
crohn s maintenance,Infliximab,5,7,90.6551,7.4477,7.6429,28,0.7857,30.1786
crohn s maintenance,Remicade,6,8,90.6551,7.4477,7.6429,28,0.7857,30.1786
crohn s maintenance,Azathioprine,7,10,39.5963,7.0413,7.1,10,0.8,20.7
crohn s maintenance,Imuran,8,11,35.8557,6.9004,6.7778,9,0.7778,22.5556
crohn s maintenance,Asacol,9,9,31.9161,7.4163,8.1429,7,0.8571,17.4286
crohn s maintenance,Certolizumab,10,3,29.585,7.7172,9.1667,6,0.8333,17.1667
crohn s maintenance,Cimzia,11,4,29.585,7.7172,9.1667,6,0.8333,17.1667
crohn s maintenance,Mercaptopurine,12,12,27.0923,5.6955,3.75,8,0.25,8.5
cyclic vomiting syndrome,Amitriptyline,1,1,79.179,8.3722,9.2,20,0.95,15.5
cyclic vomiting syndrome,Nortriptyline,2,2,24.9616,7.4652,8.6,5,1.0,9.0
deep vein thrombosis,Rivaroxaban,1,8,93.359,6.3523,6.1389,36,0.5556,26.75
deep vein thrombosis,Xarelto,2,7,89.0083,6.4646,6.2727,33,0.5758,28.9091
deep vein thrombosis,Enoxaparin,3,1,29.372,7.6616,9.0,6,1.0,23.0
deep vein thrombosis,Lovenox,4,2,29.372,7.6616,9.0,6,1.0,23.0
deep vein thrombosis,Dabigatran,5,3,26.1773,6.8283,6.5,6,0.5,12.0
deep vein thrombosis,Pradaxa,6,4,26.1773,6.8283,6.5,6,0.5,12.0
deep vein thrombosis,Apixaban,7,5,22.2079,6.6417,5.8,5,0.4,28.4
deep vein thrombosis,Eliquis,8,6,22.2079,6.6417,5.8,5,0.4,28.4
dental abscess,Metronidazole,1,3,169.5849,6.6541,6.6,75,0.5467,23.7733
dental abscess,Amoxicillin,2,4,55.831,5.9034,5.25,20,0.4,23.2
dental abscess,Flagyl,3,1,31.9161,7.4163,8.1429,7,0.7143,52.2857
dental abscess,Clarithromycin,4,2,22.4046,6.7005,6.0,5,0.6,26.0
depression,Bupropion,1,35,1054.5926,7.3806,7.3869,747,0.7242,55.7925
depression,Sertraline,2,52,932.5883,7.1376,7.1403,663,0.6953,54.9382
depression,Desvenlafaxine,3,50,838.6119,7.1605,7.164,573,0.6998,40.6928
depression,Pristiq,4,47,822.3191,7.2013,7.2058,554,0.704,41.9675
depression,Escitalopram,5,28,815.8127,7.5463,7.5592,515,0.7592,43.4524
depression,Citalopram,6,30,804.2151,7.4608,7.4717,513,0.7388,40.2749
depression,Venlafaxine,7,74,768.035,6.5493,6.5401,574,0.6237,32.3972
depression,Lexapro,8,27,690.1324,7.6022,7.6201,408,0.7721,52.3676
depression,Fluoxetine,9,42,638.1752,7.2578,7.266,391,0.7059,45.0281
depression,Zoloft,10,48,624.8874,7.1757,7.1813,386,0.7098,80.0777
depression,Duloxetine,11,76,621.5615,6.5031,6.4897,437,0.6041,46.7071
depression,Vilazodone,12,71,596.6494,6.5845,6.5725,407,0.5995,51.5037
depression,Cymbalta,13,75,593.6319,6.5033,6.4891,411,0.6034,49.4258
depression,Vortioxetine,14,80,590.2083,5.9615,5.9345,458,0.5393,45.9869
depression,Viibryd,15,72,585.5868,6.5841,6.5718,397,0.5995,52.7834
dermatitis,Triamcinolone,1,2,71.6321,8.197,9.0,18,0.8889,19.5
dermatitis,Clobetasol,2,1,68.5455,8.5682,9.75,16,1.0,18.0
dermatitis,Fluocinonide,3,3,44.7085,7.9504,9.1,10,0.9,21.6
dermatitis,Desonide,4,5,35.6546,7.4955,8.25,8,0.875,19.75
dermatitis,Prednisolone,5,7,27.6682,7.2172,7.6667,6,0.8333,13.1667
dermatitis,Betamethasone,6,4,25.945,7.7594,9.6,5,1.0,13.4
dermatitis,Hydrocortisone,7,6,24.1748,7.23,7.8,5,0.8,8.0
dermatological disorders,Betamethasone,1,1,41.5467,7.9957,9.3333,9,1.0,27.6667
dermatological disorders,Urea,2,2,30.224,7.8838,9.6667,6,1.0,28.6667
dermatological disorders,Silver,3,3,29.798,7.7727,9.3333,6,1.0,9.3333
dermatological disorders,Hydroquinone,4,4,19.651,5.877,3.2,5,0.2,39.6
diabetes type 1,"Insulin inhalation, rapid acting",1,1,100.2682,7.4525,7.625,32,0.75,41.7812
diabetes type 1,Afrezza,2,3,97.1306,7.3932,7.5484,31,0.7419,42.9032
diabetes type 1,Insulin degludec,3,6,59.0872,5.626,4.913,23,0.3913,13.4783
diabetes type 1,Tresiba,4,5,57.3368,5.6444,4.9091,22,0.4091,14.0909
diabetes type 1,Insulin glargine,5,4,43.7302,5.7374,4.7333,15,0.4,12.2667
diabetes type 1,Lantus,6,2,28.5201,7.4394,8.3333,6,0.8333,24.6667
diabetes type 2,Liraglutide,1,1,650.8854,7.8919,7.922,359,0.7967,29.6852
diabetes type 2,Victoza,2,2,641.1746,7.8899,7.9205,352,0.7983,30.2074
diabetes type 2,Exenatide,3,12,450.5697,7.2759,7.2898,245,0.698,25.7755
diabetes type 2,Dulaglutide,4,47,433.7154,6.0319,5.9933,299,0.5318,18.6388
diabetes type 2,Trulicity,5,48,421.0014,6.0063,5.9654,289,0.526,19.2768
diabetes type 2,Bydureon,6,19,331.4079,6.9778,6.9767,172,0.6744,24.4535
diabetes type 2,Canagliflozin,7,40,327.1203,6.2448,6.199,196,0.551,37.75
diabetes type 2,Invokana,8,38,321.6574,6.2606,6.2147,191,0.555,38.7068
diabetes type 2,Metformin,9,37,209.6523,6.3018,6.2243,107,0.5888,44.5514
diabetes type 2,Byetta,10,3,188.5431,7.8754,8.029,69,0.7536,30.5072
diabetes type 2,Sitagliptin,11,50,140.1867,5.9862,5.806,67,0.4627,46.8955
diabetes type 2,Empagliflozin,12,27,134.5853,6.7562,6.7037,54,0.6111,30.3333
diabetes type 2,Insulin glargine,13,23,131.4425,6.8874,6.8627,51,0.5686,15.4314
diabetes type 2,Januvia,14,46,131.4182,6.096,5.9167,60,0.4667,52.0667
diabetes type 2,Jardiance,15,26,129.0191,6.7605,6.7059,51,0.6275,32.0392
diabetic peripheral neuropathy,Pregabalin,1,8,116.8019,6.5069,6.383,47,0.5319,48.1064
diabetic peripheral neuropathy,Lyrica,2,7,113.9726,6.5598,6.4444,45,0.5556,50.1111
diabetic peripheral neuropathy,Gabapentin,3,5,100.3942,6.692,6.5946,37,0.6486,24.2973
diabetic peripheral neuropathy,Duloxetine,4,6,87.6591,6.6723,6.5484,31,0.6452,35.5161
diabetic peripheral neuropathy,Cymbalta,5,4,84.2647,6.9227,6.8929,28,0.6786,39.0714
diabetic peripheral neuropathy,Nucynta ER,6,1,35.4168,7.4455,8.125,8,0.875,21.375
diabetic peripheral neuropathy,Tapentadol,7,2,35.4168,7.4455,8.125,8,0.875,21.375
diabetic peripheral neuropathy,Topiramate,8,3,33.7519,7.0955,7.25,8,0.875,40.375
diarrhea,Atropine / diphenoxylate,1,3,128.3711,7.9228,8.1951,41,0.8293,36.0244
diarrhea,Lomotil,2,7,90.4778,7.6387,7.9259,27,0.8148,49.5926
diarrhea,Loperamide,3,2,85.1937,8.1117,8.6957,23,0.8696,17.2609
diarrhea,Opium,4,1,67.1169,8.3896,9.4375,16,1.0,18.125
diarrhea,Bismuth subsalicylate,5,4,33.9546,7.89,9.4286,7,1.0,10.2857
diarrhea,Saccharomyces boulardii lyo,6,9,32.3691,7.5215,8.4286,7,0.8571,35.1429
diarrhea,Paregoric,7,5,30.011,7.8283,9.5,6,1.0,31.6667
diarrhea,Pepto-Bismol,8,6,29.798,7.7727,9.3333,6,1.0,11.0
diarrhea,Imodium A-D,9,11,27.2422,7.1061,7.3333,6,0.6667,22.3333
diarrhea,Florastor,10,8,25.3549,7.5829,9.0,5,0.8,47.8
diarrhea,Imodium,11,10,24.3715,7.2888,8.0,5,0.8,18.6
diarrhea chronic,Colesevelam,1,1,122.9705,8.9313,9.6364,33,0.9697,54.5455
diarrhea chronic,Welchol,2,2,75.7103,8.6636,9.7778,18,1.0,93.0
diarrhea chronic,Loperamide,3,3,38.7465,8.1455,9.875,8,1.0,24.0
dietary supplementation,Multivitamin,1,4,117.8989,6.4652,6.3333,48,0.5833,30.2917
dietary supplementation,Ubiquinone,2,1,36.606,7.6955,8.75,8,0.875,32.75
dietary supplementation,Biotin,3,5,33.3814,6.4242,5.6667,9,0.4444,22.3333
dietary supplementation,Omega-3 polyunsaturated fatty acids,4,6,31.6493,6.0909,4.8889,9,0.4444,19.8889
dietary supplementation,CoQ10,5,2,24.5682,7.3476,8.2,5,0.8,38.2
dietary supplementation,Chondroitin / glucosamine,6,3,23.388,6.9947,7.0,5,0.6,10.6
diverticulitis,Metronidazole,1,2,234.9076,6.8692,6.8559,111,0.6577,38.2883
diverticulitis,Flagyl,2,3,121.1782,6.8605,6.8261,46,0.6957,52.9348
diverticulitis,Ciprofloxacin,3,4,49.4026,6.1753,5.5625,16,0.4375,31.125
diverticulitis,Cipro,4,1,35.8557,6.9004,6.7778,9,0.6667,49.1111
dry eye,Lifitegrast,1,1,161.0605,5.7032,5.5233,86,0.4651,14.0233
dry eye,Xiidra,2,2,155.3545,5.7012,5.5122,82,0.4634,14.7073
dry eye,Ocular lubricant,3,4,38.0815,4.5486,2.8235,17,0.2353,5.7059
dry eye,Systane,4,3,19.1489,4.995,1.0,6,0.0,12.3333
dry skin,Emollients,1,5,106.3599,6.5643,6.439,41,0.6341,9.1951
dry skin,EpiCeram,2,4,53.1434,7.3427,7.6429,14,0.7857,18.6429
dry skin,Urea,3,1,42.0416,8.0909,9.5556,9,1.0,21.2222
dry skin,Ammonium lactate,4,2,34.6341,8.0479,9.8571,7,1.0,36.7143
dry skin,Biafine,5,3,34.6341,8.0479,9.8571,7,1.0,9.4286
duodenal ulce,Sucralfate,1,1,41.5467,7.9957,9.3333,9,1.0,45.4444
duodenal ulce,Carafate,2,2,25.5516,7.6417,9.2,5,1.0,58.4
duodenal ulce,Pantoprazole,3,3,22.9947,6.877,6.6,5,0.6,19.6
dysautonomia,Midodrine,1,1,29.798,7.7727,9.3333,6,1.0,24.1667
dysautonomia,Pyridostigmine,2,3,27.4552,7.1616,7.5,6,0.8333,8.6667
dysautonomia,Alprazolam,3,2,25.945,7.7594,9.6,5,1.0,15.6
dysautonomia,Mestinon,4,4,23.5847,7.0535,7.2,5,0.8,9.0
dysuria,Phenazopyridine,1,3,144.4927,6.7875,6.7458,59,0.6441,14.7458
dysuria,Uricalm,2,2,60.0223,7.1693,7.2941,17,0.7059,18.4706
dysuria,Pyridium,3,4,48.9679,6.7657,6.5714,14,0.6429,20.0714
dysuria,Azo-Standard,4,1,32.1426,7.4689,8.2857,7,1.0,18.0
eczema,Mometasone,1,1,104.6531,8.5977,9.2857,28,0.9286,20.8571
eczema,Elocon,2,2,80.6567,8.5284,9.45,20,0.95,26.2
eczema,Desonide,3,3,70.4153,8.4107,9.4118,17,1.0,21.8824
eczema,Elidel,4,9,66.6125,7.3197,7.5263,19,0.6842,17.1579
eczema,Pimecrolimus,5,10,66.6125,7.3197,7.5263,19,0.6842,17.1579
eczema,Dupilumab,6,5,60.8312,7.6039,8.0625,16,0.8125,18.0
eczema,Dupixent,7,7,57.2804,7.5152,7.9333,15,0.8,18.9333
eczema,Hydrocortisone,8,4,44.9641,7.9959,9.2,10,1.0,9.8
eczema,Halobetasol,9,6,35.8925,7.5455,8.375,8,0.875,10.25
eczema,Desoximetasone,10,8,35.4168,7.4455,8.125,8,0.75,19.0
eczema,Prednisone,11,11,34.4654,7.2455,7.625,8,0.75,36.875
edema,Furosemide,1,2,119.1998,7.3568,7.4634,41,0.6829,64.1951
edema,Lasix,2,3,73.7692,7.262,7.4091,22,0.6818,86.2273
edema,Hydrochlorothiazide / triamterene,3,7,45.9824,6.7164,6.4615,13,0.6154,24.9231
edema,Spironolactone,4,1,36.3681,7.6455,8.625,8,1.0,38.25
edema,Triamterene,5,6,26.1773,6.8283,6.5,6,0.8333,25.5
edema,Bumetanide,6,4,23.9781,7.1711,7.6,5,0.8,20.4
edema,Hydrochlorothiazide,7,5,23.388,6.9947,7.0,5,0.8,42.2
emale infertility,Clomiphene,1,2,117.9039,7.1465,7.1905,42,0.6667,74.881
emale infertility,Clomid,2,1,100.9409,7.3313,7.4545,33,0.697,92.7879
emale infertility,Metformin,3,3,23.5847,7.0535,7.2,5,0.6,23.8
emergency contraception,Levonorgestrel,1,3,2191.6494,8.4618,8.4724,1651,0.8419,13.5542
emergency contraception,Plan B,2,1,1291.3066,8.674,8.6996,789,0.8682,12.0811
emergency contraception,Plan B One-Step,3,2,984.7361,8.647,8.683,552,0.8623,19.7971
emergency contraception,Ulipristal,4,5,183.0403,7.2548,7.2973,74,0.6892,9.1486
emergency contraception,ella,5,7,175.0192,7.1555,7.1831,71,0.6761,9.5352
emergency contraception,Aftera,6,8,174.239,6.9059,6.8919,74,0.6757,6.9595
emergency contraception,Next Choice,7,4,133.5936,7.8198,8.0455,44,0.8409,14.4091
emergency contraception,My Way,8,6,72.8729,7.1738,7.2727,22,0.7273,5.5455
emergency contraception,EContra EZ,9,9,20.6344,6.1711,4.2,5,0.2,4.0
endometriosis,Leuprolide,1,22,185.5115,5.7799,5.6373,102,0.5098,21.1078
endometriosis,Ethinyl estradiol / levonorgestrel,2,16,158.1033,6.2664,6.1486,74,0.527,8.2432
endometriosis,Lupron Depot,3,19,153.829,5.9762,5.8158,76,0.5263,22.8421
endometriosis,Ethinyl estradiol / norethindrone,4,15,129.4222,6.3222,6.1786,56,0.5714,8.0
endometriosis,Medroxyprogesterone,5,17,121.7589,6.1986,6.0189,53,0.5849,19.8302
endometriosis,Depo-Provera,6,14,112.3466,6.3605,6.1957,46,0.6087,22.3913
endometriosis,Ethinyl estradiol / norgestimate,7,13,101.2163,6.3636,6.175,40,0.55,8.375
endometriosis,Norethindrone,8,18,71.9515,6.0746,5.6667,27,0.4444,15.1481
endometriosis,Goserelin,9,8,70.4536,6.4975,6.25,24,0.5417,21.125
endometriosis,Zoladex,10,9,70.4536,6.4975,6.25,24,0.5417,21.125
endometriosis,Seasonique,11,24,68.0033,5.7413,5.1852,27,0.4444,10.9259
endometriosis,Loestrin 24 Fe,12,11,53.671,6.4107,6.0,17,0.5294,12.7647
endometriosis,Lupron,13,23,48.1858,5.7555,4.8824,17,0.4706,22.2353
endometriosis,Microgestin Fe 1 / 20,14,4,42.5195,7.0395,7.0909,11,0.6364,10.2727
endometriosis,Sprintec,15,10,41.8838,6.4962,6.0,12,0.5833,7.8333
epilepsy,Levetiracetam,1,17,153.8015,6.2881,6.169,71,0.5493,16.6901
epilepsy,Carbamazepine,2,11,143.682,6.9262,6.9123,57,0.6842,13.8772
epilepsy,Divalproex sodium,3,7,140.4953,7.1524,7.1887,53,0.717,16.2264
epilepsy,Keppra,4,19,103.1665,6.1438,5.907,43,0.5349,24.0698
epilepsy,Depakote,5,9,102.2307,7.1045,7.1429,35,0.7143,19.0571
epilepsy,Tegretol,6,14,86.0401,6.7121,6.6,30,0.6333,17.9
epilepsy,Phenytoin,7,2,85.1162,7.3923,7.5769,26,0.8462,8.3846
epilepsy,Dilantin,8,5,71.3177,7.27,7.4286,21,0.8095,9.7619
epilepsy,Lamotrigine,9,12,57.1353,6.8245,6.7059,17,0.5882,4.5294
epilepsy,Depakote ER,10,3,52.865,7.3042,7.5714,14,0.7857,13.1429
epilepsy,Perampanel,11,18,47.1178,6.1818,5.5333,15,0.4667,10.2
epilepsy,Fycompa,12,16,46.1842,6.3811,5.8571,14,0.5,10.7857
epilepsy,Gabapentin,13,13,38.0626,6.7686,6.5,10,0.7,19.4
epilepsy,Felbamate,14,1,35.4168,7.4455,8.125,8,0.875,6.5
epilepsy,Carbatrol,15,4,34.7032,7.2955,7.75,8,0.75,12.125
erectile dysfunction,Tadalafil,1,2,708.1849,8.6592,8.7155,355,0.8761,51.0113
erectile dysfunction,Cialis,2,1,650.2807,8.697,8.7619,315,0.8825,56.6444
erectile dysfunction,Sildenafil,3,4,445.1884,8.4024,8.4874,199,0.8442,48.9447
erectile dysfunction,Viagra,4,3,343.5557,8.5327,8.6667,138,0.8623,61.4638
erectile dysfunction,Vardenafil,5,7,302.5923,8.0942,8.2,125,0.856,57.608
erectile dysfunction,Levitra,6,8,248.3027,7.9719,8.0918,98,0.8367,54.8265
erectile dysfunction,Alprostadil,7,10,200.3216,7.6323,7.7308,78,0.7949,48.1538
erectile dysfunction,Avanafil,8,11,98.5374,6.4382,6.2632,38,0.6053,32.3684
erectile dysfunction,Stendra,9,12,93.359,6.3523,6.1389,36,0.5833,34.1389
erectile dysfunction,Edex,10,6,90.624,8.1057,8.64,25,0.92,55.16
erectile dysfunction,Staxyn,11,5,84.525,8.3209,9.0455,22,1.0,82.4091
erectile dysfunction,Muse,12,14,61.5196,6.0562,5.5455,22,0.5,61.5455
erectile dysfunction,Caverject Impulse,13,9,29.798,7.7727,9.3333,6,1.0,50.0
erectile dysfunction,Yohimbine,14,13,21.0278,6.2888,4.6,5,0.4,8.4
erosive esophagitis,Dexlansoprazole,1,1,51.8236,8.0379,9.0833,12,1.0,29.3333
erosive esophagitis,Pantoprazole,2,9,39.0851,6.9504,6.9,10,0.7,28.1
erosive esophagitis,Dexilant,3,2,37.7952,7.9455,9.375,8,1.0,37.875
erosive esophagitis,Omeprazole,4,4,37.0817,7.7955,9.0,8,1.0,24.625
erosive esophagitis,Esomeprazole,5,5,29.585,7.7172,9.1667,6,1.0,18.3333
erosive esophagitis,Nexium,6,6,29.585,7.7172,9.1667,6,1.0,18.3333
erosive esophagitis,Rabeprazole,7,7,28.7331,7.495,8.5,6,0.8333,17.5
erosive esophagitis,Lansoprazole,8,3,26.3384,7.877,10.0,5,1.0,19.4
erosive esophagitis,Aciphex,9,8,24.5682,7.3476,8.2,5,0.8,19.2
extrapyramidal reaction,Benztropine,1,1,45.4082,7.5178,8.0909,11,0.8182,24.0909
extrapyramidal reaction,Trihexyphenidyl,2,2,31.9161,7.4163,8.1429,7,0.8571,5.0
extrapyramidal reaction,Cogentin,3,3,26.6033,6.9394,6.8333,6,0.6667,31.5
eye redness,Ocular lubricant,1,2,107.7417,7.4874,7.6571,35,0.7714,14.7143
eye redness,FreshKote,2,1,38.2709,8.0455,9.625,8,1.0,23.625
eye redness,Systane,3,3,19.8477,5.9358,3.4,5,0.2,27.8
eye redness itching,Naphazoline / pheniramine,1,1,49.8164,7.2764,7.5385,13,0.7692,6.7692
eye redness itching,Opcon-A,2,2,35.6083,6.8528,6.6667,9,0.6667,9.1111
eye redness itching,Tetrahydrozoline / zinc sulfate,3,3,29.8831,5.3141,3.3,10,0.2,4.4
eye redness itching,Visine Totality Multi-Symptom Relief,4,4,29.8831,5.3141,3.3,10,0.2,4.4
gas,Simethicone,1,2,37.3403,7.1862,7.4444,9,0.6667,50.7778
gas,Gas-X,2,1,35.1789,7.3955,8.0,8,0.75,57.0
gastroenteritis,Ondansetron,1,1,96.063,8.5921,9.36,25,0.88,22.92
gastroenteritis,Zofran,2,2,83.803,8.5427,9.4286,21,0.9048,26.0952
gastroparesis,Metoclopramide,1,1,84.5141,6.5931,6.4333,30,0.6,37.0667
gastroparesis,Reglan,2,2,61.1508,6.4659,6.15,20,0.6,50.25
ge,Amlodipine / valsartan,1,1,98.8118,6.3316,6.1282,39,0.5128,29.1795
generalized anxiety disorde,Escitalopram,1,3,722.643,8.2027,8.2398,392,0.8342,43.8469
generalized anxiety disorde,Lexapro,2,1,555.6602,8.389,8.4515,268,0.8619,58.9925
generalized anxiety disorde,Pregabalin,3,2,366.719,8.2289,8.3228,158,0.8418,62.0696
generalized anxiety disorde,Citalopram,4,5,242.5558,7.9711,8.0947,95,0.8421,46.9368
generalized anxiety disorde,Quetiapine,5,9,237.9922,7.526,7.59,100,0.75,48.0
generalized anxiety disorde,Sertraline,6,7,202.0606,7.6254,7.7215,79,0.7722,32.7215
generalized anxiety disorde,Venlafaxine,7,17,201.3277,6.669,6.6277,94,0.6383,38.4681
generalized anxiety disorde,Duloxetine,8,15,193.0492,6.7769,6.7471,87,0.6437,52.7586
generalized anxiety disorde,Cymbalta,9,16,181.4252,6.7195,6.679,81,0.6296,56.4691
generalized anxiety disorde,Paroxetine,10,6,162.7825,7.6466,7.7797,59,0.7627,28.7458
generalized anxiety disorde,Paxil,11,8,120.4863,7.5752,7.75,40,0.75,37.075
generalized anxiety disorde,Effexor XR,12,14,112.7101,6.8317,6.7857,42,0.6429,53.8333
generalized anxiety disorde,Lyrica,13,4,67.817,8.1003,8.8824,17,0.9412,98.0588
generalized anxiety disorde,Seroquel,14,12,52.3083,7.2273,7.4286,14,0.8571,70.1429
generalized anxiety disorde,Celexa,15,10,24.7649,7.4064,8.4,5,1.0,95.8
gerd,Dexlansoprazole,1,19,236.4839,6.8233,6.8053,113,0.6549,31.292
gerd,Esomeprazole,2,9,206.393,7.6442,7.7407,81,0.716,25.4815
gerd,Omeprazole,3,5,203.25,7.8192,7.9481,77,0.7792,33.1039
gerd,Dexilant,4,21,193.0535,6.6625,6.618,89,0.6404,37.1011
gerd,Nexium,5,13,187.427,7.5048,7.589,73,0.6849,28.0548
gerd,Ranitidine,6,8,167.7131,7.6837,7.8197,61,0.8197,34.4262
gerd,Pantoprazole,7,22,164.2156,6.5754,6.5068,73,0.589,37.1781
gerd,Lansoprazole,8,6,146.454,7.7889,7.98,50,0.76,24.88
gerd,Prevacid,9,2,129.7183,8.3119,8.7179,39,0.8718,27.6154
gerd,Rabeprazole,10,3,113.7915,8.2646,8.7273,33,0.8485,21.8788
gerd,Aciphex,11,1,108.7858,8.7051,9.4138,29,0.931,24.1724
gerd,Protonix,12,18,91.631,6.9746,6.9677,31,0.6452,57.3548
gerd,Zantac 150,13,12,74.2904,7.573,7.9048,21,0.8095,47.619
gerd,Prilosec,14,15,72.8041,7.4215,7.6667,21,0.7143,52.1905
gerd,Sucralfate,15,17,67.3572,7.1222,7.2,20,0.7,48.8
glaucoma,Acetazolamide,1,4,49.4026,6.1753,5.5625,16,0.375,12.625
glaucoma,Brimonidine / timolol,2,1,34.6185,6.6623,6.2222,9,0.5556,17.4444
glaucoma,Combigan,3,2,34.6185,6.6623,6.2222,9,0.5556,17.4444
glaucoma,Diamox,4,3,32.6391,6.2814,5.3333,9,0.4444,17.4444
glaucoma open angle,Latanoprost,1,6,40.8093,6.3295,5.6667,12,0.5,27.5833
glaucoma open angle,Bimatoprost,2,3,25.7514,6.7172,6.1667,6,0.5,28.0
glaucoma open angle,Lumigan,3,4,25.7514,6.7172,6.1667,6,0.5,28.0
glaucoma open angle,Dorzolamide / timolol,4,5,24.4735,6.3838,5.1667,6,0.5,3.5
glaucoma open angle,Xalatan,5,1,24.1748,7.23,7.8,5,0.6,53.2
glaucoma open angle,Dorzolamide,6,2,23.7814,7.1123,7.4,5,0.6,4.6
gout,Allopurinol,1,3,131.7631,7.7127,7.9091,44,0.8182,39.4773
gout,Febuxostat,2,1,117.8539,8.0189,8.3611,36,0.8333,27.6944
gout,Uloric,3,2,106.0781,7.8843,8.2188,32,0.8125,30.875
gout acute,Indomethacin,1,3,237.3965,8.0574,8.1978,91,0.8132,32.0
gout acute,Colchicine,2,5,129.423,7.7074,7.907,43,0.8372,18.0
gout acute,Naproxen,3,2,105.8784,8.2597,8.7667,30,0.8667,35.0667
gout acute,Methylprednisolone,4,1,103.1316,8.4727,9.1071,28,0.9286,28.5
gout acute,Colcrys,5,7,70.3127,7.4347,7.7,20,0.8,25.6
gout acute,Indocin,6,4,44.1973,7.8595,8.9,10,0.9,47.9
gout acute,Aleve,7,6,36.3681,7.6455,8.625,8,0.875,53.5
gouty arthritis,Prednisone,1,1,124.8868,8.6789,9.2571,35,0.9714,41.1714
hashimoto s,Thyroid desiccated,1,2,178.0554,7.778,7.9231,65,0.7846,79.2462
hashimoto s,Levothyroxine,2,5,163.5473,7.0629,7.0758,66,0.697,34.6212
hashimoto s,Armour Thyroid,3,3,125.314,7.7341,7.9512,41,0.7805,85.6829
hashimoto s,Tirosint,4,1,76.3713,7.7851,8.2381,21,0.8571,51.1905
hashimoto s,Synthroid,5,7,65.075,6.6336,6.4286,21,0.619,40.0
hashimoto s,Nature-Throid,6,4,63.4866,7.5831,8.0,17,0.8235,89.5294
hashimoto s,Levoxyl,7,6,25.7514,6.7172,6.1667,6,0.5,27.8333
head lice,Ivermectin,1,4,102.2384,6.9564,6.9444,36,0.6389,11.9167
head lice,Sklice,2,5,99.7814,6.9342,6.9143,35,0.6286,9.9714
head lice,Spinosad,3,2,28.5201,7.4394,8.3333,6,0.8333,25.6667
head lice,Malathion,4,1,25.5516,7.6417,9.2,5,0.8,29.2
head lice,Natroba,5,3,24.3715,7.2888,8.0,5,0.8,30.2
headache,Acetaminophen / butalbital / caffeine,1,2,418.1576,8.6538,8.767,176,0.8693,23.3466
headache,Fioricet,2,3,312.9597,8.5783,8.7355,121,0.876,30.3884
headache,Acetaminophen / dichloralphenazone / isometheptene mucate,3,5,186.2874,8.4312,8.7097,62,0.871,8.3871
headache,Naproxen,4,13,93.2973,8.1029,8.6154,26,0.8846,29.7692
headache,Aspirin / butalbital / caffeine / codeine,5,1,91.7953,8.7403,9.6522,23,1.0,20.3913
headache,Acetaminophen / butalbital / caffeine / codeine,6,4,83.803,8.5427,9.4286,21,1.0,15.7143
headache,Ibuprofen,7,17,65.8062,7.5303,7.8889,18,0.7778,5.6667
headache,Fioricet with Codeine,8,6,63.7732,8.367,9.4667,15,1.0,19.0
headache,Aspirin / butalbital / caffeine,9,7,62.6441,8.2189,9.2,15,0.9333,14.7333
headache,Acetaminophen / butalbital,10,9,58.9892,8.1504,9.1429,14,0.9286,11.2857
headache,Fiorinal,11,8,56.115,8.1964,9.3077,13,0.9231,14.4615
headache,Esgic-Plus,12,12,52.3609,8.1212,9.25,12,0.9167,11.25
headache,Fiorinal with Codeine,13,11,49.0848,8.1265,9.3636,11,1.0,29.8182
headache,Esgic,14,10,42.2891,8.1385,9.6667,9,1.0,8.5556
headache,Acetaminophen / caffeine / isometheptene mucate,15,16,36.606,7.6955,8.75,8,1.0,5.5
heart attack,Clopidogrel,1,2,83.7064,7.7197,8.0833,24,0.8333,90.2083
heart attack,Plavix,2,1,75.1258,8.2551,9.0526,19,0.9474,111.4737
heart attack,Metoprolol,3,3,31.6113,6.6455,6.125,8,0.375,35.875
heart failure,Carvedilol,1,1,95.4587,8.5381,9.28,25,0.96,35.44
heart failure,Coreg,2,2,64.0555,8.404,9.5333,15,1.0,46.0
heart failure,Entresto,3,4,42.287,5.8427,4.8571,14,0.3571,33.7857
heart failure,Sacubitril / valsartan,4,5,42.287,5.8427,4.8571,14,0.3571,33.7857
heart failure,Furosemide,5,3,29.585,7.7172,9.1667,6,1.0,29.8333
helicobacter pylori infection,Bismuth subcitrate potassium / metronidazole / tetracycline,1,4,173.3899,6.2491,6.1429,84,0.5357,17.6786
helicobacter pylori infection,Pylera,2,5,167.4898,6.2033,6.0864,81,0.5309,18.3333
helicobacter pylori infection,Amoxicillin / clarithromycin / lansoprazole,3,2,158.1451,7.2453,7.2951,61,0.6885,16.459
helicobacter pylori infection,Prevpac,4,1,130.7374,7.5247,7.6667,45,0.7556,20.3778
helicobacter pylori infection,Clarithromycin,5,6,65.032,5.9975,5.5,24,0.4167,10.2917
helicobacter pylori infection,Metronidazole,6,3,48.1328,6.6504,6.3571,14,0.7143,9.6429
hemorrhoids,Pramoxine,1,2,97.5739,8.7273,9.56,25,0.96,14.0
hemorrhoids,Proctofoam,2,1,94.8509,8.7475,9.625,24,0.9583,14.5
hemorrhoids,Hydrocortisone / pramoxine,3,3,65.7962,7.8589,8.4706,17,0.8235,19.5294
hemorrhoids,Analpram-HC,4,4,42.408,7.5413,8.2,10,0.8,22.6
hemorrhoids,Hydrocortisone,5,5,31.2366,7.2584,7.7143,7,0.7143,26.4286
hemorrhoids,Lidocaine,6,6,29.8775,6.9426,6.8571,7,0.5714,8.1429
hepatitis c,Ledipasvir / sofosbuvir,1,2,578.9536,8.644,8.7169,272,0.8676,30.989
hepatitis c,Harvoni,2,1,574.1119,8.6675,8.7425,268,0.8694,31.4478
hepatitis c,Sofosbuvir / velpatasvir,3,7,178.015,7.8672,8.0312,64,0.7969,15.7656
hepatitis c,Epclusa,4,8,166.6804,7.8297,8.0,59,0.7966,16.0169
hepatitis c,Sofosbuvir,5,10,123.0978,7.4613,7.5952,42,0.7143,14.2143
hepatitis c,Sovaldi,6,9,117.7841,7.5472,7.7179,39,0.7179,15.2821
hepatitis c,Elbasvir / grazoprevir,7,3,100.6972,8.2727,8.8214,28,0.8571,15.0357
hepatitis c,Zepatier,8,4,100.6972,8.2727,8.8214,28,0.8571,15.0357
hepatitis c,Peginterferon alfa-2a,9,13,50.9165,7.035,7.0714,14,0.6429,9.0
hepatitis c,Daclatasvir,10,5,42.5365,8.1862,9.7778,9,1.0,6.6667
hepatitis c,Daklinza,11,6,42.5365,8.1862,9.7778,9,1.0,6.6667
hepatitis c,Telaprevir,12,11,38.5775,7.4242,8.0,9,0.7778,11.4444
hepatitis c,Pegasys,13,16,37.807,6.7231,6.4,10,0.6,12.2
hepatitis c,Dasabuvir / ombitasvir / paritaprevir / ritonavir,14,14,32.3248,6.7955,6.5,8,0.625,17.375
hepatitis c,Viekira Pak,15,15,32.3248,6.7955,6.5,8,0.625,17.375
herbal supplementation,Lecithin,1,1,30.011,7.8283,9.5,6,1.0,43.0
herpes simplex,Docosanol,1,4,338.098,6.0216,5.9674,215,0.5628,10.386
herpes simplex,Abreva,2,5,322.543,5.9535,5.8927,205,0.5512,10.878
herpes simplex,Acyclovir,3,1,182.8437,7.8963,8.0606,66,0.803,26.2273
herpes simplex,Lysine,4,2,52.281,7.6364,8.2308,13,0.7692,15.3846
herpes simplex,Zovirax,5,3,30.7835,7.1531,7.4286,7,0.7143,25.5714
herpes simplex suppression,Valacyclovir,1,3,238.9565,8.2466,8.4157,89,0.8315,38.0112
herpes simplex suppression,Valtrex,2,2,182.3196,8.4571,8.75,60,0.8667,53.95
herpes simplex suppression,Lysine,3,1,123.9393,8.8024,9.4412,34,0.9706,49.7941
herpes simplex suppression,Acyclovir,4,4,73.0709,8.0293,8.6842,19,0.8947,30.3684
herpes zoste,Valacyclovir,1,1,52.8288,7.7164,8.3846,13,0.7692,25.2308
herpes zoste,Acyclovir,2,2,32.5956,7.5742,8.5714,7,1.0,19.7143
herpes zoste,Valtrex,3,3,28.5201,7.4394,8.3333,6,0.8333,42.8333
herpes zoste,Famciclovir,4,4,24.3715,7.2888,8.0,5,0.8,19.2
hiccups,Chlorpromazine,1,1,57.0406,7.8811,8.6429,14,0.8571,18.0
hiccups,Thorazine,2,2,53.3765,7.7964,8.5385,13,0.8462,19.2308
high blood pressure,Lisinopril,1,79,428.8984,5.289,5.2308,351,0.4245,49.0912
high blood pressure,Losartan,2,77,318.5905,5.5772,5.5,220,0.4636,68.9773
high blood pressure,Nebivolol,3,46,270.7488,6.6881,6.6619,139,0.6187,43.9353
high blood pressure,Amlodipine,4,82,267.3599,4.7452,4.6204,216,0.3519,67.2361
high blood pressure,Bystolic,5,45,263.5299,6.6912,6.6642,134,0.6194,45.1642
high blood pressure,Metoprolol,6,64,242.3988,6.3327,6.2713,129,0.5736,50.4496
high blood pressure,Olmesartan,7,9,225.8206,7.4803,7.5426,94,0.7021,38.5638
high blood pressure,Benicar,8,8,202.0495,7.5534,7.6375,80,0.725,44.225
high blood pressure,Atenolol,9,37,184.9091,6.8485,6.8272,81,0.6667,37.4074
high blood pressure,Hydrochlorothiazide,10,75,168.7442,5.7273,5.5604,91,0.4286,51.3297
high blood pressure,Amlodipine / olmesartan,11,1,163.4624,8.3217,8.6226,53,0.8491,24.4151
high blood pressure,Azor,12,2,163.4624,8.3217,8.6226,53,0.8491,24.4151
high blood pressure,Valsartan,13,72,159.599,5.9664,5.8125,80,0.4625,48.3
high blood pressure,Diovan,14,59,124.6304,6.4361,6.3077,52,0.5192,65.3846
high blood pressure,Ramipril,15,34,117.7298,6.8912,6.8636,44,0.6136,41.0682
high cholesterol,Atorvastatin,1,28,166.5586,5.267,5.06,100,0.39,66.73
high cholesterol,Rosuvastatin,2,12,157.7517,6.3166,6.2055,73,0.4795,61.7397
high cholesterol,Crestor,3,9,151.7476,6.4799,6.3881,67,0.5075,66.4179
high cholesterol,Simvastatin,4,27,137.2436,5.2799,5.013,77,0.4026,41.6234
high cholesterol,Livalo,5,18,98.4114,6.0738,5.8049,41,0.5122,50.122
high cholesterol,Pitavastatin,6,19,98.4114,6.0738,5.8049,41,0.5122,50.122
high cholesterol,Lipitor,7,23,92.9086,5.7341,5.3659,41,0.439,105.6829
high cholesterol,Niacin,8,11,92.4335,6.4236,6.2286,35,0.5429,22.2571
high cholesterol,Ezetimibe,9,25,78.9438,5.6067,5.1176,34,0.4118,58.5882
high cholesterol,Evolocumab,10,21,77.8822,5.9281,5.5161,31,0.4839,29.129
high cholesterol,Zetia,11,22,72.0926,5.9227,5.4643,28,0.4643,68.8214
high cholesterol,Repatha,12,24,69.3538,5.6977,5.1429,28,0.4286,32.25
high cholesterol,Pravastatin,13,26,64.6625,5.4592,4.7778,27,0.2963,87.7037
high cholesterol,Niaspan,14,15,63.611,6.262,5.8636,22,0.5,21.8636
high cholesterol,Ezetimibe / simvastatin,15,1,56.7158,7.4411,7.8,15,0.7333,27.8667
high cholesterol familial heterozygous,Evolocumab,1,3,57.2804,7.5152,7.9333,15,0.6667,21.5333
high cholesterol familial heterozygous,Repatha,2,1,50.2117,7.7879,8.5833,12,0.8333,26.9167
high cholesterol familial heterozygous,Rosuvastatin,3,2,32.8221,7.6268,8.7143,7,0.8571,43.5714
high cholesterol familial heterozygous,Alirocumab,4,4,31.9161,7.4163,8.1429,7,0.8571,13.4286
high cholesterol familial heterozygous,Praluent,5,5,31.9161,7.4163,8.1429,7,0.8571,13.4286
high cholesterol familial heterozygous,Ezetimibe,6,8,31.01,7.2057,7.5714,7,0.7143,60.0
high cholesterol familial heterozygous,Zetia,7,6,28.3071,7.3838,8.1667,6,0.8333,68.5
high cholesterol familial heterozygous,Crestor,8,7,24.5682,7.3476,8.2,5,0.8,59.4
hirsutism,Eflornithine,1,2,155.0008,7.8909,8.0943,53,0.7925,46.0755
hirsutism,Vaniqa,2,1,152.6474,7.9986,8.2353,51,0.8235,47.7059
hirsutism,Spironolactone,3,3,66.0975,7.5636,7.9444,18,0.8333,60.1667
hiv infection,Efavirenz / emtricitabine / tenofovir,1,3,261.4248,8.8729,9.1209,91,0.956,15.6044
hiv infection,Atripla,2,4,254.2498,8.8491,9.1023,88,0.9545,16.0909
hiv infection,Cobicistat / elvitegravir / emtricitabine / tenofovir,3,1,234.8518,9.124,9.4605,76,0.9474,16.6184
hiv infection,Stribild,4,2,234.8518,9.124,9.4605,76,0.9474,16.6184
hiv infection,Abacavir / dolutegravir / lamivudine,5,6,198.594,8.2062,8.4143,70,0.8143,12.8714
hiv infection,Triumeq,6,5,197.41,8.2458,8.4638,69,0.8261,13.0435
hiv infection,Cobicistat / elvitegravir / emtricitabine / tenofovir alafenamide,7,13,157.323,7.7897,7.9636,55,0.8,9.5455
hiv infection,Genvoya,8,14,157.323,7.7897,7.9636,55,0.8,9.5455
hiv infection,Complera,9,7,148.4381,8.0149,8.2653,49,0.8571,13.8571
hiv infection,Emtricitabine / rilpivirine / tenofovir,10,8,148.4381,8.0149,8.2653,49,0.8571,13.8571
hiv infection,Raltegravir,11,12,53.6503,7.8364,8.6154,13,0.7692,4.7692
hiv infection,Dolutegravir,12,16,51.4595,7.5164,8.0,13,0.6923,3.1538
hiv infection,Isentress,13,11,51.0177,7.9129,8.8333,12,0.8333,5.1667
hiv infection,Tivicay,14,15,45.9335,7.6047,8.2727,11,0.7273,3.6364
hiv infection,Emtricitabine / tenofovir,15,9,44.7085,7.9504,9.1,10,0.9,9.8
hot flashes,Gabapentin,1,1,214.4579,8.5872,8.8493,73,0.9178,41.7534
hot flashes,Paroxetine,2,7,176.2305,7.1299,7.1528,72,0.7083,31.875
hot flashes,Venlafaxine,3,6,163.8938,7.4177,7.5,62,0.7581,66.1935
hot flashes,Brisdelle,4,9,81.526,6.6977,6.5714,28,0.6429,42.25
hot flashes,Fluoxetine,5,5,66.0975,7.5636,7.9444,18,0.8333,30.8889
hot flashes,Effexor XR,6,2,60.9503,7.9966,8.8,15,0.9333,107.4
hot flashes,Duloxetine,7,8,34.866,6.71,6.3333,9,0.6667,19.6667
hot flashes,Bazedoxifene / conjugated estrogens,8,3,25.7483,7.7005,9.4,5,1.0,18.0
hot flashes,Duavee,9,4,25.7483,7.7005,9.4,5,1.0,18.0
hot flashes,Citalopram,10,10,20.6344,6.1711,4.2,5,0.4,9.2
human papilloma virus,Imiquimod,1,2,264.133,7.2399,7.2645,121,0.7438,14.5041
human papilloma virus,Aldara,2,1,60.2598,7.5325,7.9375,16,0.8125,27.8125
human papillomavirus prophylaxis,Human papillomavirus vaccine,1,1,63.886,6.5124,6.2381,21,0.5238,9.1905
human papillomavirus prophylaxis,Gardasil,2,2,60.5597,6.4034,6.05,20,0.5,9.45
hyperhidrosis,Aluminum chloride hexahydrate,1,2,846.811,8.9211,8.9746,433,0.9076,9.0508
hyperhidrosis,Drysol,2,1,491.7045,8.9453,9.0574,209,0.9282,10.5311
hyperhidrosis,Hypercare,3,3,470.2409,8.7438,8.8473,203,0.8818,7.8522
hyperhidrosis,Oxybutynin,4,4,146.7726,8.0485,8.3125,48,0.8333,33.4375
hyperhidrosis,Xerac AC,5,5,41.2993,7.9481,9.2222,9,0.8889,7.3333
hyperphosphatemia of renal failure,Sevelamer,1,1,30.1843,6.3455,5.375,8,0.5,7.25
hyperphosphatemia of renal failure,Renvela,2,2,20.4377,6.1123,4.0,5,0.2,9.6
hyperprolactinemia,Cabergoline,1,1,108.9408,7.7372,8.0,34,0.7941,15.9706
hyperprolactinemia,Bromocriptine,2,4,49.974,6.2468,5.6875,16,0.5625,16.8125
hyperprolactinemia,Parlodel,3,3,38.5738,6.8595,6.7,10,0.7,23.1
hyperprolactinemia,Dostinex,4,2,36.3681,7.6455,8.625,8,0.875,22.375
hypersomnia,Armodafinil,1,4,79.5443,6.7156,6.5926,27,0.5926,12.2593
hypersomnia,Nuvigil,2,5,67.7938,6.6738,6.5,22,0.5909,14.5909
hypersomnia,Caffeine,3,1,52.3083,7.2273,7.4286,14,0.7857,13.5714
hypersomnia,Modafinil,4,2,41.9943,6.9526,6.9091,11,0.6364,10.1818
hypersomnia,NoDoz,5,3,35.6083,6.8528,6.6667,9,0.6667,15.1111
hypertriglyceridemia,Icosapent,1,1,74.8323,8.2229,9.0,19,0.8947,26.2632
hypertriglyceridemia,Vascepa,2,2,74.8323,8.2229,9.0,19,0.8947,26.2632
hypertriglyceridemia,Fenofibrate,3,5,64.7778,6.6033,6.381,21,0.5714,43.5238
hypertriglyceridemia,Fenofibric acid,4,6,35.5065,6.3141,5.5,10,0.6,21.0
hypertriglyceridemia,Omega-3 polyunsaturated fatty acids,5,3,31.9161,7.4163,8.1429,7,0.8571,50.1429
hypertriglyceridemia,Trilipix,6,7,28.995,6.0955,4.75,8,0.5,25.625
hypertriglyceridemia,TriCor,7,4,28.5185,6.6268,6.0,7,0.5714,77.5714
hypoestrogenism,Estradiol,1,1,47.2567,7.3295,7.6667,12,0.6667,29.75
hypogonadism male,Testosterone,1,4,627.7632,7.3667,7.3787,375,0.7253,33.6187
hypogonadism male,Axiron,2,2,214.3421,7.5243,7.5977,87,0.7471,35.8736
hypogonadism male,AndroGel,3,3,196.2388,7.4768,7.5513,78,0.7564,61.1795
hypogonadism male,Testim,4,8,180.0375,6.4886,6.4167,84,0.5714,22.2738
hypogonadism male,Fortesta,5,6,72.8906,6.9403,6.913,23,0.6957,30.3478
hypogonadism male,Androderm,6,5,67.3572,7.1222,7.2,20,0.7,30.95
hypogonadism male,Testopel,7,7,28.5185,6.6268,6.0,7,0.5714,17.7143
hypogonadism male,Depo-Testosterone,8,1,25.7483,7.7005,9.4,5,1.0,31.8
hypothyroidism after thyroid removal,Levothyroxine,1,8,167.9914,6.7965,6.7639,72,0.5972,43.8889
hypothyroidism after thyroid removal,Synthroid,2,6,110.1339,7.057,7.0769,39,0.641,61.1538
hypothyroidism after thyroid removal,Thyroid desiccated,3,4,82.5016,7.6086,7.9167,24,0.7917,60.9583
hypothyroidism after thyroid removal,Armour Thyroid,4,7,53.046,6.9596,6.9333,15,0.6667,56.4
hypothyroidism after thyroid removal,Liothyronine,5,1,41.0519,7.9004,9.1111,9,0.8889,86.2222
hypothyroidism after thyroid removal,Tirosint,6,3,36.606,7.6955,8.75,8,0.875,39.5
hypothyroidism after thyroid removal,Levoxyl,7,5,27.8812,7.2727,7.8333,6,0.6667,28.0
hypothyroidism after thyroid removal,Cytomel,8,2,25.7483,7.7005,9.4,5,1.0,123.4
ibromyalgia,Milnacipran,1,29,462.2334,6.7893,6.7806,278,0.6223,44.8129
ibromyalgia,Savella,2,31,454.5576,6.7681,6.7582,273,0.6227,45.4908
ibromyalgia,Pregabalin,3,33,434.108,6.5174,6.4963,270,0.5926,49.6333
ibromyalgia,Lyrica,4,34,409.8958,6.4807,6.4563,252,0.5794,52.9167
ibromyalgia,Duloxetine,5,36,337.5256,6.4682,6.4359,195,0.5949,38.0462
ibromyalgia,Cymbalta,6,35,323.6905,6.4791,6.4457,184,0.5924,40.0109
ibromyalgia,Gabapentin,7,27,272.0224,6.8305,6.8162,136,0.6765,60.8309
ibromyalgia,Tramadol,8,16,255.7518,7.2827,7.313,115,0.7304,44.0609
ibromyalgia,Guaifenesin,9,1,205.0672,8.2965,8.5139,72,0.8472,65.3056
ibromyalgia,Amitriptyline,10,32,172.8754,6.6507,6.5974,77,0.6364,41.3766
ibromyalgia,Cyclobenzaprine,11,6,112.0363,7.6231,7.8333,36,0.8333,36.5556
ibromyalgia,Venlafaxine,12,24,111.9219,7.0367,7.05,40,0.7,38.725
ibromyalgia,Mucinex,13,3,99.337,7.949,8.3448,29,0.8621,100.8276
ibromyalgia,Ultram,14,23,92.8531,7.0677,7.0968,31,0.7097,49.6774
ibromyalgia,Prednisone,15,10,91.568,7.5227,7.75,28,0.75,33.4286
indigestion,Omeprazole,1,2,46.1961,7.6482,8.3636,11,0.8182,25.4545
indigestion,Ranitidine,2,3,41.1299,7.3141,7.7,10,0.7,16.1
indigestion,Magnesium hydroxide,3,1,33.0486,7.6794,8.8571,7,0.8571,11.0
indigestion,Calcium carbonate,4,4,30.7835,7.1531,7.4286,7,0.7143,3.0
inflammatory bowel,Budesonide,1,1,49.6745,7.7045,8.4167,12,0.8333,36.1667
inflammatory bowel,Entocort EC,2,2,32.1426,7.4689,8.2857,7,0.8571,46.1429
inflammatory conditions,Methylprednisolone,1,3,258.4635,7.5073,7.5625,112,0.7589,39.3661
inflammatory conditions,Meloxicam,2,6,238.8844,6.8024,6.7826,115,0.6435,45.7217
inflammatory conditions,Prednisone,3,1,208.6941,7.6586,7.7561,82,0.7805,43.8293
inflammatory conditions,Mobic,4,5,86.8402,6.949,6.931,29,0.6897,76.3103
inflammatory conditions,Dexamethasone,5,7,81.1568,6.3312,6.0667,30,0.6333,12.9333
inflammatory conditions,Prednisolone,6,8,28.5194,5.9955,4.5,8,0.25,7.375
inflammatory conditions,Medrol Dosepak,7,2,25.5516,7.6417,9.2,5,1.0,61.6
inflammatory conditions,Depo-Medrol,8,4,24.1748,7.23,7.8,5,0.8,64.8
inflammatory conditions,Decadron,9,9,23.762,5.5215,3.0,7,0.2857,15.2857
influenza,Oseltamivir,1,1,412.8131,6.9221,6.9185,233,0.6609,9.7597
influenza,Tamiflu,2,2,403.4765,6.8992,6.8943,227,0.6608,10.0132
influenza prophylaxis,"Influenza virus vaccine, live, trivalent",1,3,29.3719,5.2231,3.1,10,0.2,4.8
influenza prophylaxis,FluMist,2,2,28.1852,5.4242,3.3333,9,0.2222,5.3333
influenza prophylaxis,Oseltamivir,3,1,23.8345,6.2172,4.6667,6,0.3333,4.8333
insomnia,Zolpidem,1,25,913.9243,7.329,7.3355,623,0.7047,21.7287
insomnia,Trazodone,2,39,725.7333,6.6936,6.6867,517,0.6364,50.2476
insomnia,Ambien,3,23,634.1403,7.3535,7.3648,381,0.7008,29.1942
insomnia,Quetiapine,4,7,486.3176,7.9016,7.9465,243,0.7984,37.9671
insomnia,Temazepam,5,38,405.8611,6.8275,6.819,232,0.6552,33.8233
insomnia,Eszopiclone,6,48,345.6291,6.2654,6.2238,210,0.5429,22.7952
insomnia,Mirtazapine,7,22,335.7283,7.3595,7.3865,163,0.7055,50.9571
insomnia,Lunesta,8,44,311.0161,6.5484,6.5174,172,0.5698,26.7209
insomnia,Doxepin,9,42,309.3595,6.5709,6.5412,170,0.6118,41.9176
insomnia,Amitriptyline,10,29,304.4275,7.1744,7.1892,148,0.6959,58.0676
insomnia,Melatonin,11,34,257.841,6.8971,6.888,125,0.656,31.144
insomnia,Suvorexant,12,54,257.0785,3.8278,3.6886,273,0.2821,24.0806
insomnia,Belsomra,13,55,249.8951,3.8047,3.6604,265,0.2792,24.7811
insomnia,Clonazepam,14,19,242.0401,7.4862,7.5437,103,0.7379,57.4078
insomnia,Doxylamine,15,37,219.8598,6.8501,6.8333,102,0.6569,31.3725
insomnia stimulant associated,Clonidine,1,1,87.9164,7.2227,7.3214,28,0.6071,31.6429
insulin resistance syndrome,Metformin,1,1,74.8849,7.6336,8.0,21,0.8095,69.7143
interstitial cystitis,Pentosan polysulfate sodium,1,3,164.9533,7.6515,7.7833,60,0.7667,34.75
interstitial cystitis,Elmiron,2,4,156.6098,7.5494,7.6667,57,0.7544,36.5439
interstitial cystitis,Amitriptyline,3,1,132.1095,8.3059,8.7,40,0.9,32.6
interstitial cystitis,Phenazopyridine,4,2,105.6854,8.0444,8.4516,31,0.871,23.129
interstitial cystitis,Elavil,5,5,35.4168,7.4455,8.125,8,0.875,48.0
interstitial cystitis,Pyridium,6,6,34.7032,7.2955,7.75,8,0.75,33.625
iron deficiency anemia,Ferrous sulfate,1,3,45.4347,6.6364,6.3077,13,0.4615,44.7692
iron deficiency anemia,Iron polysaccharide,2,1,25.5516,7.6417,9.2,5,1.0,7.8
iron deficiency anemia,Iron sucrose,3,2,24.1748,7.23,7.8,5,0.8,13.8
irritable bowel syndrome,Dicyclomine,1,14,304.803,7.7391,7.806,134,0.7761,41.8731
irritable bowel syndrome,Linaclotide,2,20,282.413,7.1706,7.1866,134,0.7164,31.8657
irritable bowel syndrome,Linzess,3,21,266.573,7.1307,7.144,125,0.712,34.056
irritable bowel syndrome,Eluxadoline,4,28,249.6548,6.6782,6.648,125,0.592,18.12
irritable bowel syndrome,Viberzi,5,27,248.3407,6.6832,6.6532,124,0.5968,18.2661
irritable bowel syndrome,Amitriptyline,6,7,176.1519,8.4914,8.807,57,0.9474,50.9298
irritable bowel syndrome,Bentyl,7,19,171.2659,7.3963,7.4697,66,0.7576,55.9697
irritable bowel syndrome,Hyoscyamine,8,12,162.146,8.0285,8.2545,55,0.8545,28.9818
irritable bowel syndrome,Chlordiazepoxide / clidinium,9,3,144.0778,8.5802,9.0233,43,0.907,44.186
irritable bowel syndrome,Librax,10,2,126.1209,8.5814,9.1111,36,0.9167,51.6944
irritable bowel syndrome,Cholestyramine,11,5,125.8147,8.5606,9.0833,36,0.9167,45.2778
irritable bowel syndrome,Amitiza,12,29,116.9146,6.6191,6.5217,46,0.6304,35.5652
irritable bowel syndrome,Lubiprostone,13,30,116.9146,6.6191,6.5217,46,0.6304,35.5652
irritable bowel syndrome,Rifaximin,14,31,108.9673,6.4893,6.3488,43,0.5814,43.1395
irritable bowel syndrome,Nortriptyline,15,9,104.8234,8.388,8.9655,29,0.931,27.6897
ischemic stroke prophylaxis,Aggrenox,1,1,47.0193,6.4965,6.0714,14,0.5714,34.0714
ischemic stroke prophylaxis,Aspirin / dipyridamole,2,2,47.0193,6.4965,6.0714,14,0.5714,34.0714
juvenile rheumatoid arthritis,Etanercept,1,2,41.6412,7.405,7.9,10,0.9,6.8
juvenile rheumatoid arthritis,Enbrel,2,1,38.5775,7.4242,8.0,9,0.8889,7.5556
keratoconjunctivitis sicca,Cyclosporine,1,2,91.5648,5.4529,5.0233,43,0.4186,24.4419
keratoconjunctivitis sicca,Restasis,2,1,87.8415,5.8553,5.4865,37,0.4595,28.3514
keratosis,Imiquimod,1,6,120.8744,7.1983,7.2558,43,0.7442,20.8372
keratosis,Fluorouracil,2,1,116.0081,8.0619,8.4286,35,0.8857,83.4857
keratosis,Zyclara,3,5,100.023,7.2646,7.3636,33,0.7879,23.6061
keratosis,Efudex,4,4,59.6883,7.461,7.8125,16,0.8125,101.875
keratosis,Carac,5,2,30.011,7.8283,9.5,6,1.0,112.3333
keratosis,Aldara,6,3,24.9616,7.4652,8.6,5,0.8,18.2
kidney infections,Ciprofloxacin,1,5,95.7647,5.6055,5.2273,44,0.4545,22.6818
kidney infections,Levofloxacin,2,3,52.1991,6.8485,6.7333,15,0.5333,19.8
kidney infections,Sulfamethoxazole / trimethoprim,3,7,51.9889,5.4972,4.6,20,0.35,9.15
kidney infections,Cephalexin,4,1,49.1372,7.6212,8.25,12,0.8333,28.4167
kidney infections,Levaquin,5,2,48.721,7.1164,7.2308,13,0.6154,22.6154
kidney infections,Cipro,6,6,40.3384,5.5734,4.3571,14,0.3571,32.7143
kidney infections,Bactrim,7,4,31.4019,6.0433,4.7778,9,0.3333,10.8889
labor pain,Butorphanol,1,2,48.6895,6.7273,6.5,14,0.5714,3.7143
labor pain,Stadol,2,1,47.6255,6.9564,6.9231,13,0.6154,4.0
left ventricular dysfunction,Carvedilol,1,1,37.3195,7.8455,9.125,8,1.0,31.75
left ventricular dysfunction,Coreg,2,2,29.1591,7.6061,8.8333,6,1.0,34.0
lennox gastaut syndrome,Clobazam,1,3,28.745,6.6794,6.1429,7,0.5714,10.7143
lennox gastaut syndrome,Banzel,2,1,26.3384,7.877,10.0,5,1.0,9.2
lennox gastaut syndrome,Rufinamide,3,2,26.3384,7.877,10.0,5,1.0,9.2
lennox gastaut syndrome,Onfi,4,4,24.8994,6.495,5.5,6,0.5,12.1667
light anesthesia,Midazolam,1,3,42.2598,5.2825,4.0,16,0.3125,10.375
light anesthesia,Versed,2,2,36.3976,5.3164,3.7692,13,0.3077,11.7692
light anesthesia,Lorazepam,3,1,26.1417,7.8182,9.8,5,1.0,12.0
light sedation,Midazolam,1,6,52.5162,6.2727,5.7647,17,0.5294,9.9412
light sedation,Versed,2,7,44.7923,6.1888,5.5,14,0.5,11.2857
light sedation,Promethazine,3,5,40.6812,6.7352,6.4545,11,0.6364,18.2727
light sedation,Diazepam,4,1,28.9461,7.5505,8.6667,6,0.8333,23.6667
light sedation,Phenergan,5,4,26.6033,6.9394,6.8333,6,0.6667,26.5
light sedation,Demerol,6,2,24.3715,7.2888,8.0,5,0.8,23.0
light sedation,Meperidine,7,3,24.3715,7.2888,8.0,5,0.8,23.0
lyme,Doxycycline,1,1,103.9376,7.7252,8.0,32,0.8125,30.3438
lyme,Ceftin,2,2,24.3715,7.2888,8.0,5,0.8,17.6
lyme,Cefuroxime,3,3,24.3715,7.2888,8.0,5,0.8,17.6
macular degeneration,Aflibercept,1,3,27.2422,7.1061,7.3333,6,0.8333,37.0
macular degeneration,Eylea,2,4,27.2422,7.1061,7.3333,6,0.8333,37.0
macular degeneration,Lucentis,3,1,23.7814,7.1123,7.4,5,0.8,26.0
macular degeneration,Ranibizumab,4,2,23.7814,7.1123,7.4,5,0.8,26.0
major depressive disorde,Vortioxetine,1,23,376.7604,6.5509,6.527,222,0.5991,29.1937
major depressive disorde,Trintellix,2,26,316.3295,6.437,6.4,180,0.5722,34.1667
major depressive disorde,Bupropion,3,6,295.9373,7.1942,7.2113,142,0.6901,36.8944
major depressive disorde,Venlafaxine,4,15,224.0469,6.9296,6.9223,103,0.6796,17.9612
major depressive disorde,Sertraline,5,2,193.3225,7.3657,7.4231,78,0.7564,22.2949
major depressive disorde,Vilazodone,6,34,188.3721,5.7428,5.6,105,0.4762,29.5429
major depressive disorde,Viibryd,7,33,183.1767,5.881,5.7449,98,0.5,31.5714
major depressive disorde,Brexpiprazole,8,24,176.5164,6.4778,6.4024,82,0.5732,34.5122
major depressive disorde,Rexulti,9,20,168.999,6.6311,6.5733,75,0.5867,37.64
major depressive disorde,Zoloft,10,9,152.0782,7.0543,7.0667,60,0.7,27.45
major depressive disorde,Mirtazapine,11,14,151.567,6.944,6.9344,61,0.6393,33.0164
major depressive disorde,Escitalopram,12,10,134.1689,7.0303,7.0392,51,0.6471,20.5882
major depressive disorde,Fluoxetine,13,1,132.1415,7.4812,7.6087,46,0.7609,29.6522
major depressive disorde,Wellbutrin XL,14,17,131.7455,6.9033,6.8824,51,0.6078,47.9608
major depressive disorde,Aripiprazole,15,28,131.0548,6.3175,6.1754,57,0.5614,13.8596
malaria prevention,Atovaquone / proguanil,1,3,58.7865,6.2159,5.75,20,0.55,13.05
malaria prevention,Malarone,2,4,58.7865,6.2159,5.75,20,0.55,13.05
malaria prevention,Mefloquine,3,2,32.6391,6.2814,5.3333,9,0.4444,8.0
malaria prevention,Lariam,4,1,21.0278,6.2888,4.6,5,0.4,11.2
mance anxiety,Propranolol,1,1,616.7687,9.5532,9.6718,259,0.9846,36.4788
mania,Divalproex sodium,1,1,73.3986,7.4821,7.7619,21,0.8095,38.619
mania,Depakote,2,2,49.8164,7.2764,7.5385,13,0.7692,57.0
mania,Lithium,3,3,40.8743,7.2686,7.6,10,0.8,32.7
mania,Chlorpromazine,4,4,22.2079,6.6417,5.8,5,0.4,11.4
mania,Haloperidol,5,5,20.0443,5.9947,3.6,5,0.2,10.0
melasma,Fluocinolone / hydroquinone / tretinoin,1,1,156.6356,8.4575,8.8163,49,0.8776,31.1429
melasma,Tri-Luma,2,2,153.7631,8.4318,8.7917,48,0.875,31.7083
meniere s,Diazepam,1,1,81.8389,8.6534,9.65,20,1.0,39.4
meniere s,Valium,2,2,38.7465,8.1455,9.875,8,1.0,54.125
menorrhagia,Tranexamic acid,1,1,150.6999,8.0147,8.26,50,0.84,42.58
menorrhagia,Lysteda,2,2,101.9107,7.9502,8.3333,30,0.8667,55.7667
menorrhagia,Dienogest / estradiol,3,4,37.0929,7.1385,7.3333,9,0.5556,4.7778
menorrhagia,Natazia,4,3,31.01,7.2057,7.5714,7,0.5714,6.1429
menstrual disorders,Ethinyl estradiol / norethindrone,1,12,212.5476,5.7199,5.5968,124,0.4839,7.2984
menstrual disorders,Drospirenone / ethinyl estradiol,2,11,179.0893,5.9801,5.8495,93,0.5376,5.9247
menstrual disorders,Tranexamic acid,3,2,126.9805,7.562,7.7209,43,0.7209,30.2093
menstrual disorders,Yaz,4,8,97.2817,6.2335,6.0,39,0.5385,5.0769
menstrual disorders,Loestrin 24 Fe,5,9,96.3223,6.0559,5.775,40,0.5,11.625
menstrual disorders,Microgestin Fe 1 / 20,6,5,69.8852,6.8797,6.8182,22,0.6364,11.9545
menstrual disorders,Lysteda,7,1,58.9742,7.7374,8.3333,15,0.8,50.8
menstrual disorders,Yasmin,8,6,51.0699,6.7003,6.4667,15,0.5333,13.6667
menstrual disorders,Ocella,9,4,47.3517,6.9164,6.8462,13,0.7692,4.2308
menstrual disorders,Gianvi,10,7,45.6274,6.3042,5.7143,14,0.5,4.6429
menstrual disorders,Junel Fe 1 / 20,11,14,40.2598,5.0325,3.5625,16,0.125,3.625
menstrual disorders,Microgestin Fe 1.5 / 30,12,10,36.4794,6.0395,5.0,11,0.4545,4.1818
menstrual disorders,Loryna,13,13,31.4168,5.5868,3.9,10,0.4,2.8
menstrual disorders,Gildess Fe 1 / 20,14,3,28.3071,7.3838,8.1667,6,0.8333,1.8333
methicillin resistant staphylococcus aureus infection,Linezolid,1,2,54.198,7.9164,8.7692,13,0.9231,20.2308
methicillin resistant staphylococcus aureus infection,Zyvox,2,1,51.8236,8.0379,9.0833,12,1.0,21.9167
migraine,Sumatriptan,1,23,531.7866,7.9398,7.9816,272,0.7757,8.2904
migraine,Rizatriptan,2,1,477.2892,8.8422,8.951,204,0.9265,9.6176
migraine,Eletriptan,3,9,302.3511,8.554,8.7155,116,0.8793,10.6034
migraine,Relpax,4,7,300.1242,8.6025,8.7719,114,0.886,10.7719
migraine,Imitrex,5,27,296.5296,7.7922,7.8672,128,0.75,11.7969
migraine,Maxalt,6,6,259.8053,8.6753,8.8925,93,0.9247,12.5269
migraine,Naproxen / sumatriptan,7,5,253.588,8.7516,8.9888,89,0.9213,7.3596
migraine,Acetaminophen / aspirin / caffeine,8,31,241.759,7.4775,7.534,103,0.7282,9.3981
migraine,Treximet,9,4,238.5528,8.7544,9.0122,82,0.9268,7.8415
migraine,Zolmitriptan,10,29,230.947,7.6501,7.734,94,0.7766,5.5638
migraine,Gabapentin,11,25,202.0917,7.8512,7.9868,76,0.8289,46.1974
migraine,Maxalt-MLT,12,8,184.4156,8.5543,8.8667,60,0.9167,10.75
migraine,Aspirin / butalbital / caffeine,13,15,167.3539,8.1751,8.4286,56,0.875,18.1786
migraine,Zomig,14,35,154.4736,7.1654,7.2,60,0.6833,7.25
migraine,Frovatriptan,15,2,137.0624,8.7825,9.3333,39,0.9744,8.1026
migraine prevention,Topiramate,1,28,597.9329,6.2559,6.2357,437,0.5538,23.0778
migraine prevention,Amitriptyline,2,6,479.6422,7.7692,7.8074,244,0.7869,32.7746
migraine prevention,Topamax,3,26,435.3427,6.3262,6.2979,282,0.5603,30.5355
migraine prevention,Nortriptyline,4,2,337.3169,8.0311,8.1164,146,0.8288,40.1301
migraine prevention,Propranolol,5,11,313.8339,7.6293,7.6831,142,0.7676,29.993
migraine prevention,OnabotulinumtoxinA,6,20,178.9589,7.0219,7.0267,75,0.68,43.5867
migraine prevention,Botox,7,21,174.2053,6.9754,6.9726,73,0.6712,44.7671
migraine prevention,Divalproex sodium,8,27,134.5982,6.3227,6.1864,59,0.5593,23.7288
migraine prevention,Verapamil,9,13,120.1804,7.5559,7.725,40,0.775,41.425
migraine prevention,Elavil,10,9,115.3963,7.692,7.9189,37,0.7838,45.0811
migraine prevention,Amlodipine,11,1,94.5093,8.2081,8.7692,26,0.8462,31.0385
migraine prevention,Inderal,12,14,88.6556,7.4849,7.7037,27,0.7778,40.7037
migraine prevention,Depakote,13,29,78.7152,6.1407,5.8,30,0.4667,27.2667
migraine prevention,Zonisamide,14,24,75.2132,6.7273,6.6,25,0.68,32.68
migraine prevention,Atenolol,15,3,72.1902,7.9326,8.5263,19,0.7895,27.8421
min,Metformin,1,2,118.4319,7.0529,7.0698,43,0.6977,68.5349
min,Linagliptin / metformin,2,1,33.9897,7.1455,7.375,8,0.75,4.25
min sitagliptin,Metformin / sitagliptin,1,1,88.1266,6.2589,6.0,34,0.5,39.1176
mitral valve prolapse,Metoprolol,1,2,43.1748,7.6777,8.5,10,0.9,16.2
mitral valve prolapse,Atenolol,2,1,30.224,7.8838,9.6667,6,1.0,21.0
mitral valve prolapse,Nebivolol,3,3,28.7331,7.495,8.5,6,0.8333,28.3333
mitral valve prolapse,Bystolic,4,4,24.7649,7.4064,8.4,5,0.8,33.8
mitral valve prolapse,Propranolol,5,5,23.9781,7.1711,7.6,5,0.6,9.6
moterol,Budesonide / formoterol,1,1,241.5386,7.5255,7.5882,102,0.6863,37.049
moterol,Formoterol,2,2,31.6896,7.3636,8.0,7,0.7143,13.0
moterol mometasone,Formoterol / mometasone,1,1,93.9714,6.3939,6.1944,36,0.5556,20.6944
motion sickness,Scopolamine,1,7,195.0704,7.2248,7.2593,81,0.679,12.5802
motion sickness,Transderm-Scop,2,8,145.5669,7.2076,7.2545,55,0.6727,15.8364
motion sickness,Meclizine,3,3,127.005,8.2982,8.7105,38,0.8684,22.8684
motion sickness,Dimenhydrinate,4,1,99.0543,8.6029,9.3462,26,0.9615,23.3077
motion sickness,Bonine,5,4,94.5093,8.2081,8.7692,26,0.8846,27.6538
motion sickness,Dramamine,6,2,85.7201,8.4385,9.2273,22,0.9545,26.7727
motion sickness,Cyclizine,7,5,30.6499,7.995,10.0,6,1.0,25.1667
motion sickness,Promethazine,8,10,30.557,7.1005,7.2857,7,0.7143,12.1429
motion sickness,Marezine,9,6,26.3384,7.877,10.0,5,1.0,29.4
motion sickness,Phenergan,10,9,23.9781,7.1711,7.6,5,0.8,14.4
multiple sclerosis,Glatiramer,1,9,249.0688,7.7036,7.7864,103,0.767,37.9223
multiple sclerosis,Copaxone,2,8,243.988,7.774,7.8687,99,0.7778,39.2424
multiple sclerosis,Natalizumab,3,7,201.2142,7.8171,7.9474,76,0.75,56.8421
multiple sclerosis,Tysabri,4,6,198.0025,7.8478,7.9865,74,0.7568,58.3649
multiple sclerosis,Fingolimod,5,11,177.9351,7.3526,7.4143,70,0.7429,56.8429
multiple sclerosis,Gilenya,6,15,173.1331,7.3114,7.3676,68,0.7353,58.3824
multiple sclerosis,Interferon beta-1a,7,10,171.711,7.6788,7.8095,63,0.7937,15.254
multiple sclerosis,Ampyra,8,2,160.3334,8.2798,8.5769,52,0.8462,68.7692
multiple sclerosis,Dalfampridine,9,3,160.3334,8.2798,8.5769,52,0.8462,68.7692
multiple sclerosis,Dimethyl fumarate,10,12,96.5195,7.3467,7.4839,31,0.6774,25.5161
multiple sclerosis,Avonex,11,13,91.4122,7.3149,7.4483,29,0.6897,18.1034
multiple sclerosis,Tecfidera,12,14,91.4122,7.3149,7.4483,29,0.6897,27.2759
multiple sclerosis,Teriflunomide,13,20,75.1356,6.1727,5.8214,28,0.5357,34.9643
multiple sclerosis,Aubagio,14,21,72.8627,6.1515,5.7778,27,0.5185,36.2593
multiple sclerosis,Rebif,15,18,67.6528,7.1534,7.25,20,0.8,18.75
muscle pain,Naproxen,1,8,69.8899,6.6545,6.4783,23,0.6087,14.5652
muscle pain,Diclofenac,2,2,58.8312,7.3539,7.625,16,0.8125,25.4375
muscle pain,Methyl salicylate,3,10,39.1974,6.0795,5.1667,12,0.4167,4.1667
muscle pain,Voltaren,4,3,28.0942,7.3283,8.0,6,0.8333,43.5
muscle pain,Nabumetone,5,6,26.6033,6.9394,6.8333,6,0.6667,32.1667
muscle pain,Salonpas Pain Patch,6,9,26.2535,6.1005,4.5714,7,0.2857,6.5714
muscle pain,Aspirin / caffeine / orphenadrine,7,1,24.9616,7.4652,8.6,5,0.8,7.6
muscle pain,Advil,8,4,23.388,6.9947,7.0,5,0.6,22.0
muscle pain,Ibuprofen,9,5,23.388,6.9947,7.0,5,0.6,22.0
muscle pain,Relafen,10,7,22.6013,6.7594,6.2,5,0.6,35.2
muscle spasm,Carisoprodol,1,2,425.1069,8.9506,9.0872,172,0.9244,52.9767
muscle spasm,Cyclobenzaprine,2,21,378.505,6.1689,6.1281,242,0.5579,30.5124
muscle spasm,Soma,3,1,351.9126,8.9856,9.1654,133,0.9474,65.1203
muscle spasm,Tizanidine,4,18,318.7692,6.6252,6.6,175,0.6229,50.5657
muscle spasm,Methocarbamol,5,22,260.0969,6.0988,6.0268,149,0.5369,43.2013
muscle spasm,Diazepam,6,3,226.0875,8.2969,8.4878,82,0.8537,51.4024
muscle spasm,Flexeril,7,19,205.5224,6.4992,6.44,100,0.6,49.52
muscle spasm,Baclofen,8,16,203.5949,6.6907,6.6526,95,0.6421,50.0421
muscle spasm,Zanaflex,9,8,190.9527,7.646,7.7534,73,0.7534,84.7671
muscle spasm,Metaxalone,10,9,184.195,7.3754,7.4384,73,0.7534,38.0274
muscle spasm,Skelaxin,11,7,161.4202,7.7813,7.9474,57,0.8246,42.7368
muscle spasm,Valium,12,4,116.9266,8.1257,8.5143,35,0.8571,69.2
muscle spasm,Chlorzoxazone,13,15,112.7101,6.8317,6.7857,42,0.6667,38.3095
muscle spasm,Robaxin,14,17,101.5984,6.6382,6.5263,38,0.6053,81.8684
muscle spasm,Orphenadrine,15,13,84.0999,7.1002,7.1481,27,0.6667,32.1852
myasthenia gravis,Pyridostigmine,1,3,59.7336,7.1348,7.2353,17,0.7059,26.7647
myasthenia gravis,Mycophenolate mofetil,2,1,55.092,7.6119,8.1429,14,0.8571,31.7143
myasthenia gravis,Mestinon,3,4,34.3711,6.6147,6.1111,9,0.5556,34.1111
myasthenia gravis,CellCept,4,2,28.7331,7.495,8.5,6,0.8333,52.6667
narcolepsy,Modafinil,1,12,209.3426,7.0472,7.0543,92,0.663,25.0978
narcolepsy,Armodafinil,2,15,189.884,6.6657,6.6207,87,0.6322,17.7356
narcolepsy,Sodium oxybate,3,5,178.5243,8.0799,8.2903,62,0.871,27.2581
narcolepsy,Nuvigil,4,13,177.2291,6.8853,6.8684,76,0.6579,19.9342
narcolepsy,Xyrem,5,4,176.6832,8.0946,8.3115,61,0.8689,27.7049
narcolepsy,Provigil,6,14,174.5648,6.8495,6.8267,75,0.6267,29.3733
narcolepsy,Amphetamine / dextroamphetamine,7,1,156.6356,8.4575,8.8163,49,0.9388,42.0612
narcolepsy,Adderall,8,2,116.5931,8.2806,8.7353,34,0.9412,52.5
narcolepsy,Methylphenidate,9,8,114.1716,7.6104,7.8108,37,0.7838,35.3514
narcolepsy,Dextroamphetamine,10,3,71.6321,8.197,9.0,18,0.9444,34.4444
narcolepsy,Ritalin,11,10,64.0585,7.3303,7.5556,18,0.7778,52.4444
narcolepsy,Dexedrine,12,7,47.5091,7.8656,8.8182,11,0.9091,45.3636
narcolepsy,Adderall XR,13,6,34.1811,7.9426,9.5714,7,1.0,33.5714
narcolepsy,Lisdexamfetamine,14,9,32.5956,7.5742,8.5714,7,0.8571,9.8571
narcolepsy,Concerta,15,11,30.3305,7.0479,7.1429,7,0.7143,22.8571
nasal congestion,Oxymetazoline,1,16,150.2284,5.6693,5.4684,79,0.4937,5.1392
nasal congestion,Pseudoephedrine,2,8,122.0956,7.2711,7.3488,43,0.7442,17.9302
nasal congestion,Loratadine / pseudoephedrine,3,11,93.7697,7.1374,7.1935,31,0.6452,20.4516
nasal congestion,Afrin,4,17,77.0523,4.8444,4.2,40,0.35,6.125
nasal congestion,Claritin-D,5,9,73.1717,7.2032,7.3182,22,0.6364,26.9545
nasal congestion,Xylometazoline,6,10,70.4259,7.1791,7.2857,21,0.7143,7.6667
nasal congestion,Dexbrompheniramine / pseudoephedrine,7,1,65.7493,8.6263,9.9333,15,1.0,8.6
nasal congestion,Drixoral Cold and Allergy,8,2,54.51,8.4545,9.9167,12,1.0,10.5
nasal congestion,Naphazoline,9,3,54.51,8.4545,9.9167,12,1.0,22.3333
nasal congestion,Phenylephrine,10,6,51.7333,7.5564,8.0769,13,0.8462,3.7692
nasal congestion,Privine,11,4,50.9231,8.4308,10.0,11,1.0,24.2727
nasal congestion,Vicks Sinex Nasal Spray (old formulation),12,12,48.6895,6.7273,6.5,14,0.6429,5.6429
nasal congestion,Nostrilla,13,13,37.807,6.7231,6.4,10,0.6,6.0
nasal congestion,Sodium chloride,14,14,31.4019,6.0433,4.7778,9,0.4444,1.7778
nasal congestion,Sudafed Congestion,15,7,28.3071,7.3838,8.1667,6,0.8333,30.1667
nausea vomiting,Ondansetron,1,8,479.193,8.0611,8.1164,232,0.8017,16.8922
nausea vomiting,Zofran,2,3,320.4496,8.4208,8.5547,128,0.8594,21.2109
nausea vomiting,Promethazine,3,1,289.3636,8.5778,8.7523,109,0.8807,19.4312
nausea vomiting,Phenergan,4,2,152.0941,8.473,8.8511,47,0.8936,25.7234
nausea vomiting,Prochlorperazine,5,22,118.3806,4.7401,4.3699,73,0.3699,13.8904
nausea vomiting,Zofran ODT,6,14,99.7171,7.2424,7.3333,33,0.697,17.4848
nausea vomiting,Metoclopramide,7,23,98.5046,4.4582,3.9677,62,0.3226,16.4677
nausea vomiting,Lorazepam,8,9,89.7174,8.0246,8.52,25,0.8,31.56
nausea vomiting,Phosphorated carbohydrate solution,9,4,87.8943,8.3688,9.087,23,0.913,13.5652
nausea vomiting,Reglan,10,21,82.3416,4.8198,4.2273,44,0.3636,21.4773
nausea vomiting,Emetrol,11,5,81.7221,8.3306,9.0952,21,0.9048,14.0
nausea vomiting,Compazine,12,24,79.6842,4.4391,3.7872,47,0.2979,16.9787
nausea vomiting,Scopolamine,13,18,69.9661,6.0766,5.6538,26,0.4231,4.3077
nausea vomiting,Diphenhydramine,14,15,54.7398,7.1818,7.3333,15,0.7333,27.1333
nausea vomiting,Dimenhydrinate,15,6,53.1668,8.2462,9.5,12,1.0,30.5
nausea vomiting chemotherapy induced,Dronabinol,1,4,63.1169,7.8896,8.5625,16,0.9375,29.375
nausea vomiting chemotherapy induced,Marinol,2,3,48.8222,8.083,9.2727,11,1.0,35.7273
nausea vomiting chemotherapy induced,Aprepitant,3,1,46.7534,8.3141,9.9,10,1.0,9.3
nausea vomiting chemotherapy induced,Emend,4,2,46.7534,8.3141,9.9,10,1.0,9.3
nausea vomiting chemotherapy induced,Ondansetron,5,7,38.3301,7.3766,7.8889,9,0.7778,16.5556
nausea vomiting chemotherapy induced,Granisetron,6,5,33.5016,7.7847,9.1429,7,1.0,3.5714
nausea vomiting chemotherapy induced,Zofran,7,9,30.557,7.1005,7.2857,7,0.7143,18.5714
nausea vomiting chemotherapy induced,Dexamethasone,8,8,27.6682,7.2172,7.6667,6,0.6667,9.6667
nausea vomiting chemotherapy induced,Sancuso,9,6,25.7483,7.7005,9.4,5,1.0,4.4
nausea vomiting of pregnancy,Doxylamine / pyridoxine,1,1,183.4575,6.7947,6.7654,81,0.6543,5.9506
nausea vomiting of pregnancy,Diclegis,2,2,180.8242,6.7599,6.725,80,0.65,6.025
neuralgia,Pregabalin,1,1,121.6455,7.5077,7.6585,41,0.7805,33.561
neuralgia,Lyrica,2,2,118.957,7.479,7.625,40,0.775,34.325
neuralgia,Nortriptyline,3,3,65.2236,7.4636,7.7778,18,0.8333,33.4444
neuralgia,Baclofen,4,6,31.3735,6.5955,6.0,8,0.5,13.875
neuralgia,Levetiracetam,5,5,26.8163,6.995,7.0,6,0.8333,4.6667
neuralgia,Methylprednisolone,6,4,24.3715,7.2888,8.0,5,0.8,10.6
neuropathic pain,Pregabalin,1,1,253.9675,6.5588,6.5191,131,0.6031,41.8397
neuropathic pain,Lyrica,2,2,234.6181,6.5531,6.5085,118,0.6017,46.0932
neuropathic pain,Gabapentin,3,3,175.9911,6.3428,6.25,84,0.5595,12.0119
neuropathic pain,Lidocaine,4,4,34.8991,5.4129,3.8333,12,0.3333,9.25
neutropenia associated with chemotherapy,Neulasta,1,1,78.1472,6.7871,6.6923,26,0.6923,20.8846
neutropenia associated with chemotherapy,Pegfilgrastim,2,2,78.1472,6.7871,6.6923,26,0.6923,20.8846
night terrors,Clonazepam,1,2,55.3704,7.6504,8.2143,14,0.7857,19.7143
night terrors,Diazepam,2,1,30.6499,7.995,10.0,6,1.0,28.1667
nightmares,Prazosin,1,1,74.0909,7.0545,7.087,23,0.6957,34.087
nocturnal leg cramps,Quinine,1,3,50.749,7.8712,8.75,12,0.9167,22.5
nocturnal leg cramps,Carisoprodol,2,1,38.2709,8.0455,9.625,8,1.0,70.25
nocturnal leg cramps,Soma,3,2,30.6499,7.995,10.0,6,1.0,90.0
non hodgkin s lymphoma,Rituximab,1,2,49.6745,7.7045,8.4167,12,0.9167,48.5
non hodgkin s lymphoma,Rituxan,2,1,37.5573,7.8955,9.25,8,1.0,71.375
non small cell lung cance,Erlotinib,1,1,111.1849,8.463,9.0323,31,0.9677,80.2581
non small cell lung cance,Tarceva,2,2,111.1849,8.463,9.0323,31,0.9677,80.2581
non small cell lung cance,Nivolumab,3,5,52.58,5.5597,4.7,20,0.4,21.35
non small cell lung cance,Gefitinib,4,3,34.1811,7.9426,9.5714,7,1.0,31.0
non small cell lung cance,Iressa,5,4,34.1811,7.9426,9.5714,7,1.0,31.0
non small cell lung cance,Opdivo,6,6,33.2873,5.1629,3.3333,12,0.25,28.9167
not listed othe,Phentermine,1,2,111.796,8.5095,9.0968,31,0.9677,2.5161
not listed othe,Alprazolam,2,1,71.2813,8.5141,9.5882,17,1.0,2.1176
not listed othe,Oxycodone,3,5,64.8312,8.1039,8.9375,16,0.9375,2.5625
not listed othe,Buprenorphine / naloxone,4,3,49.6101,8.2134,9.5455,11,1.0,0.4545
not listed othe,Tramadol,5,14,48.3312,7.4962,8.0,12,0.8333,6.25
not listed othe,Gabapentin,6,11,43.1748,7.6777,8.5,10,0.9,3.4
not listed othe,Methadone,7,4,38.7465,8.1455,9.875,8,1.0,12.875
not listed othe,Acetaminophen / oxycodone,8,6,34.1811,7.9426,9.5714,7,1.0,1.1429
not listed othe,Lorazepam,9,8,33.5016,7.7847,9.1429,7,1.0,7.7143
not listed othe,Clonazepam,10,10,33.0486,7.6794,8.8571,7,0.8571,0.8571
not listed othe,Diazepam,11,7,30.224,7.8838,9.6667,6,1.0,5.3333
not listed othe,Acetaminophen / hydrocodone,12,9,29.798,7.7727,9.3333,6,1.0,2.0
not listed othe,Quetiapine,13,24,29.4245,6.8373,6.5714,7,0.7143,0.8571
not listed othe,Meloxicam,14,15,28.7331,7.495,8.5,6,0.8333,12.1667
not listed othe,Ethinyl estradiol / norethindrone,15,30,27.839,6.4689,5.5714,7,0.4286,0.0
obesity,Bupropion / naltrexone,1,23,1133.9801,6.971,6.9707,888,0.6622,26.1025
obesity,Contrave,2,24,1109.8793,6.9645,6.9641,864,0.6597,26.7789
obesity,Phentermine,3,4,773.2458,8.7106,8.7626,396,0.8889,24.9874
obesity,Liraglutide,4,12,740.4952,7.8971,7.9225,426,0.7887,25.2582
obesity,Saxenda,5,15,620.1441,7.7638,7.7907,344,0.7703,23.4767
obesity,Lorcaserin,6,9,512.1325,8.1213,8.1753,251,0.7888,54.3586
obesity,Belviq,7,10,502.6166,8.1164,8.1714,245,0.7918,55.6408
obesity,Orlistat,8,16,407.487,7.6334,7.6716,201,0.7811,59.1144
obesity,Phentermine / topiramate,9,7,350.3074,8.2557,8.3581,148,0.8378,44.6486
obesity,Qsymia,10,8,333.8776,8.2033,8.3071,140,0.8357,46.8714
obesity,Diethylpropion,11,1,306.9167,8.9749,9.1892,111,0.9369,41.9369
obesity,Phendimetrazine,12,6,302.2617,8.285,8.4132,121,0.8595,43.8264
obesity,Topiramate,13,17,288.7461,7.6324,7.6929,127,0.748,89.2756
obesity,Adipex-P,14,3,254.6473,8.7148,8.9444,90,0.8889,49.9222
obesity,Xenical,15,5,198.8878,8.3075,8.5362,69,0.8841,90.7391
obsessive compulsive disorde,Sertraline,1,9,260.1427,7.9308,8.0381,105,0.8,44.8857
obsessive compulsive disorde,Zoloft,2,2,216.2965,8.086,8.25,80,0.8125,55.3875
obsessive compulsive disorde,Fluvoxamine,3,11,213.304,7.7569,7.8675,83,0.747,39.8193
obsessive compulsive disorde,Clomipramine,4,6,202.6869,7.953,8.1067,75,0.8667,49.3867
obsessive compulsive disorde,Fluoxetine,5,4,180.9923,7.9988,8.1875,64,0.8594,42.7812
obsessive compulsive disorde,Luvox,6,7,151.7386,7.9509,8.1765,51,0.7843,54.5294
obsessive compulsive disorde,Prozac,7,3,130.8168,8.0738,8.3902,41,0.878,59.561
obsessive compulsive disorde,Anafranil,8,5,121.8012,7.9582,8.2632,38,0.9211,78.6316
obsessive compulsive disorde,Escitalopram,9,1,119.3759,8.2959,8.7429,35,0.9143,47.7429
obsessive compulsive disorde,Paroxetine,10,17,79.4896,7.3308,7.5,24,0.75,44.8333
obsessive compulsive disorde,Citalopram,11,13,74.2904,7.573,7.9048,21,0.8095,35.2857
obsessive compulsive disorde,Quetiapine,12,10,66.0848,7.8934,8.5294,17,0.8824,24.2353
obsessive compulsive disorde,Paxil,13,14,65.5149,7.497,7.8333,18,0.8333,57.6667
obsessive compulsive disorde,Aripiprazole,14,16,56.1513,7.367,7.6667,15,0.6667,28.8667
obsessive compulsive disorde,Venlafaxine,15,15,48.3312,7.4962,8.0,12,0.8333,26.0
obstructive sleep apnea hypopnea syndrome,Armodafinil,1,1,116.6204,8.1045,8.4857,35,0.8857,22.1143
obstructive sleep apnea hypopnea syndrome,Nuvigil,2,2,105.0743,7.9979,8.3871,31,0.871,24.5484
obstructive sleep apnea hypopnea syndrome,Modafinil,3,3,102.6301,7.8118,8.129,31,0.8065,33.9355
obstructive sleep apnea hypopnea syndrome,Provigil,4,4,73.8592,7.8097,8.3,20,0.8,46.9
onychomycosis toenail,Terbinafine,1,3,358.3285,7.2315,7.2473,182,0.6923,33.3187
onychomycosis toenail,Efinaconazole,2,5,182.3484,5.81,5.6667,99,0.5152,11.0404
onychomycosis toenail,Jublia,3,6,182.3484,5.81,5.6667,99,0.5152,11.0404
onychomycosis toenail,Lamisil,4,4,169.8771,7.1739,7.2059,68,0.7059,59.8235
onychomycosis toenail,Ciclopirox,5,2,63.4759,7.2636,7.4444,18,0.7778,48.6667
onychomycosis toenail,Kerydin,6,7,51.4006,5.2397,4.2381,21,0.381,11.2857
onychomycosis toenail,Tavaborole,7,8,51.4006,5.2397,4.2381,21,0.381,11.2857
onychomycosis toenail,Fluconazole,8,1,38.2709,8.0455,9.625,8,1.0,28.0
oophorectomy,Estradiol,1,3,46.2563,6.7564,6.5385,13,0.6154,18.8462
oophorectomy,Conjugated estrogens,2,1,35.8925,7.5455,8.375,8,0.875,49.625
oophorectomy,Premarin,3,2,31.9161,7.4163,8.1429,7,0.8571,56.7143
opiate dependence,Buprenorphine / naloxone,1,4,1016.9391,8.5165,8.5476,588,0.8537,30.0442
opiate dependence,Suboxone,2,1,904.7386,9.0061,9.0578,467,0.9101,33.7345
opiate dependence,Buprenorphine,3,3,280.1801,8.9271,9.1616,99,0.9596,36.2828
opiate dependence,Naltrexone,4,6,223.4642,7.712,7.809,89,0.7528,45.2697
opiate dependence,Subutex,5,2,207.1869,8.9476,9.303,66,0.9848,49.8182
opiate dependence,Vivitrol,6,5,187.952,7.8507,8.0,69,0.7826,54.5217
opiate dependence,Zubsolv,7,7,130.8249,6.6601,6.5849,53,0.6604,21.4717
opiate dependence,Bunavail,8,8,107.6625,6.3019,6.1136,44,0.5682,16.5682
opiate withdrawal,Methadone,1,1,413.0482,8.659,8.7746,173,0.8728,36.1272
opiate withdrawal,Clonidine,2,3,365.8904,8.1332,8.2188,160,0.8438,74.6625
opiate withdrawal,Catapres,3,5,85.5136,7.8864,8.3333,24,0.9167,107.125
opiate withdrawal,Methadose,4,4,73.658,8.0938,8.7895,19,0.8421,55.1579
opiate withdrawal,Methocarbamol,5,6,71.7904,7.5909,7.95,20,0.85,131.2
opiate withdrawal,Methadone Diskets,6,2,62.9264,8.2559,9.2667,15,0.9333,38.9333
opiate withdrawal,Robaxin,7,7,26.3903,6.8838,6.6667,6,0.6667,145.8333
opioid induced constipation,Naloxegol,1,4,64.1284,5.9141,5.375,24,0.5,6.4167
opioid induced constipation,Movantik,2,1,63.0135,6.2032,5.7727,22,0.5455,7.0
opioid induced constipation,Amitiza,3,2,20.0443,5.9947,3.6,5,0.4,2.8
opioid induced constipation,Lubiprostone,4,3,20.0443,5.9947,3.6,5,0.4,2.8
oral thrush,Nystatin,1,1,48.3312,7.4962,8.0,12,0.8333,29.8333
oral thrush,Clotrimazole,2,2,34.3785,5.6917,4.2727,11,0.2727,19.7273
organ transplant rejection prophylaxis,Tacrolimus,1,1,91.2283,8.1597,8.72,25,0.96,11.52
organ transplant rejection prophylaxis,Prograf,2,2,72.4838,7.9648,8.5789,19,0.9474,14.7895
organ transplant rejection prophylaxis,CellCept,3,3,35.6546,7.4955,8.25,8,0.75,11.875
organ transplant rejection prophylaxis,Mycophenolate mofetil,4,4,35.6546,7.4955,8.25,8,0.75,11.875
osteoarthritis,Diclofenac,1,2,334.5547,8.2643,8.3741,139,0.8417,43.2446
osteoarthritis,Sodium hyaluronate,2,34,299.1941,6.6506,6.625,160,0.6125,37.5438
osteoarthritis,Meloxicam,3,13,261.7582,7.4055,7.4483,116,0.75,52.25
osteoarthritis,Euflexxa,4,31,257.8726,6.7369,6.7132,129,0.6279,41.5969
osteoarthritis,Hyaluronan,5,29,232.6423,6.7573,6.7321,112,0.6339,35.4196
osteoarthritis,Hylan g-f 20,6,37,225.5835,6.3821,6.319,116,0.6034,30.8276
osteoarthritis,Orthovisc,7,30,215.0975,6.7514,6.7228,101,0.6337,38.8812
osteoarthritis,Synvisc-One,8,39,163.6233,6.1748,6.0506,79,0.5696,34.9367
osteoarthritis,Celecoxib,9,16,160.2381,7.3412,7.4098,61,0.7541,46.5902
osteoarthritis,Celebrex,10,20,150.8975,7.274,7.3333,57,0.7368,49.7193
osteoarthritis,Voltaren Gel,11,4,149.0453,8.0477,8.3061,49,0.8163,53.2245
osteoarthritis,Mobic,12,8,128.0654,7.9039,8.1707,41,0.8537,84.0488
osteoarthritis,Naproxen,13,22,101.0061,7.0193,7.0286,35,0.7143,29.9429
osteoarthritis,Voltaren,14,1,99.6603,8.6555,9.4231,26,1.0,71.0
osteoarthritis,Synvisc,15,36,91.456,6.6424,6.5152,33,0.6364,24.4848
osteoporosis,Teriparatide,1,1,130.495,6.4613,6.3455,55,0.5636,76.7091
osteoporosis,Forteo,2,2,125.3853,6.3832,6.2453,53,0.5472,79.5283
osteoporosis,Zoledronic acid,3,5,105.7427,6.0861,5.8444,45,0.5111,59.5556
osteoporosis,Denosumab,4,12,97.0611,4.0989,3.5882,68,0.2353,113.1029
osteoporosis,Prolia,5,11,96.5954,4.2196,3.7077,65,0.2462,118.0615
osteoporosis,Reclast,6,3,85.9486,6.2424,5.9697,33,0.5152,76.9394
osteoporosis,Ibandronate,7,6,64.9394,5.8084,5.24,25,0.48,48.52
osteoporosis,Boniva,8,4,57.6043,6.0909,5.55,20,0.5,59.55
osteoporosis,Risedronate,9,8,47.2372,5.1906,4.0526,19,0.2632,60.3158
osteoporosis,Alendronate,10,10,40.4852,4.4487,2.8421,19,0.1579,110.5789
osteoporosis,Actonel,11,9,35.0283,5.1164,3.3846,13,0.1538,81.0
osteoporosis,Fosamax,12,7,31.7524,5.2569,3.3636,11,0.1818,173.6364
otitis externa,Ciprodex,1,2,43.1221,5.958,5.0714,14,0.4286,2.0
otitis externa,Ciprofloxacin / dexamethasone,2,3,43.1221,5.958,5.0714,14,0.4286,2.0
otitis externa,Hydrocortisone / neomycin / polymyxin b,3,1,23.8345,6.2172,4.6667,6,0.3333,1.1667
otitis media,Cefdinir,1,13,80.111,5.0367,4.45,40,0.275,10.175
otitis media,Amoxicillin / clavulanate,2,12,58.4871,5.5688,4.8261,23,0.3478,7.2174
otitis media,Omnicef,3,6,53.4026,6.6753,6.4375,16,0.4375,12.9375
otitis media,Ciprodex,4,3,53.046,6.9596,6.9333,15,0.6667,15.5333
otitis media,Ciprofloxacin / dexamethasone,5,4,53.046,6.9596,6.9333,15,0.6667,15.5333
otitis media,Clarithromycin,6,1,51.7516,7.1504,7.2857,14,0.7143,7.2143
otitis media,Azithromycin,7,2,45.6448,7.0795,7.1667,12,0.6667,15.25
otitis media,Augmentin,8,9,44.8594,5.8855,5.0,15,0.3333,10.5333
otitis media,Amoxicillin,9,7,28.292,6.5742,5.8571,7,0.4286,8.1429
otitis media,Sulfamethoxazole / trimethoprim,10,8,24.4735,6.3838,5.1667,6,0.3333,6.5
otitis media,Zithromax,11,5,23.1914,6.9358,6.8,5,0.6,23.2
otitis media,Levofloxacin,12,10,19.651,5.877,3.2,5,0.2,11.0
otitis media,Hydrocortisone / neomycin / polymyxin b,13,11,19.0609,5.7005,2.6,5,0.2,2.6
ovarian cysts,Ethinyl estradiol / norgestimate,1,6,155.9888,6.246,6.1233,73,0.5342,7.2329
ovarian cysts,Ethinyl estradiol / levonorgestrel,2,8,80.7472,5.8646,5.4545,33,0.4545,3.7879
ovarian cysts,Sprintec,3,4,67.1559,6.8457,6.7619,21,0.5714,11.9524
ovarian cysts,Ortho Tri-Cyclen Lo,4,2,50.0813,6.9196,6.8571,14,0.6429,8.8571
ovarian cysts,Tri-Sprintec,5,3,35.6083,6.8528,6.6667,9,0.6667,3.3333
ovarian cysts,Aviane,6,9,30.4121,5.8528,4.3333,9,0.4444,3.8889
ovarian cysts,Mononessa,7,1,30.3305,7.0479,7.1429,7,0.5714,8.8571
ovarian cysts,Ortho Tri-Cyclen,8,7,26.7065,6.2057,4.8571,7,0.2857,1.7143
ovarian cysts,LoSeasonique,9,5,25.3254,6.6061,5.8333,6,0.3333,7.3333
overactive bladde,Oxybutynin,1,11,235.1689,6.5685,6.5254,118,0.5678,30.5085
overactive bladde,Mirabegron,2,15,185.2489,5.7296,5.5825,103,0.466,40.5437
overactive bladde,Botox,3,13,162.2132,5.744,5.5698,86,0.4884,47.2558
overactive bladde,OnabotulinumtoxinA,4,14,162.2132,5.744,5.5698,86,0.4884,47.2558
overactive bladde,Myrbetriq,5,12,160.762,6.0099,5.8625,80,0.5,49.9375
overactive bladde,Solifenacin,6,19,143.8063,5.6426,5.4267,75,0.4667,40.24
overactive bladde,VESIcare,7,21,133.5682,5.5791,5.3333,69,0.4493,43.3623
overactive bladde,Oxytrol,8,5,121.7903,7.2529,7.3256,43,0.6744,49.2558
overactive bladde,Tolterodine,9,8,98.2506,6.8279,6.7714,35,0.5714,24.4571
overactive bladde,Fesoterodine,10,16,80.4743,5.7154,5.2647,34,0.4118,29.2647
overactive bladde,Toviaz,11,17,80.4743,5.7154,5.2647,34,0.4118,29.2647
overactive bladde,Trospium,12,2,69.1305,7.3097,7.5,20,0.75,29.3
overactive bladde,Tamsulosin,13,18,63.4285,5.6732,5.04,25,0.32,43.72
overactive bladde,Detrol,14,3,52.865,7.3042,7.5714,14,0.6429,33.8571
overactive bladde,Sanctura,15,4,52.865,7.3042,7.5714,14,0.7857,34.4286
pain,Acetaminophen / hydrocodone,1,28,778.9297,7.9459,7.9712,452,0.8075,26.2566
pain,Oxycodone,2,3,755.7028,8.7804,8.8368,380,0.9026,45.7342
pain,Acetaminophen / oxycodone,3,7,716.512,8.6158,8.6694,363,0.9118,24.3113
pain,Tramadol,4,109,686.3422,6.4813,6.4691,501,0.6347,29.5549
pain,Hydromorphone,5,14,523.271,8.2487,8.3083,253,0.8261,22.4111
pain,Diclofenac,6,38,518.5046,7.7629,7.797,271,0.7934,24.4797
pain,Dilaudid,7,9,463.7932,8.3478,8.4245,212,0.8443,24.3066
pain,Tapentadol,8,108,450.9611,6.5014,6.4807,285,0.6035,40.1368
pain,OxyContin,9,4,432.4642,8.6918,8.8033,183,0.8962,73.5847
pain,Percocet,10,5,402.5044,8.6643,8.7844,167,0.9341,31.3174
pain,Gabapentin,11,105,402.2264,6.6172,6.5983,239,0.6527,60.523
pain,Oxymorphone,12,37,397.2625,7.8245,7.8777,188,0.8138,37.117
pain,Ketorolac,13,80,379.6181,7.3313,7.3523,193,0.7306,14.1865
pain,Methadone,14,6,374.2719,8.6458,8.7763,152,0.9013,39.6053
pain,Fentanyl,15,10,366.6627,8.3468,8.4516,155,0.9161,27.7097
panic disorde,Clonazepam,1,3,569.2513,8.947,9.0394,254,0.9252,38.378
panic disorde,Alprazolam,2,1,532.451,9.0746,9.1842,228,0.9342,41.3816
panic disorde,Sertraline,3,15,514.7284,7.7064,7.738,271,0.7675,39.7159
panic disorde,Zoloft,4,16,423.1584,7.6708,7.7095,210,0.7571,49.3429
panic disorde,Xanax,5,2,391.4294,9.0421,9.2039,152,0.9408,53.5921
panic disorde,Klonopin,6,4,369.1258,8.8338,8.9862,145,0.9172,57.2345
panic disorde,Paroxetine,7,12,206.9923,7.7381,7.85,80,0.775,26.5125
panic disorde,Lorazepam,8,5,168.0876,8.438,8.7593,54,0.8889,43.9074
panic disorde,Paxil,9,10,166.0807,7.8015,7.9661,59,0.7966,32.8983
panic disorde,Fluoxetine,10,11,161.7208,7.7958,7.9649,57,0.807,45.6667
panic disorde,Citalopram,11,18,144.7713,7.5859,7.7255,51,0.7647,37.3725
panic disorde,Buspirone,12,29,139.4065,6.0897,5.9231,65,0.5538,50.9692
panic disorde,Prozac,13,14,115.7025,7.7124,7.9459,37,0.8108,63.973
panic disorde,Ativan,14,6,102.2187,8.3977,9.0,28,0.8571,55.5714
panic disorde,Venlafaxine,15,21,96.4171,7.5216,7.7333,30,0.7667,26.6
paranoid disorde,Olanzapine,1,2,41.469,6.8656,6.7273,11,0.6364,16.8182
paranoid disorde,Quetiapine,2,1,36.3506,6.9957,7.0,9,0.6667,15.4444
paranoid disorde,Risperidone,3,4,28.995,6.0955,4.75,8,0.375,11.5
paranoid disorde,Zyprexa,4,3,27.1595,6.311,5.1429,7,0.4286,19.1429
parkinson s,Carbidopa / levodopa,1,7,66.5987,6.5562,6.3182,22,0.5909,35.0909
parkinson s,Neupro,2,8,41.8838,6.4962,6.0,12,0.5833,20.25
parkinson s,Rotigotine,3,9,41.8838,6.4962,6.0,12,0.5833,20.25
parkinson s,Rytary,4,14,34.6411,5.7352,4.3636,11,0.2727,21.9091
parkinson s,Amantadine,5,2,33.7519,7.0955,7.25,8,0.625,16.5
parkinson s,Pramipexole,6,11,29.9464,6.2955,5.25,8,0.5,28.5
parkinson s,Ropinirole,7,12,29.9464,6.2955,5.25,8,0.375,22.0
parkinson s,Carbidopa / entacapone / levodopa,8,4,28.9715,6.7321,6.2857,7,0.5714,9.1429
parkinson s,Rasagiline,9,6,28.745,6.6794,6.1429,7,0.4286,36.1429
parkinson s,Sinemet,10,1,27.6682,7.2172,7.6667,6,0.8333,69.3333
parkinson s,Azilect,11,3,26.3903,6.8838,6.6667,6,0.5,41.8333
parkinson s,Stalevo,12,5,22.4046,6.7005,6.0,5,0.6,12.4
parkinson s,Entacapone,13,10,21.6178,6.4652,5.2,5,0.6,6.2
parkinson s,Trihexyphenidyl,14,13,20.0443,5.9947,3.6,5,0.4,11.2
perimenopausal symptoms,Clonidine,1,2,138.7546,6.7781,6.7321,56,0.6607,35.4286
perimenopausal symptoms,Progesterone,2,1,23.9781,7.1711,7.6,5,0.8,43.6
period pain,Naproxen,1,1,169.6787,7.9706,8.1695,59,0.7966,22.0508
period pain,Diclofenac,2,3,98.5535,7.6883,7.9667,30,0.8333,12.9667
period pain,Mefenamic acid,3,7,92.7179,6.585,6.4412,34,0.5882,12.6765
period pain,Cataflam,4,2,57.0406,7.8811,8.6429,14,0.9286,15.2857
period pain,Ibuprofen,5,5,48.721,7.1164,7.2308,13,0.7692,10.2308
period pain,Ponstel,6,6,46.804,6.8364,6.6923,13,0.6154,13.3077
period pain,Aleve,7,4,28.3071,7.3838,8.1667,6,0.8333,18.8333
periodic limb movement disorde,Clonazepam,1,1,57.5973,7.958,8.7857,14,1.0,20.4286
periodic limb movement disorde,Klonopin,2,2,44.4529,7.905,9.0,10,1.0,26.7
periodic limb movement disorde,Ropinirole,3,5,29.4224,5.6623,3.8889,9,0.3333,18.0
periodic limb movement disorde,Requip,4,4,26.48,6.1531,4.7143,7,0.4286,21.8571
periodic limb movement disorde,Baclofen,5,3,23.388,6.9947,7.0,5,0.8,20.8
peripheral neuropathy,Gabapentin,1,5,251.5149,6.8941,6.8843,121,0.6529,60.0909
peripheral neuropathy,Neurontin,2,4,70.4828,6.9385,6.9091,22,0.6364,69.3182
peripheral neuropathy,Duloxetine,3,8,67.1892,6.3974,6.087,23,0.5217,28.2174
peripheral neuropathy,Pregabalin,4,2,67.0617,7.0909,7.15,20,0.75,18.65
peripheral neuropathy,Cymbalta,5,7,48.9679,6.7657,6.5714,14,0.5,41.7857
peripheral neuropathy,Lyrica,6,3,45.6448,7.0795,7.1667,12,0.75,25.6667
peripheral neuropathy,Carbamazepine,7,6,32.3248,6.7955,6.5,8,0.625,17.375
peripheral neuropathy,Capsaicin,8,1,23.7814,7.1123,7.4,5,0.8,27.0
pharyngitis,Prednisone,1,1,43.9416,7.8141,8.8,10,0.9,16.9
photoaging of the skin,Tretinoin,1,1,93.2112,7.8695,8.2593,27,0.8519,62.8148
photoaging of the skin,Retin-A,2,2,25.7483,7.7005,9.4,5,1.0,141.8
plaque psoriasis,Apremilast,1,10,218.5472,5.8461,5.736,125,0.496,21.04
plaque psoriasis,Otezla,2,11,213.92,5.7919,5.6748,123,0.4878,21.3577
plaque psoriasis,Secukinumab,3,2,97.813,7.8271,8.1724,29,0.7586,18.6897
plaque psoriasis,Ixekizumab,4,5,95.5014,7.4502,7.6333,30,0.7333,12.4333
plaque psoriasis,Taltz,5,6,92.3266,7.388,7.5517,29,0.7241,12.8621
plaque psoriasis,Cosentyx,6,1,92.0853,7.9976,8.4615,26,0.8077,20.8077
plaque psoriasis,Adalimumab,7,8,48.9679,6.7657,6.5714,14,0.5714,14.7143
plaque psoriasis,Humira,8,9,48.9679,6.7657,6.5714,14,0.5714,14.7143
plaque psoriasis,Enbrel,9,3,39.0724,7.5195,8.2222,9,0.7778,23.1111
plaque psoriasis,Etanercept,10,4,39.0724,7.5195,8.2222,9,0.7778,23.1111
plaque psoriasis,Betamethasone / calcipotriene,11,7,26.6033,6.9394,6.8333,6,0.6667,3.1667
pneumococcal prophylaxis,Pneumococcal 13-valent vaccine,1,2,43.8554,5.2382,4.0,17,0.2353,5.3529
pneumococcal prophylaxis,Prevnar 13,2,1,42.3188,5.5522,4.4,15,0.2667,6.0667
pneumonia,Levofloxacin,1,9,155.9873,5.4291,5.2159,88,0.4545,23.7841
pneumonia,Moxifloxacin,2,3,119.6826,7.9777,8.2973,37,0.8919,20.3514
pneumonia,Avelox,3,4,109.508,7.9535,8.303,33,0.8788,22.2121
pneumonia,Levaquin,4,10,103.2704,5.4113,5.0392,51,0.4314,33.9216
pneumonia,Clarithromycin,5,5,95.6794,7.6563,7.931,29,0.7241,11.7241
pneumonia,Doxycycline,6,8,67.9611,6.0786,5.64,25,0.44,21.96
pneumonia,Ceftriaxone,7,1,58.1541,8.035,8.9286,14,0.8571,23.6429
pneumonia,Rocephin,8,2,58.1541,8.035,8.9286,14,0.8571,23.6429
pneumonia,Azithromycin,9,6,52.4814,6.8855,6.8,15,0.7333,22.4
pneumonia,Cefuroxime,10,7,22.2079,6.6417,5.8,5,0.6,32.0
polycystic ovary syndrome,Metformin,1,1,360.067,7.7162,7.7679,168,0.7619,39.5119
polycystic ovary syndrome,Ethinyl estradiol / norethindrone,2,10,143.2917,6.4853,6.3871,62,0.5484,10.2903
polycystic ovary syndrome,Loestrin 24 Fe,3,5,74.0909,7.0545,7.087,23,0.5652,16.6957
polycystic ovary syndrome,Ethinyl estradiol / levonorgestrel,4,12,69.8256,5.8951,5.4074,27,0.4074,4.8519
polycystic ovary syndrome,Desogestrel / ethinyl estradiol,5,3,46.988,7.2879,7.5833,12,0.75,9.6667
polycystic ovary syndrome,Drospirenone / ethinyl estradiol,6,4,45.9135,7.1212,7.25,12,0.6667,13.0
polycystic ovary syndrome,Microgestin Fe 1 / 20,7,11,31.8967,6.1385,5.0,9,0.3333,10.2222
polycystic ovary syndrome,Glucophage,8,2,24.5682,7.3476,8.2,5,0.8,90.0
polycystic ovary syndrome,Junel Fe 1 / 20,9,6,23.1914,6.9358,6.8,5,0.6,12.2
polycystic ovary syndrome,Seasonique,10,7,22.4046,6.7005,6.0,5,0.4,6.6
polycystic ovary syndrome,LoSeasonique,11,8,22.2079,6.6417,5.8,5,0.6,5.4
polycystic ovary syndrome,Necon 1 / 35,12,9,22.0112,6.5829,5.6,5,0.6,8.2
post traumatic stress disorde,Sertraline,1,11,173.3874,7.4039,7.4776,67,0.7463,31.1493
post traumatic stress disorde,Prazosin,2,8,167.4141,7.67,7.8033,61,0.7705,37.9016
post traumatic stress disorde,Zoloft,3,13,135.6865,7.3264,7.4082,49,0.7347,40.1429
post traumatic stress disorde,Quetiapine,4,12,104.0433,7.3893,7.5294,34,0.7353,20.5882
post traumatic stress disorde,Paroxetine,5,14,72.8729,7.1738,7.2727,22,0.7273,23.4091
post traumatic stress disorde,Lamotrigine,6,1,66.2598,8.2825,9.25,16,0.9375,40.1875
post traumatic stress disorde,Mirtazapine,7,21,66.0012,6.4973,6.2273,22,0.6364,20.4091
post traumatic stress disorde,Risperidone,8,16,64.8511,7.1261,7.2105,19,0.6316,22.7895
post traumatic stress disorde,Paxil,9,17,63.6768,6.9971,7.0,19,0.6842,26.6842
post traumatic stress disorde,Asenapine,10,3,62.8312,7.8539,8.5,16,0.875,18.6875
post traumatic stress disorde,Desvenlafaxine,11,2,52.0922,8.0795,9.1667,12,0.9167,18.5833
post traumatic stress disorde,Venlafaxine,12,19,45.7086,6.6764,6.3846,13,0.6154,4.9231
post traumatic stress disorde,Pristiq,13,4,40.8044,7.8528,9.0,9,0.8889,22.6667
post traumatic stress disorde,Saphris,14,7,40.0621,7.71,8.6667,9,0.8889,31.6667
post traumatic stress disorde,Amitriptyline,15,5,37.0817,7.7955,9.0,8,0.875,14.25
postherpetic neuralgia,Gabapentin,1,1,111.7302,7.6023,7.8056,36,0.8056,42.3333
postherpetic neuralgia,Lyrica,2,4,55.6883,6.961,6.9375,16,0.5625,32.0
postherpetic neuralgia,Pregabalin,3,5,55.6883,6.961,6.9375,16,0.5625,32.0
postherpetic neuralgia,Neurontin,4,2,50.0902,7.3164,7.6154,13,0.7692,77.0
postherpetic neuralgia,Gabapentin enacarbil,5,3,31.4631,7.311,7.8571,7,0.8571,9.1429
postherpetic neuralgia,Capsaicin,6,6,25.5384,6.6616,6.0,6,0.6667,15.0
postherpetic neuralgia,Lidocaine,7,7,19.4543,5.8182,3.0,5,0.2,13.6
postherpetic neuralgia,Lidoderm,8,8,19.4543,5.8182,3.0,5,0.2,13.6
postmenopausal symptoms,Estradiol,1,9,295.9711,7.4318,7.4706,136,0.6985,33.5368
postmenopausal symptoms,Conjugated estrogens,2,1,91.4793,7.945,8.3846,26,0.7692,41.1154
postmenopausal symptoms,Angeliq,3,5,72.677,7.6847,8.1,20,0.8,28.4
postmenopausal symptoms,Drospirenone / estradiol,4,6,72.677,7.6847,8.1,20,0.8,28.4
postmenopausal symptoms,Premarin,5,2,69.3018,7.9303,8.5556,18,0.8333,56.8333
postmenopausal symptoms,Estradiol / norethindrone,6,11,62.0194,7.097,7.1667,18,0.6667,12.7778
postmenopausal symptoms,Vivelle-Dot,7,7,60.2598,7.5325,7.9375,16,0.75,41.0625
postmenopausal symptoms,Femring,8,3,59.2565,7.7744,8.4,15,0.8667,15.6
postmenopausal symptoms,Evamist,9,4,58.9742,7.7374,8.3333,15,0.8,42.4667
postmenopausal symptoms,Climara,10,17,50.7876,6.6633,6.4,15,0.6,32.8
postmenopausal symptoms,Estradiol / levonorgestrel,11,19,44.5455,5.5682,4.5,16,0.3125,5.5625
postmenopausal symptoms,Conjugated estrogens / medroxyprogesterone,12,10,43.0447,7.1265,7.2727,11,0.7273,27.3636
postmenopausal symptoms,Climara Pro,13,20,41.7542,5.4781,4.2667,15,0.2667,5.9333
postmenopausal symptoms,Estradiol Patch,14,18,37.0402,6.5868,6.1,10,0.6,31.0
postmenopausal symptoms,Prempro,15,12,36.8455,7.0909,7.2222,9,0.7778,32.2222
postoperative ocular inflammation,Prednisolone,1,1,18.4708,5.5241,2.0,5,0.0,14.6
postoperative pain,Ketorolac,1,1,84.8132,7.366,7.5385,26,0.7308,11.9615
postoperative pain,Toradol,2,2,52.1991,6.8485,6.7333,15,0.6667,18.0
postpartum depression,Citalopram,1,5,69.8314,7.1185,7.1905,21,0.7143,21.619
postpartum depression,Sertraline,2,1,69.5481,7.6422,8.0526,19,0.8421,22.7368
postpartum depression,Zoloft,3,2,63.4866,7.5831,8.0,17,0.8235,25.3529
postpartum depression,Venlafaxine,4,6,53.6106,7.0337,7.0667,15,0.6667,10.9333
postpartum depression,Celexa,5,4,46.1821,7.1629,7.3333,12,0.75,30.8333
postpartum depression,Effexor XR,6,3,45.6709,7.5613,8.1818,11,0.8182,12.0
postpartum depression,Paroxetine,7,7,26.6033,6.9394,6.8333,6,0.6667,16.0
postpartum depression,Paxil,8,8,26.6033,6.9394,6.8333,6,0.6667,16.0
postural orthostatic tachycardia syndrome,Fludrocortisone,1,1,44.0952,7.3004,7.6364,11,0.7273,10.6364
postural orthostatic tachycardia syndrome,Midodrine,2,3,33.3814,6.4242,5.6667,9,0.5556,22.3333
postural orthostatic tachycardia syndrome,ProAmatine,3,2,22.4046,6.7005,6.0,5,0.6,26.0
precocious puberty,Leuprolide,1,1,49.2462,6.8042,6.6429,14,0.6429,20.1429
precocious puberty,Lupron Depot-PED,2,2,45.9824,6.7164,6.4615,13,0.6154,21.5385
premature lab,Hydroxyprogesterone,1,1,122.5825,6.829,6.7872,47,0.6596,9.1915
premature lab,Makena,2,2,122.5825,6.829,6.7872,47,0.6596,9.1915
premature lab,Terbutaline,3,3,24.6865,6.4394,5.3333,6,0.6667,3.6667
premenstrual dysphoric disorde,Fluoxetine,1,1,212.3779,8.4175,8.6486,74,0.8784,43.1892
premenstrual dysphoric disorde,Drospirenone / ethinyl estradiol,2,12,197.3838,7.178,7.2048,83,0.7349,18.494
premenstrual dysphoric disorde,Yaz,3,7,147.4458,7.5063,7.6226,53,0.7736,22.8113
premenstrual dysphoric disorde,Sertraline,4,2,121.2219,8.2481,8.6667,36,0.9167,44.5278
premenstrual dysphoric disorde,Zoloft,5,4,103.742,8.0931,8.5333,30,0.9,52.5
premenstrual dysphoric disorde,Sarafem,6,5,70.1757,8.0303,8.7222,18,0.8889,61.1667
premenstrual dysphoric disorde,Gianvi,7,10,60.5996,7.2382,7.4118,17,0.7647,10.5294
premenstrual dysphoric disorde,Citalopram,8,3,59.2676,8.1888,9.2143,14,0.9286,32.4286
premenstrual dysphoric disorde,Drospirenone / ethinyl estradiol / levomefolate calcium,9,9,44.0952,7.3004,7.6364,11,0.7273,16.0909
premenstrual dysphoric disorde,Prozac,10,11,43.5699,7.2134,7.4545,11,0.7273,58.2727
premenstrual dysphoric disorde,Beyaz,11,8,41.6412,7.405,7.9,10,0.8,17.7
premenstrual dysphoric disorde,Escitalopram,12,6,37.5573,7.8955,9.25,8,1.0,42.375
premenstrual dysphoric disorde,Yasmin,13,13,26.3903,6.8838,6.6667,6,0.6667,20.0
prevention of bladder infection,Nitrofurantoin,1,2,118.7372,7.0711,7.093,43,0.6744,35.9535
prevention of bladder infection,Macrobid,2,4,47.2976,6.535,6.1429,14,0.5714,47.1429
prevention of bladder infection,Methenamine,3,1,38.5087,8.0955,9.75,8,1.0,44.375
prevention of bladder infection,Macrodantin,4,3,36.598,7.0433,7.1111,9,0.6667,51.8889
prevention of osteoporosis,Alendronate,1,1,27.5826,4.905,2.4,10,0.1,52.0
prevention of thromboembolism in atrial fibrillation,Dabigatran,1,1,160.3108,7.2555,7.3065,62,0.6774,43.3548
prevention of thromboembolism in atrial fibrillation,Pradaxa,2,2,156.2701,7.2487,7.3,60,0.6833,44.75
prevention of thromboembolism in atrial fibrillation,Apixaban,3,4,94.2709,6.2839,6.0541,37,0.5405,42.1351
prevention of thromboembolism in atrial fibrillation,Eliquis,4,3,89.0083,6.4646,6.2727,33,0.5758,45.6061
primary immunodeficiency syndrome,Immune globulin subcutaneous,1,1,62.0194,7.097,7.1667,18,0.7222,7.9444
primary immunodeficiency syndrome,Hizentra,2,2,43.227,6.7045,6.4167,12,0.6667,10.5
prostate cance,Leuprolide,1,11,121.0613,6.7442,6.6809,47,0.617,53.383
prostate cance,Lupron,2,8,88.4817,6.9026,6.8667,30,0.6667,70.9667
prostate cance,Abiraterone,3,1,52.3609,8.1212,9.25,12,0.9167,35.25
prostate cance,Zytiga,4,2,52.3609,8.1212,9.25,12,0.9167,35.25
prostate cance,Bicalutamide,5,3,35.1789,7.3955,8.0,8,0.875,71.125
prostate cance,Eligard,6,7,30.7835,7.1531,7.4286,7,0.5714,20.1429
prostate cance,Casodex,7,4,27.8812,7.2727,7.8333,6,0.8333,85.8333
prostate cance,Lupron Depot,8,9,26.3903,6.8838,6.6667,6,0.6667,37.8333
prostate cance,Goserelin,9,5,24.1748,7.23,7.8,5,0.8,48.0
prostate cance,Zoladex,10,6,24.1748,7.23,7.8,5,0.8,48.0
prostate cance,Sipuleucel-T,11,10,22.6013,6.7594,6.2,5,0.4,11.8
prostatitis,Ciprofloxacin,1,7,68.8589,4.7853,4.0286,35,0.2286,16.2
prostatitis,Sulfamethoxazole / trimethoprim,2,6,46.5808,5.3303,4.2222,18,0.3333,11.3889
prostatitis,Cipro,3,4,44.2598,5.5325,4.4375,16,0.3125,27.5
prostatitis,Levofloxacin,4,3,31.1612,5.5413,3.8,10,0.3,14.8
prostatitis,Levaquin,5,2,26.7065,6.2057,4.8571,7,0.4286,20.2857
prostatitis,Bactrim DS,6,1,24.4735,6.3838,5.1667,6,0.5,11.5
prostatitis,Bactrim,7,5,21.0658,5.495,2.5,6,0.1667,16.3333
pruritus,Hydroxyzine,1,2,76.1764,7.0253,7.0417,24,0.75,25.5417
pruritus,Atarax,2,1,24.5682,7.3476,8.2,5,1.0,45.8
pseudobulbar affect,Dextromethorphan / quinidine,1,2,53.6503,7.8364,8.6154,13,0.8462,41.3077
pseudobulbar affect,Nuedexta,2,1,51.8236,8.0379,9.0833,12,0.9167,44.75
pseudotumor cerebri,Acetazolamide,1,2,146.484,6.7111,6.6557,61,0.6393,15.4098
pseudotumor cerebri,Diamox,2,1,78.7532,6.8397,6.7692,26,0.6154,24.6154
psoriasis,Ustekinumab,1,2,240.9647,8.3159,8.4944,89,0.8764,33.2697
psoriasis,Stelara,2,4,238.4474,8.2991,8.4773,88,0.875,33.6364
psoriasis,Adalimumab,3,14,201.4575,7.4614,7.5309,81,0.7284,27.4198
psoriasis,Humira,4,15,198.8511,7.4338,7.5,80,0.725,27.75
psoriasis,Methotrexate,5,7,182.8122,7.9858,8.1692,65,0.8615,48.7231
psoriasis,Clobetasol,6,1,147.5022,8.4896,8.8889,45,0.8667,22.5778
psoriasis,Betamethasone / calcipotriene,7,21,115.5923,7.2675,7.35,40,0.7,10.175
psoriasis,Taclonex,8,17,99.6567,7.407,7.5625,32,0.7188,12.1562
psoriasis,Etanercept,9,9,84.0076,7.7475,8.125,24,0.7917,11.75
psoriasis,Clobex,10,6,79.344,8.0882,8.7143,21,0.8095,31.0
psoriasis,Enbrel,11,12,77.952,7.6738,8.0455,22,0.7727,12.6818
psoriasis,Mometasone,12,3,60.1027,8.3042,9.4286,14,1.0,28.2857
psoriasis,Fluocinonide,13,19,53.1434,7.3427,7.6429,14,0.7143,17.6429
psoriasis,Calcipotriene,14,23,52.0299,7.1888,7.3571,14,0.7857,21.9286
psoriasis,Elocon,15,5,49.8727,8.2569,9.6364,11,1.0,33.1818
psoriatic arthritis,Adalimumab,1,5,141.1362,7.3954,7.4902,51,0.6863,28.5882
psoriatic arthritis,Humira,2,6,141.1362,7.3954,7.4902,51,0.6863,28.5882
psoriatic arthritis,Apremilast,3,16,129.4303,5.4063,5.1304,69,0.3768,20.5217
psoriatic arthritis,Otezla,4,15,127.2172,5.5573,5.2923,65,0.4,21.7231
psoriatic arthritis,Etanercept,5,1,112.6139,7.998,8.3529,34,0.8529,22.4412
psoriatic arthritis,Enbrel,6,2,109.508,7.9535,8.303,33,0.8485,23.1212
psoriatic arthritis,Methotrexate,7,8,47.8544,6.6119,6.2857,14,0.5714,14.1429
psoriatic arthritis,Infliximab,8,3,47.5091,7.8656,8.8182,11,0.9091,19.4545
psoriatic arthritis,Remicade,9,4,47.5091,7.8656,8.8182,11,0.9091,19.4545
psoriatic arthritis,Ustekinumab,10,9,44.887,6.5564,6.1538,13,0.6154,14.7692
psoriatic arthritis,Golimumab,11,10,43.5178,6.3564,5.7692,13,0.4615,16.9231
psoriatic arthritis,Simponi,12,11,43.5178,6.3564,5.7692,13,0.4615,16.9231
psoriatic arthritis,Stelara,13,7,43.4957,6.7462,6.5,12,0.6667,15.8333
psoriatic arthritis,Sulfasalazine,14,14,40.5406,6.2879,5.5833,12,0.5,27.9167
psoriatic arthritis,Cosentyx,15,17,26.948,5.1862,2.7778,9,0.2222,8.7778
psychosis,Haloperidol,1,2,104.68,7.2747,7.3714,35,0.7714,18.8286
psychosis,Haldol,2,1,49.4058,7.6629,8.3333,12,0.8333,38.6667
psychosis,Perphenazine,3,5,32.3248,6.7955,6.5,8,0.625,10.375
psychosis,Fluphenazine,4,6,29.198,6.7847,6.4286,7,0.7143,14.4286
psychosis,Fanapt,5,3,26.1773,6.8283,6.5,6,0.5,20.3333
psychosis,Iloperidone,6,4,26.1773,6.8283,6.5,6,0.5,20.3333
pulmonary embolism,Rivaroxaban,1,2,99.7889,6.7898,6.7222,36,0.6944,23.7222
pulmonary embolism,Xarelto,2,3,92.6799,6.7313,6.6364,33,0.6667,25.6667
pulmonary embolism,Apixaban,3,1,31.2366,7.2584,7.7143,7,0.7143,25.7143
pulmonary hypertension,Ambrisentan,1,2,41.8968,7.4504,8.0,10,0.8,16.3
pulmonary hypertension,Treprostinil,2,4,40.8743,7.2686,7.6,10,0.9,6.8
pulmonary hypertension,Letairis,3,1,40.3096,7.7576,8.7778,9,0.8889,18.1111
pulmonary hypertension,Tyvaso,4,3,38.5775,7.4242,8.0,9,1.0,7.5556
pulmonary hypertension,Revatio,5,5,31.6113,6.6455,6.125,8,0.625,21.625
pulmonary hypertension,Sildenafil,6,6,31.6113,6.6455,6.125,8,0.625,21.625
pulmonary hypertension,Selexipag,7,10,23.4086,6.1061,4.3333,6,0.1667,6.1667
pulmonary hypertension,Adcirca,8,7,21.8145,6.5241,5.4,5,0.4,10.8
pulmonary hypertension,Tadalafil,9,8,21.8145,6.5241,5.4,5,0.4,10.8
pulmonary hypertension,Uptravi,10,9,20.6344,6.1711,4.2,5,0.2,7.4
raynaud s syndrome,Nifedipine,1,1,100.574,7.4752,7.6562,32,0.7812,21.0625
raynaud s syndrome,Procardia,2,2,23.5847,7.0535,7.2,5,0.6,26.8
reflex sympathetic dystrophy syndrome,Gabapentin,1,3,54.5371,6.5141,6.1765,17,0.5294,7.0588
reflex sympathetic dystrophy syndrome,Pregabalin,2,2,51.1948,7.0734,7.1429,14,0.7857,11.2143
reflex sympathetic dystrophy syndrome,Lyrica,3,4,33.6288,6.4719,5.7778,9,0.6667,11.7778
reflex sympathetic dystrophy syndrome,Trazodone,4,1,31.01,7.2057,7.5714,7,0.7143,29.0
renal cell carcinoma,Pazopanib,1,1,125.1282,8.0178,8.3333,39,0.8205,53.359
renal cell carcinoma,Votrient,2,2,108.896,7.9091,8.2424,33,0.8182,62.1818
renal cell carcinoma,Sunitinib,3,3,65.5149,7.497,7.8333,18,0.8333,51.1667
renal cell carcinoma,Sutent,4,4,59.6883,7.461,7.8125,16,0.8125,56.6875
restless legs syndrome,Ropinirole,1,15,327.1647,6.6854,6.6648,179,0.6201,22.1508
restless legs syndrome,Pramipexole,2,11,269.538,7.3426,7.377,122,0.7049,29.041
restless legs syndrome,Tramadol,3,1,227.2471,8.3395,8.5366,82,0.8902,30.8415
restless legs syndrome,Mirapex,4,7,205.5385,7.6838,7.7875,80,0.7625,38.8375
restless legs syndrome,Gabapentin,5,6,184.0851,7.7739,7.9118,68,0.7941,51.8382
restless legs syndrome,Requip,6,16,175.2416,6.6768,6.6282,78,0.6154,36.3462
restless legs syndrome,Clonazepam,7,5,128.5972,7.7946,8.0238,42,0.7619,42.8333
restless legs syndrome,Neupro,8,2,89.4153,7.9975,8.48,25,0.88,24.08
restless legs syndrome,Rotigotine,9,3,89.4153,7.9975,8.48,25,0.88,24.08
restless legs syndrome,Carbidopa / levodopa,10,4,74.1548,7.8409,8.35,20,0.85,34.25
restless legs syndrome,Gabapentin enacarbil,11,13,58.5455,7.3182,7.5625,16,0.6875,35.3125
restless legs syndrome,Horizant,12,9,57.2804,7.5152,7.9333,15,0.7333,37.4667
restless legs syndrome,Sinemet,13,12,47.2567,7.3295,7.6667,12,0.75,45.3333
restless legs syndrome,Klonopin,14,10,44.883,7.4308,7.9091,11,0.7273,73.0
restless legs syndrome,Neurontin,15,8,32.8221,7.6268,8.7143,7,1.0,103.7143
rheumatoid arthritis,Etanercept,1,1,221.7392,8.1373,8.3049,82,0.8293,40.1341
rheumatoid arthritis,Enbrel,2,2,211.9867,8.0768,8.2436,78,0.8205,42.0513
rheumatoid arthritis,Adalimumab,3,38,195.9179,6.5953,6.5435,92,0.6304,48.1848
rheumatoid arthritis,Humira,4,39,189.0369,6.5239,6.4607,89,0.618,49.764
rheumatoid arthritis,Methotrexate,5,22,175.6086,7.1796,7.2113,71,0.6761,78.1972
rheumatoid arthritis,Hydroxychloroquine,6,31,157.3131,6.7937,6.7576,66,0.6364,66.4697
rheumatoid arthritis,Rituximab,7,17,135.0565,7.5239,7.6596,47,0.7872,43.4043
rheumatoid arthritis,Golimumab,8,21,108.0484,7.2022,7.2703,37,0.7027,29.2432
rheumatoid arthritis,Leflunomide,9,36,101.5984,6.6382,6.5263,38,0.6053,66.2895
rheumatoid arthritis,Prednisone,10,9,101.408,7.7188,8.0,31,0.7742,71.0323
rheumatoid arthritis,Tofacitinib,11,40,95.1894,6.3451,6.1351,37,0.5946,31.7297
rheumatoid arthritis,Plaquenil,12,32,94.8606,6.7372,6.6471,34,0.5882,95.9118
rheumatoid arthritis,Infliximab,13,7,92.6038,7.8182,8.1852,27,0.7778,31.5185
rheumatoid arthritis,Simponi,14,18,92.3266,7.388,7.5517,29,0.7586,35.069
rheumatoid arthritis,Diclofenac,15,25,91.2286,7.1169,7.1667,30,0.7,19.8667
rhinitis,Fluticasone,1,4,150.995,7.1844,7.2241,58,0.6552,21.2931
rhinitis,Flonase,2,3,104.0677,7.2321,7.3143,35,0.6857,27.4857
rhinitis,Veramyst,3,2,38.8249,7.4719,8.1111,9,0.7778,18.5556
rhinitis,Allerx Dose Pack DF,4,1,25.945,7.7594,9.6,5,1.0,3.6
rosacea,Ivermectin,1,9,201.4575,7.4614,7.5309,81,0.7531,12.8148
rosacea,Doxycycline,2,5,192.1112,7.8543,8.0,71,0.7746,24.0986
rosacea,Soolantra,3,10,185.3703,7.4225,7.4932,73,0.7534,13.4795
rosacea,Azelaic acid,4,4,141.4456,7.8798,8.1064,47,0.8298,19.5957
rosacea,Metronidazole,5,12,130.0772,6.9179,6.9,50,0.66,30.12
rosacea,Oracea,6,3,120.6011,8.039,8.3784,37,0.8378,26.7297
rosacea,Brimonidine,7,17,115.7195,3.8029,3.4,95,0.2526,16.4
rosacea,Mirvaso,8,16,109.6781,3.9885,3.5542,83,0.2771,18.5663
rosacea,Finacea,9,7,108.6347,7.7154,7.9706,34,0.7941,24.4412
rosacea,Minocycline,10,1,88.2244,8.1364,8.7083,24,0.8333,20.0417
rosacea,Sulfacetamide sodium / sulfur,11,2,64.5455,8.0682,8.875,16,0.9375,17.8125
rosacea,MetroGel,12,11,56.8312,7.1039,7.1875,16,0.75,49.1875
rosacea,Isotretinoin,13,8,43.1748,7.6777,8.5,10,0.9,12.3
rosacea,Oxymetazoline,14,14,30.1767,4.9961,2.8182,11,0.1818,3.5455
rosacea,Rhofade,15,15,30.1767,4.9961,2.8182,11,0.1818,3.5455
schizoaffective disorde,Paliperidone,1,19,110.5193,6.2571,6.0652,46,0.5652,19.3261
schizoaffective disorde,Aripiprazole,2,12,109.169,6.8636,6.825,40,0.65,17.825
schizoaffective disorde,Ziprasidone,3,9,107.436,7.1614,7.2162,37,0.6757,17.5676
schizoaffective disorde,Abilify,4,11,103.1569,7.0189,7.0278,36,0.6667,19.5833
schizoaffective disorde,Geodon,5,10,101.9246,7.0832,7.1143,35,0.6571,18.4
schizoaffective disorde,Olanzapine,6,20,94.558,6.1782,5.9211,38,0.5263,14.2632
schizoaffective disorde,Quetiapine,7,13,92.3179,6.8616,6.8125,32,0.5938,19.0
schizoaffective disorde,Risperidone,8,17,83.5984,6.5216,6.3333,30,0.4333,18.8333
schizoaffective disorde,Invega,9,21,81.3098,6.0434,5.6875,32,0.5,22.9062
schizoaffective disorde,Seroquel,10,8,79.1884,7.303,7.4583,24,0.6667,23.8333
schizoaffective disorde,Lurasidone,11,1,78.5879,8.3097,9.1,20,0.95,22.95
schizoaffective disorde,Asenapine,12,6,73.1013,7.4518,7.7143,21,0.7619,25.0952
schizoaffective disorde,Saphris,13,7,73.1013,7.4518,7.7143,21,0.7619,25.0952
schizoaffective disorde,Zyprexa,14,14,65.9669,6.7245,6.5714,21,0.619,20.4762
schizoaffective disorde,Risperdal,15,16,60.1541,6.61,6.3684,19,0.3158,26.4211
schizophrenia,Paliperidone,1,27,146.1154,6.2394,6.1045,67,0.597,17.806
schizophrenia,Lurasidone,2,24,144.1875,6.5258,6.4355,62,0.5806,28.0806
schizophrenia,Aripiprazole,3,19,139.473,6.7233,6.6667,57,0.6316,22.6316
schizophrenia,Latuda,4,26,138.1962,6.4917,6.3898,59,0.5763,29.4915
schizophrenia,Abilify,5,23,119.4186,6.5485,6.4375,48,0.6042,25.6458
schizophrenia,Risperidone,6,29,108.8916,6.0663,5.8298,47,0.5319,20.6809
schizophrenia,Olanzapine,7,21,100.3942,6.692,6.5946,37,0.7297,24.4324
schizophrenia,Quetiapine,8,13,95.3757,7.0888,7.125,32,0.7188,19.0938
schizophrenia,Ziprasidone,9,16,88.7869,6.9264,6.9,30,0.7,19.5333
schizophrenia,Asenapine,10,4,87.5402,7.6029,7.8846,26,0.8462,18.2692
schizophrenia,Saphris,11,5,87.5402,7.6029,7.8846,26,0.8462,18.2692
schizophrenia,Geodon,12,14,83.4925,7.049,7.0741,27,0.7037,21.5556
schizophrenia,Invega,13,30,82.583,5.998,5.6364,33,0.5455,25.2727
schizophrenia,Clozapine,14,1,78.7494,8.0276,8.619,21,0.9048,61.8095
schizophrenia,Risperdal,15,31,65.8459,5.8894,5.36,25,0.52,26.92
sciatica,Cyclobenzaprine,1,8,101.9045,6.6582,6.5526,38,0.6316,41.4737
sciatica,Naproxen,2,7,83.0475,6.8227,6.75,28,0.7143,41.6071
sciatica,Diclofenac,3,3,61.177,7.3072,7.5294,17,0.7059,33.4706
sciatica,Flexeril,4,9,57.3587,6.5636,6.2778,18,0.5556,64.0
sciatica,Diclofenac / misoprostol,5,1,37.0817,7.7955,9.0,8,1.0,49.875
sciatica,Aleve,6,5,33.7519,7.0955,7.25,8,0.75,68.25
sciatica,Arthrotec,7,2,33.0486,7.6794,8.8571,7,1.0,57.0
sciatica,Voltaren,8,4,27.8812,7.2727,7.8333,6,0.5,55.1667
sciatica,Ibuprofen,9,6,26.6033,6.9394,6.8333,6,0.8333,21.6667
sciatica,Nabumetone,10,10,23.8345,6.2172,4.6667,6,0.5,34.6667
seasonal allergic conjunctivitis,Olopatadine,1,2,124.5281,7.0502,7.0652,46,0.6522,9.3043
seasonal allergic conjunctivitis,Patanol,2,1,65.2188,7.79,8.3529,17,0.8235,12.8235
seasonal allergic conjunctivitis,Pataday,3,3,50.0813,6.9196,6.8571,14,0.6429,10.7857
seasonal allergic conjunctivitis,Pazeo,4,4,25.8005,5.9952,4.2857,7,0.2857,7.0
seborrheic dermatitis,Ketoconazole,1,2,51.7516,7.1504,7.2857,14,0.6429,25.0714
seborrheic dermatitis,Xolegel,2,1,27.6682,7.2172,7.6667,6,0.6667,26.8333
sedation,Trazodone,1,3,199.731,7.5375,7.6203,79,0.7468,68.3671
sedation,Hydroxyzine,2,8,153.0823,6.6871,6.6308,65,0.6,33.6769
sedation,Promethazine,3,2,91.8724,7.5477,7.7857,28,0.7857,39.75
sedation,Lorazepam,4,1,52.0072,7.5964,8.1538,13,0.7692,22.0
sedation,Desyrel,5,5,35.1789,7.3955,8.0,8,0.875,99.625
sedation,Phenergan,6,6,30.3305,7.0479,7.1429,7,0.7143,74.8571
sedation,Vistaril,7,7,30.3305,7.0479,7.1429,7,0.5714,64.7143
sedation,Ativan,8,4,28.5201,7.4394,8.3333,6,0.6667,30.0
seizure prevention,Lamotrigine,1,3,154.3872,7.2522,7.3051,59,0.661,26.3898
seizure prevention,Clonazepam,2,1,127.6172,8.3382,8.7632,38,0.8421,18.3421
seizure prevention,Topiramate,3,6,123.5664,6.4747,6.3529,51,0.6275,22.4706
seizure prevention,Lamictal,4,4,108.3545,7.2226,7.2973,37,0.6486,37.1892
seizure prevention,Topamax,5,5,88.9544,6.6116,6.4688,32,0.625,32.3125
seizure prevention,Klonopin,6,2,56.2055,7.7657,8.4286,14,0.7857,26.5714
seizures,Levetiracetam,1,21,257.1239,6.3861,6.3333,138,0.5797,29.5652
seizures,Keppra,2,22,212.9583,6.2697,6.1909,110,0.5727,35.5727
seizures,Lacosamide,3,11,196.7972,7.03,7.0353,85,0.6588,32.5059
seizures,Vimpat,4,10,193.33,7.0948,7.1098,82,0.6707,33.6463
seizures,Zonisamide,5,20,104.3533,6.8182,6.7632,38,0.6842,24.8158
seizures,Phenytoin,6,15,89.3973,6.974,6.9667,30,0.6333,15.1
seizures,Zonegran,7,9,80.6523,7.2138,7.32,25,0.76,33.6
seizures,Dilantin,8,16,72.8906,6.9403,6.913,23,0.6087,17.913
seizures,Oxcarbazepine,9,12,71.3791,7.0267,7.0455,22,0.6818,19.6364
seizures,Trileptal,10,17,50.0813,6.9196,6.8571,14,0.6429,24.7143
seizures,Phenobarbital,11,3,49.6745,7.7045,8.4167,12,0.8333,13.75
seizures,Primidone,12,6,42.9192,7.6322,8.4,10,0.9,17.5
seizures,Aptiom,13,13,36.3506,6.9957,7.0,9,0.6667,11.4444
seizures,Eslicarbazepine,14,14,36.3506,6.9957,7.0,9,0.6667,11.4444
seizures,Keppra XR,15,8,34.7032,7.2955,7.75,8,0.75,12.375
sexual dysfunction ssri induced,Bupropion,1,5,104.3533,6.8182,6.7632,38,0.6053,35.2632
sexual dysfunction ssri induced,Sildenafil,2,3,64.6414,7.721,8.2353,17,0.8824,49.8235
sexual dysfunction ssri induced,Viagra,3,1,54.4719,7.9564,8.8462,13,0.9231,60.5385
sexual dysfunction ssri induced,Buspirone,4,4,41.469,6.8656,6.7273,11,0.7273,94.3636
sexual dysfunction ssri induced,Dextroamphetamine,5,2,30.011,7.8283,9.5,6,1.0,39.0
shift work sleep disorde,Armodafinil,1,4,91.4122,7.3149,7.4483,29,0.7586,21.2069
shift work sleep disorde,Nuvigil,2,3,84.5102,7.3397,7.5,26,0.7692,23.4231
shift work sleep disorde,Modafinil,3,2,65.5075,7.8245,8.4118,17,0.8824,38.7059
shift work sleep disorde,Provigil,4,1,52.6295,8.1629,9.3333,12,1.0,53.1667
sinus symptoms,Ibuprofen / pseudoephedrine,1,4,88.2066,7.8894,8.32,25,0.8,7.04
sinus symptoms,Advil Cold and Sinus,2,6,76.3713,7.7851,8.2381,21,0.8095,8.0952
sinus symptoms,Dexbrompheniramine / pseudoephedrine,3,1,43.0314,8.2814,10.0,9,1.0,5.3333
sinus symptoms,Drixoral Cold and Allergy,4,2,38.9844,8.1955,10.0,8,1.0,5.875
sinus symptoms,Acetaminophen / pseudoephedrine,5,3,30.6499,7.995,10.0,6,1.0,6.3333
sinus symptoms,Guaifenesin / phenylephrine,6,5,26.3384,7.877,10.0,5,1.0,10.6
sinusitis,Amoxicillin / clavulanate,1,22,240.6159,5.3737,5.2516,159,0.4277,23.9245
sinusitis,Azithromycin,2,5,213.03,7.1134,7.129,93,0.6452,26.4731
sinusitis,Levofloxacin,3,19,207.9011,5.629,5.4959,123,0.4634,25.3821
sinusitis,Clarithromycin,4,18,195.1498,5.7066,5.5676,111,0.4505,20.7658
sinusitis,Levaquin,5,16,168.1329,5.754,5.5889,90,0.4778,31.0111
sinusitis,Augmentin,6,14,157.8545,5.9012,5.7375,80,0.4625,38.2875
sinusitis,Moxifloxacin,7,12,137.3684,6.6219,6.5439,57,0.5789,16.9649
sinusitis,Avelox,8,13,134.54,6.5722,6.4821,56,0.5714,17.25
sinusitis,Cefdinir,9,23,121.9431,4.3949,4.0238,84,0.2619,15.1667
sinusitis,Zithromax,10,1,98.4226,7.8758,8.2414,29,0.8621,43.1034
sinusitis,Cefuroxime,11,4,87.6121,7.1977,7.2857,28,0.6786,33.0714
sinusitis,Sulfamethoxazole / trimethoprim,12,21,79.5806,5.4148,4.8889,36,0.3333,14.1944
sinusitis,Clindamycin,13,7,65.584,6.9347,6.9,20,0.65,45.65
sinusitis,Biaxin,14,10,61.0347,6.7067,6.5263,19,0.5789,38.6316
sinusitis,Ciprofloxacin,15,3,55.5867,7.2929,7.5333,15,0.6667,33.6
sjogren s syndrome,Hydroxychloroquine,1,1,88.9738,7.1197,7.1724,29,0.6897,60.9655
sjogren s syndrome,Plaquenil,2,3,61.1455,6.997,7.0,18,0.6667,74.8333
sjogren s syndrome,Cevimeline,3,4,42.2569,6.9961,7.0,11,0.7273,17.7273
sjogren s syndrome,Evoxac,4,2,33.7519,7.0955,7.25,8,0.75,22.0
skin and structure infection,Mupirocin,1,4,55.5867,7.2929,7.5333,15,0.7333,35.9333
skin and structure infection,Bactroban,2,1,53.3765,7.7964,8.5385,13,0.8462,40.8462
skin and structure infection,Amoxicillin / clavulanate,3,5,34.1237,6.5671,6.0,9,0.5556,14.1111
skin and structure infection,Linezolid,4,2,32.1426,7.4689,8.2857,7,0.8571,18.0
skin and structure infection,Zyvox,5,3,32.1426,7.4689,8.2857,7,0.8571,18.0
skin cance,Fluorouracil,1,1,58.9742,7.7374,8.3333,15,0.8667,65.6
skin cance,Carac,2,2,25.1582,7.5241,8.8,5,1.0,90.8
skin cance,Efudex,3,3,24.1748,7.23,7.8,5,0.6,79.8
skin or soft tissue infection,Cephalexin,1,4,169.7569,6.868,6.8472,72,0.625,30.8056
skin or soft tissue infection,Clindamycin,2,8,117.9462,6.2727,6.1,50,0.52,16.52
skin or soft tissue infection,Amoxicillin / clavulanate,3,6,73.4656,6.7753,6.6667,24,0.625,12.0417
skin or soft tissue infection,Keflex,4,1,69.4261,7.3409,7.55,20,0.75,47.85
skin or soft tissue infection,Augmentin,5,3,58.0014,6.9279,6.8824,17,0.7059,14.6471
skin or soft tissue infection,Doxycycline,6,5,56.8466,6.79,6.6471,17,0.6471,14.4118
skin or soft tissue infection,Clarithromycin,7,13,38.0843,4.9966,3.4,15,0.2,3.2
skin or soft tissue infection,Levofloxacin,8,12,29.1163,5.1777,3.0,10,0.2,6.5
skin or soft tissue infection,Azithromycin,9,2,28.0942,7.3283,8.0,6,0.8333,10.8333
skin or soft tissue infection,Metronidazole,10,9,26.7065,6.2057,4.8571,7,0.4286,3.7143
skin or soft tissue infection,Levaquin,11,11,24.215,5.6268,3.2857,7,0.2857,8.4286
skin or soft tissue infection,Minocycline,12,10,23.6215,6.1616,4.5,6,0.1667,5.8333
skin or soft tissue infection,Ciprofloxacin,13,7,22.6013,6.7594,6.2,5,0.6,3.4
smoking cessation,Varenicline,1,2,1653.6314,8.7836,8.8035,1079,0.8879,19.5227
smoking cessation,Chantix,2,1,1391.7992,8.787,8.8121,857,0.8915,19.6464
smoking cessation,Bupropion,3,6,436.1486,8.2318,8.3065,199,0.8191,32.4573
smoking cessation,Nicotine,4,5,286.9466,8.2793,8.4159,113,0.8496,24.3894
smoking cessation,Zyban,5,4,227.3942,8.5814,8.8228,79,0.8734,51.7215
smoking cessation,Nicoderm CQ,6,3,139.9882,8.6398,9.122,41,0.9024,29.4878
smoking cessation,Nicotrol Inhaler,7,8,76.3713,7.7851,8.2381,21,0.8095,38.0952
smoking cessation,Commit,8,7,68.1057,8.1348,8.9412,17,1.0,12.0
smoking cessation,Nicorette,9,10,47.5253,7.3712,7.75,12,0.75,26.6667
smoking cessation,Habitrol,10,9,28.3071,7.3838,8.1667,6,0.8333,14.6667
social anxiety disorde,Sertraline,1,4,387.1873,7.4199,7.4462,195,0.7436,44.9949
social anxiety disorde,Zoloft,2,3,343.5486,7.5309,7.5706,163,0.773,52.865
social anxiety disorde,Paroxetine,3,1,174.3944,7.7988,7.9524,63,0.7937,37.1111
social anxiety disorde,Paxil,4,2,148.8358,7.6861,7.8462,52,0.7885,43.0769
social anxiety disorde,Venlafaxine,5,6,74.6911,7.1117,7.1739,23,0.6957,27.6522
social anxiety disorde,Effexor XR,6,5,49.8164,7.2764,7.5385,13,0.6923,40.6923
soft tissue sarcoma,Pazopanib,1,2,58.9742,7.7374,8.3333,15,0.7333,41.1333
soft tissue sarcoma,Votrient,2,1,56.4839,7.8042,8.5,14,0.7857,44.0714
stomach ulce,Pantoprazole,1,5,55.974,6.9968,7.0,16,0.6875,37.9375
stomach ulce,Sucralfate,2,6,48.6895,6.7273,6.5,14,0.6429,35.3571
stomach ulce,Protonix,3,1,36.1303,7.5955,8.5,8,0.875,64.875
stomach ulce,Carafate,4,7,31.8491,6.6955,6.25,8,0.5,47.75
stomach ulce,Omeprazole,5,8,30.8978,6.4955,5.75,8,0.625,10.0
stomach ulce,Lansoprazole,6,2,27.8812,7.2727,7.8333,6,0.6667,15.0
stomach ulce,Prevacid,7,3,27.8812,7.2727,7.8333,6,0.6667,15.0
stomach ulce,Ranitidine,8,4,23.7814,7.1123,7.4,5,0.8,6.0
strep throat,Amoxicillin / clavulanate,1,4,122.9348,6.6379,6.551,49,0.5918,16.7143
strep throat,Clarithromycin,2,5,89.5931,5.6329,5.225,40,0.4,7.725
strep throat,Augmentin,3,2,75.5913,7.1974,7.3043,23,0.6522,24.913
strep throat,Cefdinir,4,6,41.1896,5.404,4.1333,15,0.2667,8.3333
strep throat,Biaxin,5,3,40.156,6.6482,6.2727,11,0.5455,14.4545
strep throat,Penicillin v potassium,6,1,26.1417,7.8182,9.8,5,1.0,12.6
supraventricular tachycardia,Metoprolol,1,6,136.3963,6.8471,6.8148,54,0.6111,43.0926
supraventricular tachycardia,Diltiazem,2,1,56.4336,7.404,7.7333,15,0.6667,24.5333
supraventricular tachycardia,Toprol-XL,3,5,38.8295,6.905,6.8,10,0.6,57.0
supraventricular tachycardia,Atenolol,4,2,31.01,7.2057,7.5714,7,0.7143,16.0
supraventricular tachycardia,Bisoprolol,5,7,23.8345,6.2172,4.6667,6,0.3333,24.0
supraventricular tachycardia,Adenosine,6,3,23.7814,7.1123,7.4,5,0.8,6.6
supraventricular tachycardia,Cartia XT,7,4,23.1914,6.9358,6.8,5,0.6,35.4
swine flu,Oseltamivir,1,1,49.5425,7.2364,7.4615,13,0.8462,8.6154
swine flu,Tamiflu,2,2,49.5425,7.2364,7.4615,13,0.8462,8.6154
systemic lupus erythematosus,Hydroxychloroquine,1,2,110.5054,7.5189,7.6944,36,0.7778,46.0278
systemic lupus erythematosus,Plaquenil,2,1,68.6674,7.5455,7.8947,19,0.7895,65.5263
systemic lupus erythematosus,Belimumab,3,3,65.5149,7.497,7.8333,18,0.7778,20.7222
systemic lupus erythematosus,Benlysta,4,4,65.5149,7.497,7.8333,18,0.7778,20.7222
systemic lupus erythematosus,Azathioprine,5,5,43.4005,5.9965,5.1429,14,0.3571,24.7143
systemic lupus erythematosus,Imuran,6,6,38.3915,5.9545,4.9167,12,0.3333,27.6667
temporomandibular joint disorde,Cyclobenzaprine,1,3,43.5699,7.2134,7.4545,11,0.7273,19.0909
temporomandibular joint disorde,Diazepam,2,1,38.033,7.9955,9.5,8,1.0,24.5
temporomandibular joint disorde,Valium,3,2,33.9546,7.89,9.4286,7,1.0,27.5714
tendonitis,Meloxicam,1,2,78.8872,7.2753,7.4167,24,0.7083,45.5417
tendonitis,Naproxen,2,3,63.5887,6.4821,6.1905,21,0.5714,18.3333
tendonitis,Mobic,3,1,38.033,7.9955,9.5,8,1.0,92.5
tinea corporis,Econazole,1,1,36.3681,7.6455,8.625,8,0.875,10.25
tinea corporis,Terbinafine,2,2,20.6344,6.1711,4.2,5,0.2,8.0
tinea pedis,Terbinafine,1,2,41.7317,6.9091,6.8182,11,0.6364,8.9091
tinea pedis,Lamisil,2,1,34.9411,7.3455,7.875,8,0.75,11.5
tinea versicol,Selenium sulfide,1,1,52.865,7.3042,7.5714,14,0.7143,29.6429
tinnitus,Alprazolam,1,1,101.9107,7.9502,8.3333,30,0.8667,57.1
tinnitus,Xanax,2,2,33.2751,7.7321,9.0,7,1.0,105.4286
tonsillitis pharyngitis,Azithromycin,1,4,115.1635,6.3152,6.1458,48,0.5417,19.3333
tonsillitis pharyngitis,Clarithromycin,2,5,59.4269,6.0579,5.5238,21,0.4286,8.0
tonsillitis pharyngitis,Amoxicillin,3,1,54.8136,7.5734,8.0714,14,0.7143,21.8571
tonsillitis pharyngitis,Cefdinir,4,3,30.7835,7.1531,7.4286,7,0.7143,9.1429
tonsillitis pharyngitis,Zithromax,5,2,28.0942,7.3283,8.0,6,0.8333,35.5
tourette s syndrome,Clonidine,1,1,64.264,7.0616,7.1053,19,0.6842,24.7368
tourette s syndrome,Pimozide,2,5,54.5455,6.8182,6.6875,16,0.5625,13.5
tourette s syndrome,Orap,3,3,53.6106,7.0337,7.0667,15,0.6,14.2
tourette s syndrome,Aripiprazole,4,2,33.514,7.0455,7.125,8,0.75,17.5
tourette s syndrome,Guanfacine,5,4,22.798,6.8182,6.4,5,0.6,10.2
trichomoniasis,Metronidazole,1,1,188.896,7.5636,7.6575,73,0.726,20.0548
trichomoniasis,Flagyl,2,2,36.1032,6.9481,6.8889,9,0.6667,27.6667
trigeminal neuralgia,Carbamazepine,1,7,183.6988,6.999,7.0,78,0.6538,27.4103
trigeminal neuralgia,Oxcarbazepine,2,1,101.7754,8.1441,8.6207,29,0.8966,38.1034
trigeminal neuralgia,Tegretol,3,9,88.4817,6.9026,6.8667,30,0.6333,40.4
trigeminal neuralgia,Gabapentin,4,2,79.6413,8.1185,8.7619,21,0.9524,55.0952
trigeminal neuralgia,Tegretol XR,5,4,43.1748,7.6777,8.5,10,0.9,24.9
trigeminal neuralgia,Trileptal,6,3,40.557,7.8052,8.8889,9,0.8889,58.2222
trigeminal neuralgia,Topiramate,7,8,39.3407,6.9959,7.0,10,0.7,18.5
trigeminal neuralgia,Topamax,8,10,32.5627,6.8455,6.625,8,0.625,22.625
trigeminal neuralgia,Baclofen,9,6,30.7835,7.1531,7.4286,7,0.7143,41.1429
trigeminal neuralgia,Neurontin,10,5,24.5682,7.3476,8.2,5,1.0,92.4
ulcerative colitis,Mesalamine,1,3,126.3553,7.1536,7.1957,46,0.7174,8.6304
ulcerative colitis,Infliximab,2,2,91.839,7.1645,7.2333,30,0.6667,25.8
ulcerative colitis,Prednisone,3,6,88.0594,7.0466,7.069,29,0.6552,24.4138
ulcerative colitis,Remicade,4,5,86.6992,7.1227,7.1786,28,0.6786,27.6071
ulcerative colitis,Azathioprine,5,9,62.5026,6.868,6.7895,19,0.6842,21.4737
ulcerative colitis,Lialda,6,1,57.5627,7.5522,8.0,15,0.8,7.5333
ulcerative colitis,Adalimumab,7,14,51.6883,6.461,6.0625,16,0.5625,22.0
ulcerative colitis,Humira,8,15,51.6883,6.461,6.0625,16,0.5625,22.0
ulcerative colitis,Budesonide,9,7,41.9943,6.9526,6.9091,11,0.7273,5.0
ulcerative colitis,Apriso,10,13,39.3681,6.5178,6.0,11,0.6364,11.2727
ulcerative colitis,Imuran,11,8,38.8295,6.905,6.8,10,0.7,34.7
ulcerative colitis,Balsalazide,12,4,37.0929,7.1385,7.3333,9,0.7778,9.3333
ulcerative colitis,Sulfasalazine,13,18,36.7796,5.7045,4.4167,12,0.3333,14.1667
ulcerative colitis,Entyvio,14,16,29.2329,6.1455,4.875,8,0.25,18.625
ulcerative colitis,Vedolizumab,15,17,29.2329,6.1455,4.875,8,0.25,18.625
ulcerative colitis active,Mesalamine,1,1,193.6199,7.1054,7.122,82,0.7073,19.0
ulcerative colitis active,Lialda,2,3,133.563,6.9986,7.0,51,0.7059,23.4902
ulcerative colitis active,Asacol,3,2,30.557,7.1005,7.2857,7,0.8571,20.2857
ulcerative colitis active,Rowasa,4,4,23.1914,6.9358,6.8,5,0.6,8.4
ulcerative colitis active,Pentasa,5,5,22.4046,6.7005,6.0,5,0.4,10.6
ulcerative colitis maintenance,Mesalamine,1,1,92.7853,7.6227,7.8929,28,0.8214,25.8214
ulcerative colitis maintenance,Asacol,2,2,64.641,7.397,7.6667,18,0.8333,32.9444
underactive thyroid,Levothyroxine,1,9,379.8313,6.5164,6.4912,226,0.5929,51.9956
underactive thyroid,Thyroid desiccated,2,2,253.3991,7.5116,7.5688,109,0.7248,73.7156
underactive thyroid,Armour Thyroid,3,1,196.5342,7.6353,7.7368,76,0.7368,82.1974
underactive thyroid,Synthroid,4,8,136.4665,6.5784,6.4912,57,0.5789,83.2105
underactive thyroid,Liothyronine,5,3,84.5102,7.3397,7.5,26,0.7308,91.1154
underactive thyroid,Tirosint,6,6,63.3833,6.9648,6.9474,19,0.6316,54.9474
underactive thyroid,Nature-Throid,7,7,52.1991,6.8485,6.7333,15,0.6667,90.2667
underactive thyroid,Levoxyl,8,5,52.0299,7.1888,7.3571,14,0.5714,57.8571
underactive thyroid,Cytomel,9,4,50.0902,7.3164,7.6154,13,0.7692,146.6923
underactive thyroid,NP Thyroid,10,10,20.8311,6.23,4.4,5,0.4,19.8
upper respiratory tract infection,Azithromycin,1,8,115.7653,7.0168,7.0238,42,0.6905,25.0952
upper respiratory tract infection,Clarithromycin,2,12,83.8609,5.8279,5.4286,35,0.3714,11.6571
upper respiratory tract infection,Amoxicillin / clavulanate,3,4,72.8729,7.1738,7.2727,22,0.6818,16.6364
upper respiratory tract infection,Doxycycline,4,11,65.6889,6.2545,5.8696,23,0.4783,38.6957
upper respiratory tract infection,Augmentin,5,7,64.264,7.0616,7.1053,19,0.6842,18.6316
upper respiratory tract infection,Cephalexin,6,2,49.8164,7.2764,7.5385,13,0.7692,40.9231
upper respiratory tract infection,Zithromax,7,1,45.2197,8.0413,9.3,10,0.9,42.0
upper respiratory tract infection,Erythromycin,8,3,37.5878,7.2338,7.5556,9,0.7778,16.2222
upper respiratory tract infection,Sulfamethoxazole / trimethoprim,9,13,36.7796,5.7045,4.4167,12,0.4167,10.75
upper respiratory tract infection,Amoxicillin,10,5,30.7835,7.1531,7.4286,7,0.8571,39.1429
upper respiratory tract infection,Cefuroxime,11,6,27.2422,7.1061,7.3333,6,0.8333,18.0
upper respiratory tract infection,Biaxin,12,10,25.1124,6.5505,5.6667,6,0.5,33.0
upper respiratory tract infection,Azithromycin Dose Pack,13,9,22.6013,6.7594,6.2,5,0.6,40.4
urinary incontinence,Oxybutynin,1,7,96.1079,6.4063,6.2162,37,0.5946,30.9459
urinary incontinence,Solifenacin,2,4,89.8882,7.1929,7.2759,29,0.6897,62.1034
urinary incontinence,VESIcare,3,3,85.6185,7.2284,7.3333,27,0.7037,66.6296
urinary incontinence,Mirabegron,4,12,64.7308,5.9697,5.4583,24,0.4167,40.75
urinary incontinence,Myrbetriq,5,11,60.9221,5.9973,5.4545,22,0.4091,43.6364
urinary incontinence,Oxytrol,6,1,49.1372,7.6212,8.25,12,0.9167,47.5
urinary incontinence,Trospium,7,2,41.1299,7.3141,7.7,10,0.8,31.6
urinary incontinence,Tolterodine,8,8,38.5803,6.3874,5.7273,11,0.4545,17.4545
urinary incontinence,Darifenacin,9,9,26.48,6.1531,4.7143,7,0.1429,20.4286
urinary incontinence,Enablex,10,10,26.48,6.1531,4.7143,7,0.1429,20.4286
urinary incontinence,Detrol LA,11,5,23.7814,7.1123,7.4,5,0.6,19.8
urinary incontinence,Ditropan,12,6,22.2079,6.6417,5.8,5,0.6,35.2
urinary tract infection,Nitrofurantoin,1,24,468.9762,4.9839,4.9276,428,0.4089,16.3224
urinary tract infection,Sulfamethoxazole / trimethoprim,2,26,364.4774,4.8862,4.8057,314,0.3567,17.9682
urinary tract infection,Ciprofloxacin,3,20,313.3839,5.4674,5.3846,221,0.4525,30.5294
urinary tract infection,Macrobid,4,23,261.6465,5.0141,4.8923,195,0.3949,24.4667
urinary tract infection,Cipro,5,16,210.6645,5.9218,5.812,117,0.5043,47.4786
urinary tract infection,Bactrim DS,6,15,168.1096,6.1692,6.0488,82,0.5122,27.7317
urinary tract infection,Bactrim,7,25,156.7352,4.9196,4.6733,101,0.3366,22.3465
urinary tract infection,Levofloxacin,8,17,83.2291,5.9111,5.5294,34,0.4706,29.4706
urinary tract infection,Ceftriaxone,9,1,73.6712,8.4303,9.3889,18,0.9444,28.2222
urinary tract infection,Amoxicillin,10,7,71.3177,7.27,7.4286,21,0.7619,156.0952
urinary tract infection,Rocephin,11,2,70.1266,8.3762,9.3529,17,0.9412,29.5882
urinary tract infection,Levaquin,12,14,68.044,6.2753,5.9167,24,0.5,38.5417
urinary tract infection,Doxycycline,13,8,62.0194,7.097,7.1667,18,0.6111,52.3333
urinary tract infection,Amoxicillin / clavulanate,14,18,51.2415,5.8636,5.1111,18,0.3889,25.3889
urinary tract infection,Hyoscyamine / methenamine / methylene blue / phenyl salicylate,15,5,47.5253,7.3712,7.75,12,0.75,11.5
urinary tract stones,Tamsulosin,1,2,203.5295,7.7545,7.8718,78,0.7436,39.8846
urinary tract stones,Flomax,2,1,174.5902,7.9988,8.1967,61,0.7869,48.0656
urticaria,Omalizumab,1,2,172.4388,7.9987,8.2,60,0.7833,22.6667
urticaria,Cetirizine,2,8,136.5973,7.3756,7.4694,49,0.7347,24.2041
urticaria,Xolair,3,3,123.9042,7.9394,8.2308,39,0.8205,29.2051
urticaria,Levocetirizine,4,5,117.8456,7.8553,8.1351,37,0.8649,17.4865
urticaria,Zyrtec,5,4,113.2526,7.8704,8.1714,35,0.8286,31.6571
urticaria,Xyzal,6,6,106.1424,7.7091,7.9697,33,0.8485,18.5758
urticaria,Fexofenadine,7,7,88.4492,7.6818,8.0,26,0.8077,28.3846
urticaria,Allegra,8,1,70.4669,8.0636,8.7778,18,0.8889,39.0
urticaria,Doxepin,9,9,41.1299,7.3141,7.7,10,0.7,30.5
urticaria,Loratadine,10,10,31.6113,6.6455,6.125,8,0.5,15.25
urticaria,Diphenhydramine,11,11,28.292,6.5742,5.8571,7,0.4286,4.8571
urticaria,Benadryl Allergy,12,12,21.2245,6.3476,4.8,5,0.2,6.4
uterine fibroids,Leuprolide,1,1,99.1691,6.8917,6.8571,35,0.6571,38.7429
uterine fibroids,Lupron Depot,2,2,78.7532,6.8397,6.7692,26,0.6538,43.9231
uveitis,Difluprednate,1,1,22.798,6.8182,6.4,5,0.4,9.2
uveitis,Durezol,2,2,22.798,6.8182,6.4,5,0.4,9.2
vaginal yeast infection,Tioconazole,1,8,793.8262,4.5322,4.502,980,0.3582,5.549
vaginal yeast infection,Miconazole,2,13,668.9161,3.0236,2.988,1338,0.1659,6.3311
vaginal yeast infection,Fluconazole,3,4,412.1955,6.9341,6.931,232,0.6552,30.5991
vaginal yeast infection,Diflucan,4,5,158.7518,6.5599,6.4857,70,0.6143,41.6429
vaginal yeast infection,Monistat 3-Day Combination Pack,5,11,148.3072,3.9202,3.6299,127,0.2598,8.3858
vaginal yeast infection,Terconazole,6,6,145.4732,6.5055,6.4127,63,0.6032,15.7937
vaginal yeast infection,Monistat 7-Day Combination Pack,7,10,132.488,4.1585,3.8218,101,0.2376,7.9703
vaginal yeast infection,Monistat 7,8,12,97.9492,3.4091,2.9205,88,0.1591,5.8182
vaginal yeast infection,Lactobacillus acidophilus,9,2,60.1034,7.8855,8.6,15,0.8667,32.8667
vaginal yeast infection,Acidophilus,10,1,55.5673,8.1164,9.1538,13,0.9231,36.3077
vaginal yeast infection,Vagistat-1,11,7,35.7621,6.3595,5.6,10,0.6,13.9
vaginal yeast infection,Monistat 1-Day or Night Combination Pack,12,9,32.1561,4.2189,2.0,15,0.0667,6.8
vaginal yeast infection,Itraconazole,13,3,29.585,7.7172,9.1667,6,0.8333,14.5
ventricular tachycardia,Amiodarone,1,3,30.557,7.1005,7.2857,7,0.7143,37.7143
ventricular tachycardia,Atenolol,2,1,28.3071,7.3838,8.1667,6,0.8333,25.1667
ventricular tachycardia,Propafenone,3,2,28.0942,7.3283,8.0,6,0.8333,3.0
vertig,Meclizine,1,2,213.8856,7.142,7.1613,93,0.6882,53.5806
vertig,Bonine,2,1,32.3691,7.5215,8.4286,7,0.8571,90.0
vertig,Antivert,3,4,27.839,6.4689,5.5714,7,0.5714,50.7143
vertig,Promethazine,4,3,25.9643,6.7727,6.3333,6,0.5,22.3333
vitamin d deficiency,Ergocalciferol,1,2,46.2563,6.7564,6.5385,13,0.6154,60.3077
vitamin d deficiency,Cholecalciferol,2,1,22.6013,6.7594,6.2,5,0.6,16.4
vitamin mineral supplementation and deficiency,Multivitamin with minerals,1,1,56.1935,6.4303,6.0556,18,0.5556,5.8333
vitamin mineral supplementation during pregnancy lactation,"Multivitamin, prenatal",1,1,168.9364,8.1436,8.386,57,0.7895,6.614
vitamin mineral supplementation during pregnancy lactation,Prenatal Plus,2,2,41.3856,7.3595,7.8,10,0.6,9.4
vitamin mineral supplementation during pregnancy lactation,CitraNatal 90 DHA,3,3,34.7032,7.2955,7.75,8,0.75,12.125
vitamin mineral supplementation during pregnancy lactation,Duet DHA,4,4,24.3715,7.2888,8.0,5,0.8,7.2
vulvodynia,Amitriptyline,1,2,33.7519,7.0955,7.25,8,0.875,19.875
vulvodynia,Gabapentin,2,3,27.0292,7.0505,7.1667,6,0.6667,32.6667
vulvodynia,Nortriptyline,3,1,24.5682,7.3476,8.2,5,0.8,23.6
vulvodynia,Elavil,4,4,22.798,6.8182,6.4,5,0.8,20.2
weight loss,Phentermine,1,2,2267.0526,8.7569,8.7697,1650,0.897,31.2582
weight loss,Lorcaserin,2,7,853.1545,7.8235,7.8426,521,0.7639,55.6641
weight loss,Belviq,3,6,838.1064,7.8325,7.8524,508,0.7677,57.0138
weight loss,Adipex-P,4,1,711.9115,8.9321,9.0,343,0.9242,62.5889
weight loss,Phentermine / topiramate,5,9,620.7112,7.7372,7.763,346,0.7659,45.7225
weight loss,Qsymia,6,10,524.288,7.6187,7.6454,282,0.7518,53.773
weight loss,Bupropion / naltrexone,7,13,519.8489,6.3833,6.3626,353,0.5751,19.7479
weight loss,Contrave,8,14,507.3799,6.3659,6.344,343,0.5743,20.312
weight loss,Liraglutide,9,5,469.1312,7.9955,8.0482,228,0.7939,19.1842
weight loss,Saxenda,10,3,301.8936,8.1243,8.2339,124,0.8226,13.621
weight loss,Victoza,11,8,205.2793,7.8212,7.9487,78,0.7821,32.9872
weight loss,Fastin,12,11,126.6598,7.1708,7.2174,46,0.7174,70.1087
weight loss,Megestrol,13,4,57.8757,7.9965,8.8571,14,0.9286,36.1429
weight loss,Ionamin,14,12,30.557,7.1005,7.2857,7,0.7143,30.1429
xerostomia,Saliva substitutes,1,1,50.0902,7.3164,7.6154,13,0.6923,19.6154
