condition_key,drug,rank,rank_by_rating,score,shrunk_rating,mean_rating,n_reviews,positive_rate,mean_useful,mimic_confirmed,mimic_notes_matched,mimic_match_mode
abnormal uterine bleeding,Levonorgestrel,1,28,100.2606,5.3213,5.2648,355,0.4169,13.9296,False,18,loose
abnormal uterine bleeding,Mirena,2,30,95.3184,5.2711,5.208,327,0.4098,15.1193,False,18,loose
abnormal uterine bleeding,Medroxyprogesterone,3,40,76.3368,3.4139,3.328,500,0.216,15.766,True,18,loose
abnormal uterine bleeding,Depo-Provera,4,41,67.2316,3.2235,3.1195,435,0.1977,13.9034,False,18,loose
abnormal uterine bleeding,Ethinyl estradiol / norgestimate,5,33,66.3825,4.7057,4.5678,199,0.3417,6.5729,True,18,loose
abnormal uterine bleeding,Ethinyl estradiol / norethindrone,6,24,60.7967,5.7193,5.5841,113,0.4513,7.0619,True,18,loose
abnormal uterine bleeding,Ethinyl estradiol / levonorgestrel,7,36,55.369,4.5981,4.4,145,0.2828,6.0483,True,18,loose
abnormal uterine bleeding,Loestrin 24 Fe,8,10,44.0991,6.3652,6.2083,48,0.4792,11.6875,False,18,loose
abnormal uterine bleeding,Norethindrone,9,37,39.9487,4.4664,4.0875,80,0.25,14.15,False,18,loose
abnormal uterine bleeding,Provera,10,31,36.3626,5.2485,4.8125,48,0.3542,37.7708,False,18,loose
abnormal uterine bleeding,Sprintec,11,38,32.2463,4.4294,3.8491,53,0.2642,8.5472,False,18,loose
abnormal uterine bleeding,Seasonique,12,39,30.8225,4.316,3.6863,51,0.1961,9.3529,False,18,loose
abnormal uterine bleeding,Mononessa,13,19,30.5819,5.9976,5.5385,26,0.4231,8.9231,False,18,loose
abnormal uterine bleeding,Tri-Sprintec,14,25,30.4602,5.6563,5.1034,29,0.3448,7.8621,False,18,loose
abnormal uterine bleeding,Megestrol,15,4,30.1742,6.7472,6.6,20,0.65,23.35,False,18,loose
acial wrinkles,Dermal filler,1,3,24.2992,5.8934,5.1176,17,0.4706,16.0,False,6,loose
acial wrinkles,OnabotulinumtoxinA,2,2,21.1167,6.6777,6.3,10,0.6,3.2,False,6,loose
acial wrinkles,Botox Cosmetic,3,1,17.8114,6.7321,6.2857,7,0.5714,4.4286,False,6,loose
acne,Isotretinoin,1,4,217.5349,8.3298,8.3534,682,0.846,17.978,False,0,none
acne,Adapalene / benzoyl peroxide,2,30,173.9211,7.4363,7.4461,547,0.7313,11.0567,False,0,none
acne,Accutane,3,3,173.5782,8.361,8.3991,431,0.8492,23.2111,False,0,none
acne,Doxycycline,4,39,163.5085,7.3123,7.32,500,0.706,14.972,False,0,none
acne,Epiduo,5,32,163.2937,7.4301,7.441,483,0.735,12.2899,False,0,none
acne,Benzoyl peroxide / clindamycin,6,10,149.4522,7.9209,7.9522,356,0.7921,12.2135,False,0,none
acne,Tretinoin,7,11,137.2727,7.8731,7.9079,304,0.7862,22.6842,False,0,none
acne,Spironolactone,8,15,119.8333,7.7676,7.8067,238,0.7689,25.4664,False,0,none
acne,Minocycline,9,57,115.885,6.3505,6.3273,333,0.5676,12.1051,False,0,none
acne,Drospirenone / ethinyl estradiol,10,49,115.0199,7.0391,7.0412,267,0.6592,13.9288,False,0,none
acne,Adapalene,11,47,111.0706,7.1996,7.2101,238,0.7101,19.5042,False,0,none
acne,Ethinyl estradiol / norgestimate,12,63,97.4777,5.9323,5.8852,270,0.4852,9.3481,False,0,none
acne,Dapsone,13,40,96.1167,7.3076,7.3295,173,0.7225,16.7861,False,0,none
acne,Duac,14,23,95.5971,7.5576,7.6,160,0.75,15.025,False,0,none
acne,Aczone,15,42,94.4683,7.2884,7.3095,168,0.7202,17.2619,False,0,none
actinic keratosis,Fluorouracil,1,1,32.1306,6.8503,6.7727,22,0.6818,23.5455,False,0,none
acute coronary syndrome,Effient,1,1,26.2353,7.2764,7.5385,13,0.6923,23.2308,False,3,strict
acute coronary syndrome,Prasugrel,2,2,26.2353,7.2764,7.5385,13,0.6923,23.2308,False,3,strict
acute coronary syndrome,Ticagrelor,3,3,25.9816,5.8097,5.1,20,0.35,17.85,True,3,strict
acute coronary syndrome,Brilinta,4,4,23.1618,5.6176,4.6471,17,0.2941,20.5294,True,3,strict
adhd,Lisdexamfetamine,1,16,179.8306,7.682,7.6971,548,0.7609,31.8193,False,1,loose
adhd,Vyvanse,2,17,178.0692,7.6629,7.6778,540,0.7593,32.2796,False,1,loose
adhd,Amphetamine / dextroamphetamine,3,12,169.5971,7.9421,7.9671,456,0.8048,31.9715,False,1,loose
adhd,Methylphenidate,4,28,166.9984,7.3732,7.3821,513,0.7135,31.5205,False,1,loose
adhd,Adderall,5,6,122.985,8.1628,8.2247,227,0.8458,44.0044,False,1,loose
adhd,Concerta,6,31,114.2394,7.1261,7.1323,257,0.677,39.2374,True,1,loose
adhd,Adderall XR,7,5,96.2635,8.165,8.2662,139,0.8489,29.4029,False,1,loose
adhd,Atomoxetine,8,42,92.8739,5.5014,5.4386,285,0.4667,34.4877,False,1,loose
adhd,Strattera,9,43,91.5042,5.498,5.4332,277,0.4657,35.4404,False,1,loose
adhd,Dextroamphetamine,10,2,82.5852,8.518,8.7128,94,0.9149,33.3191,False,1,loose
adhd,Dexmethylphenidate,11,25,81.072,7.4008,7.4417,120,0.7667,33.5,False,1,loose
adhd,Guanfacine,12,40,72.7772,5.8268,5.7372,156,0.5385,50.4487,False,1,loose
adhd,Intuniv,13,38,64.7513,6.2597,6.1776,107,0.5794,66.9533,False,1,loose
adhd,Ritalin,14,26,64.3838,7.3853,7.4474,76,0.75,35.7632,False,1,loose
adhd,Bupropion,15,24,63.0243,7.4275,7.5,72,0.75,70.1806,False,1,loose
agitated state,Aripiprazole,1,1,32.9197,6.7197,6.5833,24,0.625,30.75,False,10,loose
agitated state,Abilify,2,2,31.027,6.615,6.4091,22,0.5909,33.1364,False,10,loose
alcohol dependence,Acamprosate,1,2,104.2999,8.722,8.8671,143,0.9021,62.6573,True,29,loose
alcohol dependence,Campral,2,1,97.5049,8.8277,9.0082,122,0.918,70.4672,False,29,loose
alcohol dependence,Naltrexone,3,4,93.7132,8.4844,8.6311,122,0.877,63.3115,True,29,loose
alcohol dependence,Disulfiram,4,5,65.575,8.396,8.6721,61,0.8689,77.2787,False,29,loose
alcohol dependence,Antabuse,5,3,60.2355,8.6051,9.0,49,0.898,93.2857,False,29,loose
alcohol dependence,Vivitrol,6,6,30.8274,7.9596,8.7333,15,0.9333,95.5333,False,29,loose
alcohol dependence,Revia,7,7,17.0874,7.6417,9.2,5,1.0,154.2,False,29,loose
alcohol withdrawal,Chlordiazepoxide,1,2,86.6721,9.1872,9.4831,89,0.9663,51.0112,False,10,strict
alcohol withdrawal,Librium,2,1,82.434,9.2164,9.55,80,0.975,56.2125,False,10,strict
alcohol withdrawal,Baclofen,3,3,63.6766,8.6653,9.037,54,0.9444,47.8148,False,10,strict
alcohol withdrawal,Gabapentin,4,4,44.5884,8.1407,8.6,30,0.8667,64.8,True,10,strict
alcohol withdrawal,Diazepam,5,5,23.4156,7.8052,8.8889,9,0.8889,40.1111,True,10,strict
alcohol withdrawal,Valium,6,6,20.0394,7.5742,8.5714,7,0.8571,48.5714,False,10,strict
allergic reactions,Diphenhydramine,1,2,38.6364,7.7273,8.08,25,0.8,16.72,False,0,none
allergic reactions,Prednisone,2,7,35.8151,7.0239,7.0385,26,0.6154,27.7308,False,0,none
allergic reactions,Benadryl Allergy,3,4,24.1352,7.6322,8.4,10,0.8,24.3,False,0,none
allergic reactions,Chlorpheniramine,4,1,24.1299,8.0433,9.4444,9,1.0,12.0,False,0,none
allergic reactions,Benadryl,5,5,22.8416,7.2231,7.5,10,0.7,14.5,False,0,none
allergic reactions,Cyproheptadine,6,3,18.9031,7.7172,9.1667,6,1.0,13.1667,False,0,none
allergic reactions,Promethazine,7,6,16.0351,7.1711,7.6,5,0.8,10.6,False,0,none
allergic rhinitis,Cetirizine,1,27,65.942,6.7655,6.7368,95,0.6,16.5263,False,0,none
allergic rhinitis,Azelastine,2,12,55.7775,7.521,7.6364,55,0.7273,16.5818,False,0,none
allergic rhinitis,Montelukast,3,42,54.2137,5.846,5.686,86,0.4884,31.8721,False,0,none
allergic rhinitis,Azelastine / fluticasone,4,28,54.1228,6.7131,6.6615,65,0.5846,10.1692,False,0,none
allergic rhinitis,Dymista,5,29,54.1228,6.7131,6.6615,65,0.5846,10.1692,False,0,none
allergic rhinitis,Zyrtec,6,30,53.3589,6.6699,6.6094,64,0.5938,22.4062,False,0,none
allergic rhinitis,Fexofenadine,7,32,51.4148,6.6376,6.5667,60,0.6,13.85,False,0,none
allergic rhinitis,Triamcinolone,8,35,47.8078,6.4464,6.3273,55,0.5818,13.3455,False,0,none
allergic rhinitis,Singulair,9,33,46.3502,6.6215,6.5306,49,0.5918,47.2245,False,0,none
allergic rhinitis,Fluticasone,10,37,45.9735,6.2562,6.0926,54,0.5556,14.4444,False,0,none
allergic rhinitis,Allegra,11,24,43.896,6.9406,6.925,40,0.65,17.95,False,0,none
allergic rhinitis,Mometasone,12,19,42.0727,7.2154,7.2941,34,0.6765,14.2941,False,0,none
allergic rhinitis,Levocetirizine,13,11,42.0702,7.556,7.7742,31,0.7097,18.8387,False,0,none
allergic rhinitis,Fexofenadine / pseudoephedrine,14,17,39.7632,7.2597,7.3667,30,0.8,7.0333,False,0,none
allergic rhinitis,Nasonex,15,23,39.372,7.1883,7.2667,30,0.6667,15.9667,False,0,none
allergic urticaria,Hydroxyzine,1,1,29.7047,6.4821,6.1905,21,0.5714,31.5238,False,0,none
allergies,Levocetirizine,1,3,53.8443,5.4671,5.2784,97,0.4536,16.7835,False,1,loose
allergies,Xyzal,2,4,48.4413,5.2236,4.9767,86,0.4186,17.814,False,1,loose
allergies,Hydroxyzine,3,1,44.5689,8.4227,9.0357,28,0.9286,24.0714,False,1,loose
allergies,Atarax,4,2,26.3757,7.9526,9.0,11,0.9091,29.4545,False,1,loose
alopecia,Minoxidil,1,5,53.9725,6.5938,6.5224,67,0.6119,54.0,False,0,none
alopecia,Spironolactone,2,1,33.0798,7.797,8.3333,18,0.7778,77.1111,False,0,none
alopecia,Rogaine,3,6,25.3765,6.5522,6.2,15,0.6,87.9333,False,0,none
alopecia,Triamcinolone,4,2,24.5665,7.7686,8.7,10,0.9,31.3,False,0,none
alopecia,Kenalog-10,5,3,21.766,7.6955,8.75,8,0.875,36.5,False,0,none
alopecia,Rogaine Women's,6,4,16.2982,7.2888,8.0,5,0.8,59.2,False,0,none
alzheimer s,Donepezil,1,6,30.5868,5.407,4.8125,32,0.4062,70.8125,True,2,loose
alzheimer s,Rivastigmine,2,3,26.987,6.7468,6.5625,16,0.625,24.8125,False,2,loose
alzheimer s,Aricept,3,4,25.8673,6.097,5.5,18,0.5,105.2778,False,2,loose
alzheimer s,Exelon,4,2,23.6583,6.8295,6.6667,12,0.6667,30.4167,False,2,loose
alzheimer s,Memantine,5,7,22.1666,5.3762,4.2353,17,0.2941,47.8824,True,2,loose
alzheimer s,Galantamine,6,1,20.4933,7.2455,7.625,8,0.75,11.75,False,2,loose
alzheimer s,Namenda,7,5,17.8107,5.6322,4.0,10,0.2,63.4,False,2,loose
amenorrhea,Medroxyprogesterone,1,1,59.492,7.7452,7.8983,59,0.7627,20.9322,False,0,none
amenorrhea,Provera,2,2,48.2745,7.6329,7.825,40,0.775,25.75,False,0,none
amenorrhea,Depo-Provera,3,3,17.9506,7.3283,8.0,6,0.8333,15.1667,False,0,none
amenorrhea,Norethindrone,4,4,17.2702,7.0505,7.1667,6,0.8333,3.3333,False,0,none
androgenetic alopecia,Finasteride,1,2,44.8601,6.1047,5.9074,54,0.5926,24.3148,False,0,none
androgenetic alopecia,Propecia,2,1,20.3193,6.1265,5.1818,11,0.5455,41.0,False,0,none
anemia,Multivitamin with iron,1,1,28.5429,7.9164,8.7692,13,0.9231,13.6154,True,41,strict
anesthesia,Propofol,1,2,129.8404,8.0216,8.0687,262,0.7786,14.7099,False,0,none
anesthesia,Diprivan,2,1,34.3525,8.097,8.8333,18,0.8889,28.8889,False,0,none
anesthesia,Lidocaine / prilocaine,3,3,21.4832,7.5955,8.5,8,0.875,10.125,False,0,none
anesthesia,Ketamine,4,6,20.1941,5.8295,4.6667,12,0.4167,19.8333,False,0,none
anesthesia,Emla,5,4,16.6928,7.4652,8.6,5,0.8,12.8,False,0,none
anesthesia,Succinylcholine,6,7,14.8442,4.9481,2.2222,9,0.0,6.5556,False,0,none
anesthesia,Lidocaine,7,5,14.8207,6.0505,4.1667,6,0.3333,6.5,False,0,none
angina,Ranolazine,1,4,47.322,7.2165,7.2791,43,0.6977,30.5349,False,6,strict
angina,Ranexa,2,2,44.1136,7.3523,7.4722,36,0.7222,35.8889,False,6,strict
angina,Metoprolol,3,3,20.6347,7.2955,7.75,8,0.75,18.25,True,6,strict
angina,Nitroglycerin,4,1,18.7671,7.6616,9.0,6,1.0,33.1667,True,6,strict
angina,Isosorbide mononitrate,5,5,17.7236,5.3439,3.5455,11,0.2727,3.2727,True,6,strict
angina pectoris prophylaxis,Isosorbide mononitrate,1,1,25.8631,6.2727,5.7647,17,0.5882,35.8235,True,6,loose
angina pectoris prophylaxis,Imdur,2,2,14.8207,6.0505,4.1667,6,0.3333,53.8333,False,6,loose
ankylosing spondylitis,Adalimumab,1,4,49.7065,7.5802,7.7442,43,0.7674,34.1163,False,0,none
ankylosing spondylitis,Humira,2,5,49.7065,7.5802,7.7442,43,0.7674,34.1163,False,0,none
ankylosing spondylitis,Etanercept,3,1,48.0301,7.8961,8.1892,37,0.8108,17.1351,False,0,none
ankylosing spondylitis,Enbrel,4,2,47.1136,7.8523,8.1389,36,0.8056,17.5833,False,0,none
ankylosing spondylitis,Golimumab,5,7,26.5238,7.3564,7.6923,13,0.7692,17.3077,False,0,none
ankylosing spondylitis,Simponi,6,6,25.8233,7.4545,7.9167,12,0.8333,18.6667,False,0,none
ankylosing spondylitis,Diclofenac,7,8,24.9573,7.2045,7.4167,12,0.6667,13.0,False,0,none
ankylosing spondylitis,Indomethacin,8,3,21.4832,7.5955,8.5,8,0.875,7.75,False,0,none
ankylosing spondylitis,Infliximab,9,10,19.7861,6.9955,7.0,8,0.75,20.125,False,0,none
ankylosing spondylitis,Remicade,10,11,18.5076,6.9952,7.0,7,0.7143,22.8571,False,0,none
ankylosing spondylitis,Voltaren,11,9,17.5423,7.1616,7.5,6,0.8333,21.0,False,0,none
ankylosing spondylitis,Naproxen,12,12,14.9829,6.7005,6.0,5,0.6,6.8,False,0,none
ankylosing spondylitis,Cosentyx,13,13,13.5959,5.5505,2.6667,6,0.1667,15.1667,False,0,none
ankylosing spondylitis,Secukinumab,14,14,13.5959,5.5505,2.6667,6,0.1667,15.1667,False,0,none
anorexia,Cyproheptadine,1,1,79.4505,8.6176,8.8471,85,0.8941,53.6,False,2,loose
anorexia,Dronabinol,2,3,23.4165,7.405,7.9,10,0.8,24.9,False,2,loose
anorexia,Marinol,3,2,19.9001,7.5215,8.4286,7,0.8571,30.5714,False,2,loose
anorexia,Megestrol,4,4,19.4824,7.3636,8.0,7,0.7143,17.7143,False,2,loose
anxiety,Alprazolam,1,3,207.9692,8.7883,8.8268,560,0.8982,35.8571,True,26,strict
anxiety,Escitalopram,2,20,202.0173,7.8104,7.8251,669,0.7758,36.6667,True,26,strict
anxiety,Clonazepam,3,8,195.9921,8.5295,8.5644,528,0.8769,40.4205,True,26,strict
anxiety,Lexapro,4,17,173.2833,7.8847,7.9068,483,0.793,46.2609,False,26,strict
anxiety,Lorazepam,5,11,168.3107,8.2422,8.2782,417,0.8273,38.9976,True,26,strict
anxiety,Xanax,6,5,168.225,8.6871,8.7413,375,0.8853,46.7307,False,26,strict
anxiety,Buspirone,7,48,147.0514,6.3398,6.3253,538,0.5892,54.6041,True,26,strict
anxiety,Klonopin,8,7,144.0364,8.547,8.6127,284,0.8944,60.2887,False,26,strict
anxiety,Diazepam,9,4,140.0257,8.7008,8.7799,259,0.8996,62.0888,True,26,strict
anxiety,Gabapentin,10,14,129.6428,8.0401,8.0885,260,0.8231,81.2462,True,26,strict
anxiety,Ativan,11,13,123.1111,8.1712,8.2335,227,0.8238,53.5639,True,26,strict
anxiety,Hydroxyzine,12,51,119.4175,5.8132,5.7796,422,0.5403,38.7299,True,26,strict
anxiety,BuSpar,13,44,112.3385,6.4537,6.4323,303,0.5941,84.0264,False,26,strict
anxiety,Paroxetine,14,26,107.5707,7.388,7.4104,212,0.7311,52.0236,True,26,strict
anxiety,Valium,15,2,99.6363,8.9117,9.096,125,0.928,92.984,False,26,strict
anxiety and stress,Citalopram,1,6,180.085,7.61,7.6232,560,0.7607,57.9357,True,34,loose
anxiety and stress,Celexa,2,7,135.1635,7.5677,7.5893,319,0.7649,83.8276,True,34,loose
anxiety and stress,Fluoxetine,3,8,131.6795,7.5648,7.5875,303,0.7591,74.8086,False,34,loose
anxiety and stress,Sertraline,4,10,127.2982,7.3991,7.4155,296,0.7534,43.4628,True,34,loose
anxiety and stress,Prozac,5,4,108.101,7.6631,7.7035,199,0.7739,102.5528,False,34,loose
anxiety and stress,Amitriptyline,6,5,70.5845,7.6113,7.6977,86,0.7442,73.8953,True,34,loose
anxiety and stress,Venlafaxine,7,12,69.2312,7.1407,7.1596,94,0.6702,27.8511,True,34,loose
anxiety and stress,Paroxetine,8,13,66.0299,6.8105,6.7872,94,0.6277,38.6702,True,34,loose
anxiety and stress,Zoloft,9,9,61.4325,7.5052,7.597,67,0.806,39.7164,False,34,loose
anxiety and stress,Paxil,10,14,56.1803,6.5754,6.5068,73,0.6027,45.6575,False,34,loose
anxiety and stress,Effexor,11,11,45.6055,7.3982,7.5263,38,0.7105,38.1579,False,34,loose
anxiety and stress,Effexor XR,12,3,37.395,7.7974,8.2174,23,0.8261,31.0,False,34,loose
anxiety and stress,Fluvoxamine,13,15,37.3452,6.0582,5.7632,38,0.5263,34.9211,False,34,loose
anxiety and stress,Elavil,14,1,32.6922,8.4411,9.6,15,1.0,150.5333,False,34,loose
anxiety and stress,Luvox,15,16,26.5406,5.9347,5.3,20,0.45,50.8,False,34,loose
arrhythmia,Dofetilide,1,1,49.1259,7.7675,8.0,40,0.8,56.125,False,2,loose
arrhythmia,Tikosyn,2,2,46.9129,7.7124,7.9459,37,0.8108,60.6216,False,2,loose
arrhythmia,Amiodarone,3,6,27.992,5.9679,5.4091,22,0.5,50.1364,False,2,loose
arrhythmia,Verapamil,4,5,19.079,6.7455,6.375,8,0.5,20.25,False,2,loose
arrhythmia,Propranolol,5,4,17.9506,6.7847,6.4286,7,0.5714,12.5714,False,2,loose
arrhythmia,Disopyramide,6,3,16.6928,7.4652,8.6,5,1.0,10.2,False,2,loose
asthma,Montelukast,1,11,53.9864,5.6593,5.4835,91,0.4396,22.8462,True,10,strict
asthma,Prednisone,2,6,44.5041,7.0367,7.05,40,0.7,31.275,False,10,strict
asthma,Singulair,3,9,42.0322,6.5643,6.439,41,0.561,33.2683,False,10,strict
asthma,Breo Ellipta,4,2,38.9808,7.1169,7.1667,30,0.6667,16.1333,False,10,strict
asthma,Fluticasone / vilanterol,5,3,38.9808,7.1169,7.1667,30,0.6667,16.1333,True,10,strict
asthma,Dulera,6,10,27.9685,6.4164,6.0526,19,0.5263,19.1053,False,10,strict
asthma,Ipratropium,7,1,17.2189,7.7005,9.4,5,1.0,19.2,False,10,strict
asthma,Alvesco,8,4,15.9036,7.1123,7.4,5,0.8,11.8,False,10,strict
asthma,Ciclesonide,9,5,15.9036,7.1123,7.4,5,0.8,11.8,False,10,strict
asthma,Mepolizumab,10,7,15.2459,6.8182,6.4,5,0.6,17.6,False,10,strict
asthma,Nucala,11,8,15.2459,6.8182,6.4,5,0.6,17.6,False,10,strict
asthma acute,Albuterol,1,9,33.3075,4.4912,3.9455,55,0.2909,9.3273,True,130,loose
asthma acute,Racepinephrine,2,6,23.2728,7.3595,7.8,10,0.6,4.9,True,130,loose
asthma acute,Epinephrine,3,1,21.0141,7.9426,9.5714,7,1.0,12.7143,True,130,loose
asthma acute,Levalbuterol,4,2,21.0141,7.9426,9.5714,7,1.0,8.5714,True,130,loose
asthma acute,Methylprednisolone,5,4,19.9001,7.5215,8.4286,7,0.8571,21.5714,True,130,loose
asthma acute,Asthmanefrin,6,5,19.6216,7.4163,8.1429,7,0.7143,5.8571,True,130,loose
asthma acute,Ventolin,7,7,19.5033,6.8955,6.75,8,0.5,10.125,False,130,loose
asthma acute,Primatene Mist,8,3,19.1753,7.8283,9.5,6,1.0,14.5,False,130,loose
asthma acute,ProAir RespiClick,9,10,15.5979,2.9477,1.2143,28,0.0,7.75,True,130,loose
asthma acute,ProAir HFA,10,8,13.2729,5.9358,3.4,5,0.2,11.8,True,130,loose
asthma maintenance,Symbicort,1,10,61.7341,7.4864,7.5735,68,0.6912,30.2059,True,10,loose
asthma maintenance,Fluticasone / salmeterol,2,3,61.2799,7.7826,7.9355,62,0.8065,20.3226,True,10,loose
asthma maintenance,Advair Diskus,3,7,57.2154,7.6457,7.7857,56,0.7857,21.875,True,10,loose
asthma maintenance,Montelukast,4,21,52.0943,6.67,6.6066,61,0.5738,30.8852,True,10,loose
asthma maintenance,Omalizumab,5,1,50.8749,7.8502,8.0952,42,0.8095,31.4762,False,10,loose
asthma maintenance,Xolair,6,2,50.0059,7.8096,8.0488,41,0.8049,32.2439,False,10,loose
asthma maintenance,Singulair,7,6,46.1136,7.6856,7.9167,36,0.7222,40.9722,False,10,loose
asthma maintenance,Beclomethasone,8,23,34.3151,6.0661,5.7188,32,0.5312,18.0625,False,10,loose
asthma maintenance,Qvar,9,24,34.3151,6.0661,5.7188,32,0.5312,18.0625,False,10,loose
asthma maintenance,Fluticasone,10,18,28.6957,6.7636,6.6111,18,0.5,14.3333,True,10,loose
asthma maintenance,Dulera,11,17,27.2727,6.8182,6.6875,16,0.625,22.125,False,10,loose
asthma maintenance,Albuterol,12,22,26.1299,6.5325,6.1875,16,0.625,11.4375,True,10,loose
asthma maintenance,Budesonide,13,12,25.37,7.0364,7.0769,13,0.6923,12.6923,True,10,loose
asthma maintenance,Mometasone,14,16,24.7931,6.8764,6.7692,13,0.6154,17.0769,False,10,loose
asthma maintenance,Asmanex Twisthaler,15,11,23.9243,7.2134,7.4545,11,0.7273,19.9091,False,10,loose
atigue,Modafinil,1,1,44.9082,8.3392,8.8966,29,0.8966,22.4138,False,0,none
atigue,Amphetamine / dextroamphetamine,2,2,41.8236,8.049,8.5185,27,0.8519,35.7037,False,0,none
atigue,Methylphenidate,3,3,18.3684,6.9426,6.8571,7,0.7143,13.1429,False,0,none
atigue,Dextroamphetamine,4,4,16.998,6.9394,6.8333,6,0.6667,11.6667,False,0,none
atopic dermatitis,Tacrolimus,1,11,40.3941,6.8279,6.7714,35,0.6286,22.3143,False,2,loose
atopic dermatitis,Crisaborole,2,8,37.4254,7.0727,7.1071,28,0.6429,15.9286,False,2,loose
atopic dermatitis,Eucrisa,3,9,37.4254,7.0727,7.1071,28,0.6429,15.9286,False,2,loose
atopic dermatitis,Protopic,4,6,34.6546,7.226,7.3478,23,0.6957,29.6087,False,2,loose
atopic dermatitis,Clobetasol,5,1,28.9987,8.3712,9.75,12,1.0,17.5,True,2,loose
atopic dermatitis,Pimecrolimus,6,7,22.8416,7.2231,7.5,10,0.8,8.7,False,2,loose
atopic dermatitis,Triamcinolone,7,2,22.3317,7.8955,9.25,8,1.0,19.0,True,2,loose
atopic dermatitis,Elidel,8,5,21.7013,7.2338,7.5556,9,0.7778,9.5556,False,2,loose
atopic dermatitis,Dupilumab,9,3,18.4949,7.5505,8.6667,6,0.8333,13.5,False,2,loose
atopic dermatitis,Dupixent,10,4,18.4949,7.5505,8.6667,6,0.8333,13.5,False,2,loose
atopic dermatitis,Betamethasone,11,10,15.6405,6.9947,7.0,5,0.8,7.2,False,2,loose
atrial fibrillation,Flecainide,1,3,63.1081,7.7681,7.9091,66,0.7727,58.6212,False,58,strict
atrial fibrillation,Propafenone,2,2,46.562,7.8704,8.1714,35,0.8286,28.7429,False,58,strict
atrial fibrillation,Metoprolol,3,12,41.8206,6.1002,5.8723,47,0.5532,35.9574,True,58,strict
atrial fibrillation,Diltiazem,4,4,39.2774,7.4227,7.6071,28,0.6786,48.7857,True,58,strict
atrial fibrillation,Sotalol,5,5,38.7482,7.3227,7.4643,28,0.7143,51.3929,True,58,strict
atrial fibrillation,Rythmol SR,6,1,30.6397,8.1888,9.2143,14,1.0,41.2143,False,58,strict
atrial fibrillation,Dronedarone,7,11,29.9234,6.3797,6.0455,22,0.5455,28.9545,False,58,strict
atrial fibrillation,Rivaroxaban,8,9,28.9164,6.4659,6.15,20,0.6,43.7,True,58,strict
atrial fibrillation,Xarelto,9,10,28.9164,6.4659,6.15,20,0.6,43.7,False,58,strict
atrial fibrillation,Multaq,10,8,27.2727,6.8182,6.6875,16,0.625,39.25,False,58,strict
atrial fibrillation,Carvedilol,11,13,19.3098,5.8221,4.5455,11,0.1818,19.7273,True,58,strict
atrial fibrillation,Tambocor,12,6,17.6784,7.2172,7.6667,6,0.8333,94.3333,False,58,strict
atrial fibrillation,Digoxin,13,7,16.7258,6.8283,6.5,6,0.5,52.0,True,58,strict
atrial flutte,Flecainide,1,1,19.3431,7.311,7.8571,7,0.7143,18.4286,False,4,strict
atrial flutte,Diltiazem,2,2,17.2406,6.0955,4.75,8,0.25,15.0,True,4,strict
atrophic urethritis,Estradiol,1,2,21.1875,5.8764,4.8462,13,0.3077,25.3077,False,0,none
atrophic urethritis,Estrace Vaginal Cream,2,1,14.6846,5.995,4.0,6,0.1667,28.1667,False,0,none
atrophic vaginitis,Estradiol,1,5,61.2109,5.7079,5.5739,115,0.487,40.9826,False,0,none
atrophic vaginitis,Estrace Vaginal Cream,2,3,41.0784,6.7532,6.6757,37,0.6216,82.7568,False,0,none
atrophic vaginitis,Estring,3,4,31.1506,6.3586,6.0417,24,0.5833,12.4167,False,0,none
atrophic vaginitis,Vagifem,4,1,30.5342,7.197,7.3333,18,0.6111,47.0,False,0,none
atrophic vaginitis,Yuvafem,5,6,22.7108,4.2173,3.069,29,0.2069,13.6897,False,0,none
atrophic vaginitis,Conjugated estrogens,6,2,15.9036,7.1123,7.4,5,0.6,30.8,False,0,none
autism,Risperidone,1,3,39.4411,6.3982,6.2105,38,0.5526,54.0263,False,0,none
autism,Aripiprazole,2,1,31.8513,7.1222,7.2,20,0.7,57.35,False,0,none
autism,Abilify,3,2,29.6856,6.997,7.0,18,0.6667,63.4444,False,0,none
autism,Risperdal,4,6,26.8201,5.9972,5.4,20,0.4,75.6,False,0,none
autism,Geodon,5,4,17.382,6.1455,4.875,8,0.5,11.5,False,0,none
autism,Ziprasidone,6,5,17.382,6.1455,4.875,8,0.5,11.5,False,0,none
back pain,Acetaminophen / hydrocodone,1,3,109.9362,8.149,8.2253,182,0.8626,30.9725,True,13,strict
back pain,Tramadol,2,17,82.8155,6.8539,6.8425,146,0.6781,39.1712,True,13,strict
back pain,Norco,3,1,67.442,8.2394,8.4627,67,0.8955,46.9701,False,13,strict
back pain,Diclofenac,4,10,56.7752,7.5869,7.7143,56,0.7321,28.375,True,13,strict
back pain,Naproxen,5,21,52.0269,6.2184,6.0857,70,0.5857,25.2571,True,13,strict
back pain,Lortab,6,2,49.8922,8.2022,8.5946,37,0.8649,20.9189,False,13,strict
back pain,Duloxetine,7,15,34.9877,6.9975,7.0,25,0.72,36.12,False,13,strict
back pain,Aleve,8,19,33.3998,6.5502,6.3462,26,0.5769,32.5385,False,13,strict
back pain,Ultram,9,7,33.3117,7.6422,8.0526,19,0.7895,94.4211,True,13,strict
back pain,Cymbalta,10,18,31.9927,6.8209,6.7273,22,0.6818,40.0,False,13,strict
back pain,Voltaren,11,5,31.7013,7.9253,8.625,16,0.8125,33.4375,True,13,strict
back pain,Acetaminophen / pamabrom,12,4,27.6997,7.9962,9.0,12,0.9167,10.6667,True,13,strict
back pain,Nabumetone,13,20,26.8584,6.5141,6.1765,17,0.6471,43.7647,True,13,strict
back pain,Lorcet 10 / 650,14,6,24.4227,7.7231,8.6,10,0.9,23.7,False,13,strict
back pain,Vicodin,15,16,23.8026,6.8712,6.75,12,0.5833,40.0,False,13,strict
bacterial infection,Metronidazole,1,14,103.0714,6.2727,6.2407,270,0.5519,12.6519,True,39,loose
bacterial infection,Clindamycin,2,18,95.6222,5.7662,5.7127,275,0.4764,25.5091,True,39,loose
bacterial infection,Flagyl,3,7,67.3074,6.8695,6.8542,96,0.6562,19.6771,True,39,loose
bacterial infection,Cephalexin,4,10,50.1881,6.5339,6.4407,59,0.5424,27.8136,True,39,loose
bacterial infection,Doxycycline,5,17,49.6253,5.9742,5.7971,69,0.5507,38.058,True,39,loose
bacterial infection,Amoxicillin,6,6,42.9692,6.8806,6.8462,39,0.6154,26.0,True,39,loose
bacterial infection,Amoxicillin / clavulanate,7,24,40.8018,4.8423,4.4789,71,0.338,15.8873,True,39,loose
bacterial infection,Ciprofloxacin,8,12,34.4006,6.388,6.1379,29,0.5517,19.5517,True,39,loose
bacterial infection,Ceftriaxone,9,2,34.1554,7.8358,8.3684,19,0.8421,13.2105,False,39,loose
bacterial infection,Azithromycin,10,13,33.4567,6.3227,6.0357,28,0.5,4.8214,True,39,loose
bacterial infection,Levofloxacin,11,20,33.3263,5.7154,5.2647,34,0.4412,16.5588,True,39,loose
bacterial infection,Rocephin,12,1,32.9719,7.9969,8.7059,17,0.8824,14.7059,False,39,loose
bacterial infection,Sulfamethoxazole / trimethoprim,13,23,32.4187,4.9438,4.3721,43,0.3256,12.2791,True,39,loose
bacterial infection,Augmentin,14,21,31.101,5.4979,4.9375,32,0.4062,23.0625,False,39,loose
bacterial infection,Moxifloxacin,15,15,29.4477,6.1403,5.6957,23,0.5217,10.3043,False,39,loose
bacterial skin infection,Sulfamethoxazole / trimethoprim,1,2,61.3296,5.9569,5.8396,106,0.4811,29.3302,True,41,loose
bacterial skin infection,Bactrim,2,1,46.7114,6.9633,6.9556,45,0.6222,50.1111,False,41,loose
bacterial skin infection,Bactrim DS,3,3,27.0681,5.5253,4.7917,24,0.375,22.3333,False,41,loose
bacterial vaginitis,Metronidazole,1,2,163.7566,7.1606,7.1644,523,0.6635,11.8757,False,3,loose
bacterial vaginitis,Clindamycin,2,5,48.3927,6.7763,6.7255,51,0.6078,16.1961,False,3,loose
bacterial vaginitis,Tinidazole,3,1,48.3546,7.4613,7.5952,42,0.7619,14.1429,False,3,loose
bacterial vaginitis,MetroGel-Vaginal,4,7,32.2393,6.5808,6.375,24,0.5417,33.8333,False,3,loose
bacterial vaginitis,Tindamax,5,6,23.9278,6.6364,6.3077,13,0.5385,18.9231,False,3,loose
bacterial vaginitis,Clindesse,6,3,18.2291,6.89,6.7143,7,0.5714,12.8571,False,3,loose
bacterial vaginitis,Flagyl ER,7,4,16.8619,6.8838,6.6667,6,0.6667,21.1667,True,3,loose
barrett s esophagus,Dexlansoprazole,1,2,32.8298,7.9624,8.6471,17,0.8824,26.1765,False,1,loose
barrett s esophagus,Esomeprazole,2,3,30.8274,7.9596,8.7333,15,0.8,33.1333,False,1,loose
barrett s esophagus,Nexium,3,5,29.4885,7.8811,8.6429,14,0.7857,34.9286,False,1,loose
barrett s esophagus,Dexilant,4,4,27.5554,7.9545,8.9167,12,0.9167,31.75,False,1,loose
barrett s esophagus,Omeprazole,5,1,22.8974,8.0955,9.75,8,1.0,17.875,False,1,loose
barrett s esophagus,Pantoprazole,6,6,20.0394,7.5742,8.5714,7,0.7143,44.2857,False,1,loose
barrett s esophagus,Kapidex,7,7,16.2982,7.2888,8.0,5,0.8,12.8,False,1,loose
basal cell carcinoma,Imiquimod,1,2,45.9636,7.2675,7.35,40,0.725,27.55,False,56,loose
basal cell carcinoma,Fluorouracil,2,1,27.3298,7.3042,7.5714,14,0.7143,41.5714,False,56,loose
basal cell carcinoma,Aldara,3,3,23.0591,6.9526,6.9091,11,0.6364,40.5455,False,56,loose
basal cell carcinoma,Efudex,4,4,15.3775,6.877,6.6,5,0.6,47.4,False,56,loose
benign essential trem,Propranolol,1,1,46.3978,7.4296,7.5641,39,0.7436,45.7949,True,46,loose
benign essential trem,Primidone,2,4,37.5534,5.7946,5.4524,42,0.4048,40.0952,False,46,loose
benign essential trem,Inderal,3,2,24.6686,7.1212,7.25,12,0.75,64.75,False,46,loose
benign essential trem,Gabapentin,4,3,20.8442,6.9481,6.8889,9,0.5556,32.4444,True,46,loose
benign prostatic hyperplasia,Tamsulosin,1,15,66.6548,5.7156,5.6029,136,0.4044,55.5956,True,12,loose
benign prostatic hyperplasia,Silodosin,2,13,57.9965,6.1476,6.0337,89,0.5281,38.7753,False,12,loose
benign prostatic hyperplasia,Tadalafil,3,1,56.2138,7.7955,7.9808,52,0.8077,71.3846,False,12,loose
benign prostatic hyperplasia,Rapaflo,4,11,55.7293,6.3101,6.2051,78,0.5385,44.0,False,12,loose
benign prostatic hyperplasia,Cialis,5,2,52.3945,7.6425,7.8085,47,0.7872,78.4681,False,12,loose
benign prostatic hyperplasia,Flomax,6,17,50.217,5.5797,5.3704,81,0.358,82.7531,False,12,loose
benign prostatic hyperplasia,Alfuzosin,7,14,40.5916,6.051,5.8,45,0.4667,37.4889,True,12,loose
benign prostatic hyperplasia,Dutasteride,8,4,37.5595,7.366,7.5385,26,0.6923,76.6538,False,12,loose
benign prostatic hyperplasia,Avodart,9,5,35.7774,7.303,7.4583,24,0.6667,82.4167,False,12,loose
benign prostatic hyperplasia,Terazosin,10,6,32.1308,7.1847,7.3,20,0.7,30.2,False,12,loose
benign prostatic hyperplasia,Doxazosin,11,3,31.3827,7.397,7.6667,18,0.7778,41.4444,True,12,loose
benign prostatic hyperplasia,Finasteride,12,16,28.231,5.6462,5.0,25,0.4,60.2,True,12,loose
benign prostatic hyperplasia,Dutasteride / tamsulosin,13,9,27.4229,6.4636,6.1111,18,0.5,41.0556,True,12,loose
benign prostatic hyperplasia,Uroxatral,14,12,26.7158,6.297,5.8333,18,0.3889,63.6667,False,12,loose
benign prostatic hyperplasia,Jalyn,15,10,26.4318,6.4107,6.0,17,0.4706,43.4706,False,12,loose
binge eating disorde,Lisdexamfetamine,1,1,52.8912,7.5559,7.6939,49,0.7551,33.1429,False,40,loose
binge eating disorde,Vyvanse,2,2,52.8912,7.5559,7.6939,49,0.7551,33.1429,False,40,loose
bipolar disorde,Lamotrigine,1,3,192.9553,8.2351,8.2623,549,0.8342,42.4299,True,12,strict
bipolar disorde,Lamictal,2,5,161.4676,8.1973,8.2345,388,0.8299,53.9381,False,12,strict
bipolar disorde,Quetiapine,3,31,141.5862,7.115,7.1187,396,0.6894,26.5379,False,12,strict
bipolar disorde,Lurasidone,4,45,132.4321,6.8297,6.8245,376,0.6569,43.3537,True,12,strict
bipolar disorde,Latuda,5,43,128.1269,6.8585,6.8539,349,0.6619,46.6877,False,12,strict
bipolar disorde,Seroquel,6,39,108.9108,6.9723,6.9713,244,0.6721,34.1598,False,12,strict
bipolar disorde,Lithium,7,15,104.633,7.571,7.6073,191,0.7644,36.2932,True,12,strict
bipolar disorde,Asenapine,8,27,96.239,7.1932,7.2067,179,0.7151,28.0726,False,12,strict
bipolar disorde,Saphris,9,21,94.8283,7.3162,7.3393,168,0.7321,29.8333,False,12,strict
bipolar disorde,Aripiprazole,10,59,88.0296,5.935,5.8773,220,0.5364,23.25,True,12,strict
bipolar disorde,Abilify,11,60,83.4978,5.919,5.8543,199,0.5327,25.4925,True,12,strict
bipolar disorde,Divalproex sodium,12,56,81.9934,6.442,6.4012,162,0.6111,36.1728,True,12,strict
bipolar disorde,Oxcarbazepine,13,8,80.0812,8.0081,8.13,100,0.81,42.59,False,12,strict
bipolar disorde,Olanzapine,14,51,76.8984,6.594,6.5588,136,0.5882,28.8456,False,12,strict
bipolar disorde,Gabapentin,15,4,75.3174,8.2178,8.3929,84,0.8214,55.8929,True,12,strict
birth control,Etonogestrel,1,91,386.6492,5.8329,5.8298,4394,0.4802,6.7893,False,10,loose
birth control,Levonorgestrel,2,9,377.9954,7.0386,7.0388,2884,0.6505,8.3523,False,10,loose
birth control,Ethinyl estradiol / norethindrone,3,108,313.7291,5.6521,5.6469,3081,0.4797,7.8848,False,10,loose
birth control,Nexplanon,4,107,303.6499,5.6552,5.6497,2883,0.4565,6.0166,False,10,loose
birth control,Ethinyl estradiol / levonorgestrel,5,86,269.6267,5.874,5.8676,2107,0.485,7.2886,False,10,loose
birth control,Ethinyl estradiol / norgestimate,6,84,269.393,5.8828,5.8765,2097,0.5055,8.4721,False,10,loose
birth control,Mirena,7,13,253.6928,6.9827,6.9826,1320,0.6462,13.9985,False,10,loose
birth control,Implanon,8,57,239.0944,6.1816,6.1751,1496,0.5254,8.3463,False,10,loose
birth control,Skyla,9,6,237.3071,7.2412,7.2439,1074,0.6797,3.7989,False,10,loose
birth control,Copper,10,8,200.9824,7.1058,7.1075,800,0.68,7.5988,False,10,loose
birth control,Ethinyl estradiol / etonogestrel,11,26,191.4286,6.6566,6.6518,827,0.5804,8.7449,False,10,loose
birth control,NuvaRing,12,27,190.771,6.6458,6.6408,824,0.5789,8.7755,False,10,loose
birth control,Lo Loestrin Fe,13,61,183.025,6.1144,6.1027,896,0.5513,9.683,False,10,loose
birth control,Drospirenone / ethinyl estradiol,14,82,154.8913,5.9181,5.8993,685,0.4934,8.3299,False,10,loose
birth control,Ethinyl estradiol / norelgestromin,15,18,153.4337,6.8075,6.8031,508,0.6516,9.252,False,10,loose
bladder infection,Nitrofurantoin,1,12,69.0495,4.9703,4.8446,193,0.3731,23.6684,True,44,loose
bladder infection,Macrobid,2,11,53.1661,5.1159,4.9074,108,0.3611,34.6204,True,44,loose
bladder infection,Ciprofloxacin,3,8,50.4155,5.7831,5.5921,76,0.5,34.4474,True,44,loose
bladder infection,Cephalexin,4,1,45.9886,7.6648,7.8889,36,0.7778,46.0556,True,44,loose
bladder infection,Cipro,5,9,28.9066,5.7813,5.2,25,0.48,54.64,True,44,loose
bladder infection,Methenamine,6,4,21.4156,7.1385,7.3333,9,0.7778,50.1111,True,44,loose
bladder infection,Hiprex,7,2,21.0589,7.4455,8.125,8,0.875,56.125,False,44,loose
bladder infection,Fosfomycin,8,5,20.987,6.9957,7.0,9,0.6667,23.1111,False,44,loose
bladder infection,Keflex,9,3,19.2039,7.2584,7.7143,7,0.7143,64.8571,False,44,loose
bladder infection,Levofloxacin,10,10,17.8107,5.6322,4.0,10,0.4,14.2,True,44,loose
bladder infection,Monurol,11,6,17.1341,6.995,7.0,6,0.6667,28.8333,False,44,loose
bladder infection,Levaquin,12,7,16.4189,6.2057,4.8571,7,0.5714,19.2857,False,44,loose
bone infection,Clindamycin,1,1,23.704,7.4959,8.1,10,0.8,20.3,True,39,loose
borderline personality disorde,Quetiapine,1,4,58.1941,7.3907,7.4677,62,0.7903,24.5,True,42,loose
borderline personality disorde,Lamotrigine,2,1,38.0626,8.115,8.7273,22,0.8636,15.2273,True,42,loose
borderline personality disorde,Olanzapine,3,6,29.7019,7.2038,7.3529,17,0.7059,14.7059,False,42,loose
borderline personality disorde,Seroquel,4,5,26.0911,7.2364,7.4615,13,0.7692,43.1538,False,42,loose
borderline personality disorde,Aripiprazole,5,7,23.6359,7.1265,7.2727,11,0.6364,12.7273,True,42,loose
borderline personality disorde,Risperidone,6,10,20.5417,6.4959,5.9,10,0.6,17.9,True,42,loose
borderline personality disorde,Lurasidone,7,3,19.6216,7.4163,8.1429,7,1.0,23.7143,True,42,loose
borderline personality disorde,Risperdal,8,2,16.6928,7.4652,8.6,5,1.0,28.4,False,42,loose
borderline personality disorde,Sertraline,9,8,15.1144,6.7594,6.2,5,0.6,2.4,True,42,loose
borderline personality disorde,Topiramate,10,9,15.1144,6.7594,6.2,5,0.6,4.0,True,42,loose
bowel preparation,Magnesium sulfate / potassium sulfate / sodium sulfate,1,3,212.7453,7.4249,7.4312,821,0.7247,15.3033,True,16,loose
bowel preparation,Suprep Bowel Prep Kit,2,2,212.4023,7.4816,7.4888,806,0.7333,15.531,False,16,loose
bowel preparation,Polyethylene glycol 3350 with electrolytes,3,5,114.6102,6.9365,6.9341,273,0.6447,15.348,True,16,loose
bowel preparation,MoviPrep,4,4,98.4377,7.1227,7.1309,191,0.6649,17.1152,False,16,loose
bowel preparation,Citric acid / magnesium oxide / sodium picosulfate,5,10,65.8615,6.2513,6.1712,111,0.5766,7.991,True,16,loose
bowel preparation,Prepopik,6,11,65.8615,6.2513,6.1712,111,0.5766,7.991,False,16,loose
bowel preparation,Bisacodyl,7,12,42.302,5.9824,5.74,50,0.5,12.74,True,16,loose
bowel preparation,Dulcolax,8,14,33.0295,5.8388,5.4062,32,0.4375,17.0312,False,16,loose
bowel preparation,GoLYTELY,9,7,32.5553,6.5111,6.28,25,0.6,20.12,False,16,loose
bowel preparation,GaviLyte-G,10,1,25.6547,7.7352,8.5455,11,0.9091,12.9091,False,16,loose
bowel preparation,Sodium biphosphate / sodium phosphate,11,8,18.2305,6.4455,5.625,8,0.5,18.125,True,16,loose
bowel preparation,Polyethylene glycol 3350,12,13,17.8442,5.9481,4.5556,9,0.3333,21.6667,True,16,loose
bowel preparation,GaviLyte-N,13,9,15.6372,6.3838,5.1667,6,0.3333,5.8333,False,16,loose
bowel preparation,OsmoPrep,14,6,15.1144,6.7594,6.2,5,0.6,25.6,False,16,loose
bowel preparation,MiraLax,15,15,15.0264,5.6794,3.4286,7,0.1429,26.2857,False,16,loose
breakthrough pain,Fentanyl,1,1,41.4742,8.2948,8.92,25,0.88,31.88,True,64,loose
breakthrough pain,Actiq,2,3,21.9075,7.7455,8.875,8,0.875,38.625,False,64,loose
breakthrough pain,Subsys,3,4,18.7671,7.6616,9.0,6,0.8333,21.1667,False,64,loose
breakthrough pain,Fentora,4,2,17.3505,7.7594,9.6,5,1.0,39.8,False,64,loose
breast cance,Anastrozole,1,10,55.7455,5.4145,5.2358,106,0.2925,67.8208,False,5,strict
breast cance,Letrozole,2,4,49.8363,6.2788,6.1429,63,0.5714,82.0,False,5,strict
breast cance,Arimidex,3,5,40.9732,6.1769,5.9545,44,0.4773,102.2273,False,5,strict
breast cance,Tamoxifen,4,7,36.3636,6.0606,5.75,36,0.5278,58.9722,True,5,strict
breast cance,Femara,5,1,33.0958,6.6192,6.44,25,0.68,136.6,False,5,strict
breast cance,Exemestane,6,11,32.4384,5.1943,4.641,39,0.3077,46.641,False,5,strict
breast cance,Aromasin,7,6,22.1971,6.1564,5.3846,13,0.4615,71.4615,False,5,strict
breast cance,Afinitor,8,2,17.9477,6.3455,5.375,8,0.5,19.875,False,5,strict
breast cance,Everolimus,9,3,17.9477,6.3455,5.375,8,0.5,19.875,False,5,strict
breast cance,Docetaxel,10,8,13.2729,5.9358,3.4,5,0.2,13.4,False,5,strict
breast cance,Taxotere,11,9,13.2729,5.9358,3.4,5,0.2,13.4,False,5,strict
breast cancer adjuvant,Letrozole,1,2,21.1845,6.3874,5.7273,11,0.4545,70.5455,False,53,loose
breast cancer adjuvant,Femara,2,1,18.5076,6.9952,7.0,7,0.5714,91.7143,False,53,loose
breast cancer metastatic,Ibrance,1,7,29.5153,6.7713,6.6316,19,0.6842,32.9474,False,61,loose
breast cancer metastatic,Palbociclib,2,8,29.5153,6.7713,6.6316,19,0.6842,32.9474,False,61,loose
breast cancer metastatic,Letrozole,3,3,25.5142,7.0764,7.1538,13,0.6154,80.3846,False,61,loose
breast cancer metastatic,Eribulin,4,1,22.6146,7.9955,9.5,8,1.0,52.75,False,61,loose
breast cancer metastatic,Halaven,5,2,20.8749,7.89,9.4286,7,1.0,58.0,False,61,loose
breast cancer metastatic,Capecitabine,6,9,20.1299,6.71,6.3333,9,0.5556,20.6667,False,61,loose
breast cancer metastatic,Femara,7,4,19.7861,6.9955,7.0,8,0.625,114.625,False,61,loose
breast cancer metastatic,Xeloda,8,11,17.1151,6.4689,5.5714,7,0.4286,26.0,False,61,loose
breast cancer metastatic,Fulvestrant,9,10,16.0454,6.5505,5.6667,6,0.5,37.5,False,61,loose
breast cancer metastatic,Anastrozole,10,5,15.509,6.9358,6.8,5,0.6,29.2,False,61,loose
breast cancer metastatic,Faslodex,11,6,15.2459,6.8182,6.4,5,0.6,44.4,False,61,loose
bronchitis,Azithromycin,1,12,74.5056,6.5346,6.4923,130,0.6077,24.9,True,1,loose
bronchitis,Levofloxacin,2,19,49.0914,5.5945,5.3766,77,0.4675,25.1299,False,1,loose
bronchitis,Clarithromycin,3,21,48.339,5.4386,5.2025,79,0.4177,21.9241,False,1,loose
bronchitis,Guaifenesin,4,1,41.7719,7.3843,7.5312,32,0.7188,61.8125,False,1,loose
bronchitis,Levaquin,5,20,40.9632,5.5744,5.2593,54,0.463,30.0926,False,1,loose
bronchitis,Zithromax,6,7,38.8149,6.8616,6.8125,32,0.6562,41.5625,False,1,loose
bronchitis,Amoxicillin / clavulanate,7,4,38.4591,7.0216,7.0333,30,0.6667,25.1667,False,1,loose
bronchitis,Avelox,8,9,35.0442,6.6227,6.4643,28,0.5714,16.8214,False,1,loose
bronchitis,Moxifloxacin,9,10,35.0442,6.6227,6.4643,28,0.5714,16.8214,False,1,loose
bronchitis,Augmentin,10,2,31.7115,7.0909,7.15,20,0.7,32.4,False,1,loose
bronchitis,Mucinex,11,3,31.7115,7.0909,7.15,20,0.7,86.4,False,1,loose
bronchitis,Doxycycline,12,18,27.6124,5.6364,4.9583,24,0.3333,19.375,False,1,loose
bronchitis,Cefdinir,13,22,26.2039,5.2408,4.4,25,0.32,9.08,False,1,loose
bronchitis,Biaxin,14,17,25.4226,5.6847,4.9,20,0.45,29.15,False,1,loose
bronchitis,Amoxicillin,15,11,22.7922,6.5795,6.1667,12,0.5,9.5833,False,1,loose
bulimia,Fluoxetine,1,1,46.2002,8.0424,8.4242,33,0.8788,41.0606,False,0,none
bulimia,Prozac,2,2,34.9816,7.6336,8.0,21,0.8095,55.6667,False,0,none
bulimia,Topiramate,3,3,22.2666,7.0413,7.1,10,0.7,15.9,False,0,none
bulimia,Topamax,4,4,18.3684,6.9426,6.8571,7,0.7143,20.1429,False,0,none
burns external,Silver sulfadiazine,1,1,62.6675,9.2398,9.8261,46,0.9783,16.6304,False,1,loose
burns external,Silvadene,2,2,17.6135,7.877,10.0,5,1.0,35.6,False,1,loose
cervical dystonia,Botox,1,1,37.5595,7.366,7.5385,26,0.7692,26.6923,False,8,loose
cervical dystonia,OnabotulinumtoxinA,2,2,37.5595,7.366,7.5385,26,0.7692,26.6923,False,8,loose
cervical dystonia,Baclofen,3,3,17.8062,6.2955,5.25,8,0.625,18.875,False,8,loose
chlamydia infection,Azithromycin,1,1,137.2274,7.6003,7.6227,326,0.7515,7.1687,True,36,loose
chlamydia infection,Doxycycline,2,2,41.2576,7.2934,7.4062,32,0.6875,13.25,True,36,loose
chlamydia infection,Zithromax,3,3,22.5541,7.1322,7.3,10,0.7,15.9,False,36,loose
chronic fatigue syndrome,Armodafinil,1,2,42.1576,7.4525,7.625,32,0.8125,45.9688,True,115,loose
chronic fatigue syndrome,Nuvigil,2,3,38.626,7.4336,7.6296,27,0.8148,51.7407,False,115,loose
chronic fatigue syndrome,Modafinil,3,5,37.0285,6.9977,7.0,28,0.6429,35.6786,True,115,loose
chronic fatigue syndrome,Lisdexamfetamine,4,1,21.1534,7.9952,9.7143,7,1.0,37.8571,False,115,loose
chronic fatigue syndrome,Provigil,5,4,17.4062,7.1061,7.3333,6,0.8333,59.1667,False,115,loose
chronic fatigue syndrome,Cymbalta,6,6,14.1937,6.3476,4.8,5,0.4,17.0,False,115,loose
chronic fatigue syndrome,Duloxetine,7,7,14.1937,6.3476,4.8,5,0.4,17.0,True,115,loose
chronic idiopathic constipation,Plecanatide,1,1,47.5896,7.4322,7.561,41,0.7317,23.2439,False,103,loose
chronic idiopathic constipation,Trulance,2,2,47.5896,7.4322,7.561,41,0.7317,23.2439,False,103,loose
chronic lymphocytic leukemia,Ibrutinib,1,2,24.072,6.6764,6.3846,13,0.6154,13.1538,False,101,loose
chronic lymphocytic leukemia,Imbruvica,2,3,20.1105,6.3595,5.6,10,0.5,13.3,False,101,loose
chronic lymphocytic leukemia,Rituximab,3,1,17.2189,7.7005,9.4,5,1.0,29.4,False,101,loose
chronic myelogenous leukemia,Imatinib,1,1,39.9985,8.3403,9.0435,23,0.913,25.3043,False,101,loose
chronic myelogenous leukemia,Gleevec,2,2,36.7427,8.2159,8.95,20,0.9,27.95,False,101,loose
chronic myelogenous leukemia,Nilotinib,3,5,35.7174,7.615,7.9545,22,0.7273,16.4545,False,101,loose
chronic myelogenous leukemia,Tasigna,4,6,29.4156,7.3539,7.625,16,0.625,20.875,False,101,loose
chronic myelogenous leukemia,Dasatinib,5,3,28.3986,7.8764,8.6923,13,1.0,12.0,False,101,loose
chronic myelogenous leukemia,Sprycel,6,4,24.5665,7.7686,8.7,10,1.0,15.0,True,101,loose
chronic pain,Oxycodone,1,10,123.8744,7.914,7.9592,245,0.8204,38.8449,True,17,strict
chronic pain,Acetaminophen / oxycodone,2,11,93.5604,7.9073,7.9857,140,0.8214,34.55,True,17,strict
chronic pain,Methadone,3,1,90.4918,8.7076,8.8981,108,0.9074,58.1389,True,17,strict
chronic pain,Fentanyl,4,8,88.6347,7.9919,8.0894,123,0.8618,29.0081,True,17,strict
chronic pain,Morphine,5,19,82.6993,7.5181,7.5702,121,0.7273,30.0909,False,17,strict
chronic pain,Buprenorphine,6,30,77.7224,5.961,5.8882,170,0.5412,28.7353,False,17,strict
chronic pain,Hydromorphone,7,4,77.5312,8.3122,8.4943,87,0.8851,44.8276,True,17,strict
chronic pain,Tramadol,8,29,70.1426,6.0821,6.0,133,0.5489,26.797,True,17,strict
chronic pain,OxyContin,9,9,64.8517,7.9229,8.0896,67,0.8358,63.0746,True,17,strict
chronic pain,Duloxetine,10,27,61.934,6.3543,6.2737,95,0.6526,51.6842,False,17,strict
chronic pain,Butrans,11,24,59.8512,6.5303,6.4643,84,0.6071,36.9762,False,17,strict
chronic pain,Cymbalta,12,26,59.7968,6.4481,6.3721,86,0.6628,56.814,False,17,strict
chronic pain,Dilaudid,13,2,58.6483,8.4652,8.8333,48,0.9167,57.0417,True,17,strict
chronic pain,Fentanyl Transdermal System,14,17,50.0642,7.6347,7.814,43,0.8605,41.5116,True,17,strict
chronic pain,MS Contin,15,16,47.0849,7.6382,7.8421,38,0.7368,50.1842,False,17,strict
clostridial infection,Metronidazole,1,5,28.5438,6.0856,5.5909,22,0.4545,10.1818,True,36,loose
clostridial infection,Fidaxomicin,2,1,17.4062,7.1061,7.3333,6,0.6667,13.0,False,36,loose
clostridial infection,Dificid,3,2,15.509,6.9358,6.8,5,0.6,15.6,False,36,loose
clostridial infection,Flagyl,4,3,15.509,6.9358,6.8,5,0.6,14.8,True,36,loose
clostridial infection,Vancomycin,5,4,14.9829,6.7005,6.0,5,0.6,24.0,True,36,loose
cluster headaches,Sumatriptan,1,2,63.5274,8.3416,8.6207,58,0.8793,8.3621,False,2,loose
cluster headaches,Verapamil,2,1,59.4826,8.6764,9.1064,47,0.8723,21.5532,False,2,loose
cluster headaches,Imitrex,3,3,35.6246,7.9659,8.55,20,0.9,14.95,False,2,loose
cluster headaches,Tizanidine,4,11,27.7013,6.9253,6.875,16,0.625,36.5625,False,2,loose
cluster headaches,Prednisone,5,4,22.3317,7.8955,9.25,8,1.0,11.625,False,2,loose
cluster headaches,Indomethacin,6,5,21.6246,7.6455,8.625,8,1.0,6.125,False,2,loose
cluster headaches,Lithium,7,7,20.0394,7.5742,8.5714,7,0.8571,21.8571,False,2,loose
cluster headaches,Dihydroergotamine,8,6,17.0874,7.6417,9.2,5,1.0,5.6,False,2,loose
cluster headaches,Cafergot,9,8,16.8243,7.5241,8.8,5,1.0,5.2,False,2,loose
cluster headaches,Caffeine / ergotamine,10,9,16.8243,7.5241,8.8,5,1.0,5.2,False,2,loose
cluster headaches,Zanaflex,11,10,16.0351,7.1711,7.6,5,0.8,54.2,False,2,loose
cold sores,Valacyclovir,1,1,121.0517,9.0732,9.2135,178,0.927,18.1685,False,0,none
cold sores,Valtrex,2,2,100.7036,9.0434,9.2419,124,0.9274,23.8871,False,0,none
cold sores,Penciclovir,3,3,51.3636,8.5606,9.0833,36,0.9167,7.5833,False,0,none
cold sores,Denavir,4,4,48.6257,8.4646,9.0,33,0.9091,8.0909,False,0,none
cold sores,Acyclovir,5,5,48.2386,8.0398,8.3889,36,0.8611,9.1667,False,0,none
cold sores,Famciclovir,6,6,41.5571,7.9977,8.4444,27,0.8148,16.5185,False,0,none
cold sores,Zovirax Cream,7,9,25.8026,7.1564,7.3077,13,0.6923,9.7692,False,0,none
cold sores,Sitavig,8,7,20.0394,7.5742,8.5714,7,1.0,8.4286,False,0,none
cold sores,Famvir,9,8,19.9001,7.5215,8.4286,7,0.7143,28.1429,False,0,none
cold symptoms,Chlorpheniramine / hydrocodone,1,6,27.3891,7.5964,8.1538,13,0.6923,7.3077,False,1,loose
cold symptoms,Dexbrompheniramine / pseudoephedrine,2,1,24.8442,8.2814,10.0,9,1.0,6.7778,False,1,loose
cold symptoms,Tussionex Pennkinetic,3,7,24.6453,7.4308,7.9091,11,0.6364,8.2727,False,1,loose
cold symptoms,Echinacea,4,5,23.7013,7.9004,9.1111,9,0.8889,9.0,False,1,loose
cold symptoms,Ephedrine / guaifenesin,5,3,22.4731,7.9455,9.375,8,1.0,6.625,False,1,loose
cold symptoms,Drixoral Cold and Allergy,6,2,21.4319,8.1005,10.0,7,1.0,8.2857,False,1,loose
cold symptoms,Pseudoephedrine / triprolidine,7,8,19.6216,7.4163,8.1429,7,0.8571,4.5714,False,1,loose
cold symptoms,Chlorpheniramine / phenylephrine,8,4,19.4475,7.9394,9.8333,6,1.0,3.5,False,1,loose
cold symptoms,Actifed,9,9,18.0866,7.3838,8.1667,6,0.8333,5.3333,False,1,loose
cold symptoms,Acetaminophen / chlorpheniramine / phenylephrine,10,14,16.9759,6.4163,5.4286,7,0.4286,2.7143,True,1,loose
cold symptoms,Acetaminophen / dextromethorphan / doxylamine / pseudoephedrine,11,10,16.4297,7.3476,8.2,5,0.8,3.0,True,1,loose
cold symptoms,Vicks Nyquil D Cold and Flu Nighttime Relief,12,11,16.4297,7.3476,8.2,5,0.8,3.0,True,1,loose
cold symptoms,Acetaminophen / chlorpheniramine,13,12,16.0351,7.1711,7.6,5,0.8,15.8,True,1,loose
cold symptoms,Coricidin HBP Cold & Flu,14,13,16.0351,7.1711,7.6,5,0.8,15.8,False,1,loose
colorectal cance,Capecitabine,1,1,24.4227,7.7231,8.6,10,0.8,39.0,False,46,loose
colorectal cance,Xeloda,2,2,18.631,7.6061,8.8333,6,0.8333,57.1667,False,46,loose
condylomata acuminata,Podofilox,1,1,35.5794,7.5856,7.9091,22,0.7727,11.1818,False,0,none
condylomata acuminata,Condylox,2,2,17.4062,7.1061,7.3333,6,0.6667,18.3333,False,0,none
condylomata acuminata,Imiquimod,3,3,15.3775,6.877,6.6,5,0.6,11.4,False,0,none
conjunctivitis allergic,Bepotastine,1,2,27.8151,7.1818,7.3333,15,0.6667,4.4667,False,1,loose
conjunctivitis allergic,Bepreve,2,3,26.4663,7.0734,7.1429,14,0.6429,4.7857,False,1,loose
conjunctivitis allergic,Alcaftadine,3,4,26.2915,6.197,5.6667,18,0.5556,17.5556,False,1,loose
conjunctivitis allergic,Lastacaft,4,5,26.2915,6.197,5.6667,18,0.5556,17.5556,False,1,loose
conjunctivitis allergic,Ketotifen,5,1,22.756,8.0455,9.625,8,1.0,15.125,False,1,loose
conjunctivitis bacterial,Moxifloxacin,1,4,24.3799,7.0379,7.0833,12,0.6667,10.0,False,4,loose
conjunctivitis bacterial,Vigamox,2,5,20.7013,6.9004,6.7778,9,0.6667,10.7778,False,4,loose
conjunctivitis bacterial,Tobramycin,3,1,17.2189,7.7005,9.4,5,1.0,11.6,False,4,loose
conjunctivitis bacterial,Dexamethasone / tobramycin,4,2,15.7721,7.0535,7.2,5,0.8,20.6,False,4,loose
conjunctivitis bacterial,TobraDex,5,3,15.7721,7.0535,7.2,5,0.8,20.6,False,4,loose
conjunctivitis bacterial,Polymyxin b / trimethoprim,6,6,15.6372,6.3838,5.1667,6,0.5,19.5,False,4,loose
constipation,Bisacodyl,1,20,145.4805,5.715,5.6914,648,0.4784,9.6667,True,7,strict
constipation,Magnesium citrate,2,1,128.8498,8.8915,9.0,210,0.9143,33.2952,True,7,strict
constipation,Dulcolax,3,21,122.7074,5.6541,5.62,471,0.4628,11.5138,False,7,strict
constipation,Polyethylene glycol 3350,4,4,95.6489,8.5211,8.6667,126,0.8651,53.3413,True,7,strict
constipation,Magnesium hydroxide,5,6,88.4133,8.5076,8.6759,108,0.8796,27.2593,True,7,strict
constipation,MiraLax,6,3,83.0189,8.6087,8.8172,93,0.8817,69.0323,True,7,strict
constipation,Phillips' Milk of Magnesia,7,7,82.1563,8.4291,8.6105,95,0.8737,29.1263,True,7,strict
constipation,Linaclotide,8,13,50.4814,7.2116,7.2653,49,0.6939,32.6531,False,7,strict
constipation,Linzess,9,14,50.4814,7.2116,7.2653,49,0.6939,32.6531,False,7,strict
constipation,Senna,10,17,45.7703,6.1163,5.9286,56,0.5,14.4107,True,7,strict
constipation,Sodium biphosphate / sodium phosphate,11,2,45.1545,8.69,9.4444,27,0.963,12.963,True,7,strict
constipation,Fleet Enema,12,5,39.0087,8.5124,9.381,21,0.9524,14.2381,False,7,strict
constipation,Dulcolax Laxative,13,15,34.8758,6.8397,6.7692,26,0.6154,5.3077,False,7,strict
constipation,Senokot,14,18,29.7898,6.0808,5.625,24,0.4583,22.7917,False,7,strict
constipation,Correctol,15,19,27.7606,6.0579,5.5238,21,0.4286,12.7619,False,7,strict
constipation acute,Lactulose,1,4,27.7615,7.4196,7.7857,14,0.7857,29.0714,True,125,loose
constipation acute,Docusate / senna,2,3,25.5105,7.6917,8.4545,11,0.8182,18.0,True,125,loose
constipation acute,Polyethylene glycol 3350,3,1,24.9977,7.905,9.0,10,0.9,53.1,True,125,loose
constipation acute,MiraLax,4,2,23.5585,7.8528,9.0,9,0.8889,58.3333,True,125,loose
constipation chronic,Linaclotide,1,5,114.9823,7.346,7.3633,245,0.6898,43.4,False,102,loose
constipation chronic,Linzess,2,6,113.1101,7.3012,7.3167,240,0.6833,44.2958,False,102,loose
constipation chronic,Lubiprostone,3,8,69.706,6.7387,6.7103,107,0.6262,36.5234,False,102,loose
constipation chronic,Amitiza,4,7,68.7409,6.7406,6.7115,104,0.625,37.5481,False,102,loose
constipation chronic,Lactulose,5,1,39.9985,8.3403,9.0435,23,0.9565,44.913,True,102,loose
constipation chronic,Polyethylene glycol 3350 with electrolytes,6,4,26.9525,8.1265,9.3636,11,1.0,13.9091,True,102,loose
constipation chronic,Tegaserod,7,2,26.2913,8.3141,9.9,10,1.0,13.6,False,102,loose
constipation chronic,Zelnorm,8,3,26.2913,8.3141,9.9,10,1.0,13.6,False,102,loose
constipation drug induced,Naloxegol,1,5,50.7861,4.8204,4.5856,111,0.3604,24.7117,False,14,loose
constipation drug induced,Movantik,2,6,50.1115,4.7779,4.5364,110,0.3545,24.9364,False,14,loose
constipation drug induced,Methylnaltrexone,3,1,38.0868,7.1977,7.2857,28,0.6786,26.2143,False,14,loose
constipation drug induced,Relistor,4,2,38.0868,7.1977,7.2857,28,0.6786,26.2143,False,14,loose
constipation drug induced,Amitiza,5,3,23.1564,6.1888,5.5,14,0.4286,23.9286,False,14,loose
constipation drug induced,Lubiprostone,6,4,23.1564,6.1888,5.5,14,0.4286,23.9286,False,14,loose
copd,Roflumilast,1,3,41.2906,7.9464,8.3704,27,0.8148,48.6296,True,13,strict
copd,Daliresp,2,6,39.1769,7.8354,8.24,25,0.8,52.16,False,13,strict
copd,Symbicort,3,7,36.984,7.7117,8.087,23,0.7391,57.1304,False,13,strict
copd,Umeclidinium / vilanterol,4,2,35.3425,8.3303,9.2222,18,0.9444,40.3889,False,13,strict
copd,Anoro Ellipta,5,1,35.1046,8.5141,9.5882,17,1.0,42.7647,False,13,strict
copd,Breo Ellipta,6,9,28.991,7.0314,7.0588,17,0.6471,35.2353,False,13,strict
copd,Fluticasone / vilanterol,7,10,28.991,7.0314,7.0588,17,0.6471,35.2353,True,13,strict
copd,Olodaterol / tiotropium,8,12,20.973,6.6322,6.2,10,0.5,25.9,True,13,strict
copd,Aclidinium,9,4,20.7356,7.8373,9.2857,7,1.0,33.0,False,13,strict
copd,Tudorza Pressair,10,5,20.7356,7.8373,9.2857,7,1.0,33.0,False,13,strict
copd,Stiolto Respimat,11,11,20.2727,6.7576,6.4444,9,0.5556,28.7778,False,13,strict
copd,Prednisone,12,8,16.9559,7.5829,9.0,5,1.0,46.0,True,13,strict
copd acute,Albuterol,1,1,19.2727,6.4242,5.6667,9,0.5556,13.5556,True,132,loose
copd maintenance,Tiotropium,1,6,56.0075,6.9469,6.9385,65,0.6,59.9846,True,13,loose
copd maintenance,Spiriva,2,8,53.0009,6.9001,6.8814,59,0.5763,65.2881,False,13,loose
copd maintenance,Albuterol / ipratropium,3,5,35.258,7.0516,7.08,25,0.68,19.44,True,13,loose
copd maintenance,Fluticasone / salmeterol,4,4,33.9694,7.0831,7.1304,23,0.6522,17.6087,True,13,loose
copd maintenance,Advair Diskus,5,10,29.6559,6.8035,6.6842,19,0.5789,20.2105,True,13,loose
copd maintenance,Combivent,6,1,28.5429,7.9164,8.7692,13,0.9231,18.7692,False,13,loose
copd maintenance,Albuterol,7,7,24.9373,6.9164,6.8462,13,0.6154,28.8462,True,13,loose
copd maintenance,Symbicort,8,9,22.6265,6.8221,6.6364,11,0.5455,37.3636,False,13,loose
copd maintenance,Daliresp,9,13,20.4828,5.9129,4.8333,12,0.3333,35.9167,False,13,loose
copd maintenance,Roflumilast,10,14,20.4828,5.9129,4.8333,12,0.3333,35.9167,True,13,loose
copd maintenance,Combivent Respimat,11,15,16.6749,5.8955,4.25,8,0.25,21.75,False,13,loose
copd maintenance,Ipratropium,12,2,16.1667,7.23,7.8,5,0.8,16.2,True,13,loose
copd maintenance,Spiriva Respimat,13,3,15.9036,7.1123,7.4,5,0.8,8.8,False,13,loose
copd maintenance,Breo Ellipta,14,11,14.4567,6.4652,5.2,5,0.4,10.8,False,13,loose
copd maintenance,Fluticasone / vilanterol,15,12,14.4567,6.4652,5.2,5,0.4,10.8,True,13,loose
cough,Chlorpheniramine / hydrocodone,1,1,84.4089,9.0496,9.3333,87,0.9425,12.2299,False,1,loose
cough,Benzonatate,2,22,83.6276,5.0521,4.9672,274,0.438,19.0182,True,1,loose
cough,Tussionex Pennkinetic,3,2,75.9276,9.011,9.3521,71,0.9437,12.9718,False,1,loose
cough,Homatropine / hydrocodone,4,6,68.5844,7.7657,7.8846,78,0.7692,14.9231,False,1,loose
cough,Dextromethorphan,5,23,53.3007,4.076,3.8713,171,0.269,6.9474,False,1,loose
cough,Tessalon Perles,6,17,50.5964,6.4782,6.377,61,0.5574,31.1148,False,1,loose
cough,Codeine / promethazine,7,11,47.6065,7.1769,7.2273,44,0.6818,16.0455,False,1,loose
cough,Codeine / guaifenesin,8,19,45.6865,6.2755,6.1132,53,0.5094,20.3019,True,1,loose
cough,Guaifenesin,9,18,44.6289,6.3756,6.2245,49,0.5918,18.2449,True,1,loose
cough,Hycodan,10,4,43.246,8.1727,8.6786,28,0.8929,14.3929,False,1,loose
cough,Hydromet,11,7,39.3039,7.7081,8.0385,26,0.7308,25.1154,False,1,loose
cough,Delsym,12,24,38.2347,3.7492,3.375,104,0.2019,8.9808,False,1,loose
cough,Acetaminophen / hydrocodone,13,3,38.1402,8.5284,9.45,20,0.95,41.75,False,1,loose
cough,Mucinex,14,16,33.6963,6.4849,6.2593,27,0.5926,27.2963,False,1,loose
cough,Cheratussin AC,15,21,30.6319,5.8951,5.4074,27,0.4074,27.2222,False,1,loose
cough and nasal congestion,Guaifenesin / pseudoephedrine,1,8,87.8379,6.5837,6.5562,178,0.6404,14.0169,True,3,loose
cough and nasal congestion,Mucinex D,2,10,81.5492,6.5083,6.4713,157,0.6306,15.5096,False,3,loose
cough and nasal congestion,Chlorpheniramine / hydrocodone / pseudoephedrine,3,1,29.4318,8.4962,10.0,12,1.0,7.5,True,3,loose
cough and nasal congestion,Zutripro,4,2,29.4318,8.4962,10.0,12,1.0,7.5,False,3,loose
cough and nasal congestion,Brompheniramine / dextromethorphan / pseudoephedrine,5,11,27.5643,6.497,6.1667,18,0.6111,7.7778,False,3,loose
cough and nasal congestion,Bromfed DM,6,6,23.6583,6.8295,6.6667,12,0.6667,10.9167,False,3,loose
cough and nasal congestion,Mucinex D Maximum Strength,7,7,23.0809,6.6629,6.3333,12,0.5833,0.6667,False,3,loose
cough and nasal congestion,Dextromethorphan / guaifenesin / pseudoephedrine,8,4,19.0392,7.7727,9.3333,6,1.0,2.1667,True,3,loose
cough and nasal congestion,Chlorpheniramine / dextromethorphan / phenylephrine,9,5,18.2227,7.4394,8.3333,6,0.8333,5.6667,False,3,loose
cough and nasal congestion,Chlorpheniramine / dextromethorphan / pseudoephedrine,10,3,17.482,7.8182,9.8,5,1.0,5.2,False,3,loose
cough and nasal congestion,Chlorpheniramine / dextromethorphan,11,9,14.5883,6.5241,5.4,5,0.4,6.6,False,3,loose
crohn s,Mesalamine,1,5,35.0656,7.3117,7.4783,23,0.7391,9.2174,True,4,strict
crohn s,Adalimumab,2,9,34.4006,6.388,6.1379,29,0.5172,23.7586,False,4,strict
crohn s,Humira,3,10,34.4006,6.388,6.1379,29,0.5172,23.7586,False,4,strict
crohn s,Cholestyramine,4,1,22.3317,7.8955,9.25,8,0.875,39.375,False,4,strict
crohn s,Pentasa,5,3,21.766,7.6955,8.75,8,0.875,8.5,False,4,strict
crohn s,Infliximab,6,12,20.8961,6.3004,5.5455,11,0.3636,7.6364,False,4,strict
crohn s,Vedolizumab,7,14,19.6011,5.4364,4.0,13,0.2308,9.2308,False,4,strict
crohn s,Entyvio,8,13,19.4725,5.6212,4.25,12,0.25,9.6667,False,4,strict
crohn s,Remicade,9,11,19.1299,6.3766,5.5556,9,0.3333,8.7778,False,4,strict
crohn s,Asacol,10,4,18.2227,7.4394,8.3333,6,0.8333,10.1667,False,4,strict
crohn s,Sulfasalazine,11,2,17.3505,7.7594,9.6,5,1.0,12.0,False,4,strict
crohn s,Azathioprine,12,8,16.5897,6.7727,6.3333,6,0.6667,11.0,False,4,strict
crohn s,Budesonide,13,6,16.1667,7.23,7.8,5,0.8,17.8,False,4,strict
crohn s,Balsalazide,14,7,15.9036,7.1123,7.4,5,0.8,8.8,False,4,strict
crohn s acute,Infliximab,1,4,21.5479,6.8141,6.6,10,0.6,7.9,False,124,loose
crohn s acute,Remicade,2,5,21.5479,6.8141,6.6,10,0.6,7.9,False,124,loose
crohn s acute,Metronidazole,3,1,19.3431,7.311,7.8571,7,0.8571,3.5714,True,124,loose
crohn s acute,Adalimumab,4,2,16.998,6.9394,6.8333,6,0.6667,25.6667,False,124,loose
crohn s acute,Humira,5,3,16.998,6.9394,6.8333,6,0.6667,25.6667,False,124,loose
crohn s maintenance,Mesalamine,1,1,52.5814,7.9269,8.1818,44,0.8636,20.4318,True,4,loose
crohn s maintenance,Adalimumab,2,5,46.2922,7.6104,7.8108,37,0.7838,41.5405,False,4,loose
crohn s maintenance,Humira,3,6,46.2922,7.6104,7.8108,37,0.7838,41.5405,False,4,loose
crohn s maintenance,Pentasa,4,2,45.3685,7.7806,8.0588,34,0.8529,22.3824,False,4,loose
crohn s maintenance,Infliximab,5,7,39.4097,7.4477,7.6429,28,0.7857,30.1786,False,4,loose
crohn s maintenance,Remicade,6,8,39.4097,7.4477,7.6429,28,0.7857,30.1786,False,4,loose
crohn s maintenance,Azathioprine,7,10,22.2666,7.0413,7.1,10,0.8,20.7,False,4,loose
crohn s maintenance,Imuran,8,11,20.7013,6.9004,6.7778,9,0.7778,22.5556,False,4,loose
crohn s maintenance,Asacol,9,9,19.6216,7.4163,8.1429,7,0.8571,17.4286,False,4,loose
crohn s maintenance,Certolizumab,10,3,18.9031,7.7172,9.1667,6,0.8333,17.1667,False,4,loose
crohn s maintenance,Cimzia,11,4,18.9031,7.7172,9.1667,6,0.8333,17.1667,False,4,loose
crohn s maintenance,Mercaptopurine,12,12,16.1092,5.6955,3.75,8,0.25,8.5,False,4,loose
cyclic vomiting syndrome,Amitriptyline,1,1,37.4414,8.3722,9.2,20,0.95,15.5,False,26,loose
cyclic vomiting syndrome,Nortriptyline,2,2,16.6928,7.4652,8.6,5,1.0,9.0,False,26,loose
deep vein thrombosis,Rivaroxaban,1,8,38.1136,6.3523,6.1389,36,0.5556,26.75,True,7,strict
deep vein thrombosis,Xarelto,2,7,37.1366,6.4646,6.2727,33,0.5758,28.9091,False,7,strict
deep vein thrombosis,Enoxaparin,3,1,18.7671,7.6616,9.0,6,1.0,23.0,True,7,strict
deep vein thrombosis,Lovenox,4,2,18.7671,7.6616,9.0,6,1.0,23.0,False,7,strict
deep vein thrombosis,Dabigatran,5,3,16.7258,6.8283,6.5,6,0.5,12.0,False,7,strict
deep vein thrombosis,Pradaxa,6,4,16.7258,6.8283,6.5,6,0.5,12.0,False,7,strict
deep vein thrombosis,Apixaban,7,5,14.8513,6.6417,5.8,5,0.4,28.4,False,7,strict
deep vein thrombosis,Eliquis,8,6,14.8513,6.6417,5.8,5,0.4,28.4,False,7,strict
dental abscess,Metronidazole,1,3,57.6264,6.6541,6.6,75,0.5467,23.7733,True,17,loose
dental abscess,Amoxicillin,2,4,26.4009,5.9034,5.25,20,0.4,23.2,True,17,loose
dental abscess,Flagyl,3,1,19.6216,7.4163,8.1429,7,0.7143,52.2857,True,17,loose
dental abscess,Clarithromycin,4,2,14.9829,6.7005,6.0,5,0.6,26.0,False,17,loose
depression,Bupropion,1,35,201.7226,7.3806,7.3869,747,0.7242,55.7925,True,44,strict
depression,Sertraline,2,52,183.7857,7.1376,7.1403,663,0.6953,54.9382,True,44,strict
depression,Desvenlafaxine,3,50,171.4046,7.1605,7.164,573,0.6998,40.6928,True,44,strict
depression,Escitalopram,4,28,171.2532,7.5463,7.5592,515,0.7592,43.4524,True,44,strict
depression,Pristiq,5,47,169.4974,7.2013,7.2058,554,0.704,41.9675,False,44,strict
depression,Citalopram,6,30,168.9829,7.4608,7.4717,513,0.7388,40.2749,True,44,strict
depression,Venlafaxine,7,74,156.9109,6.5493,6.5401,574,0.6237,32.3972,True,44,strict
depression,Lexapro,8,27,153.5562,7.6022,7.6201,408,0.7721,52.3676,False,44,strict
depression,Fluoxetine,9,42,143.5145,7.2578,7.266,391,0.7059,45.0281,True,44,strict
depression,Zoloft,10,48,140.9792,7.1757,7.1813,386,0.7098,80.0777,False,44,strict
depression,Duloxetine,11,76,135.9452,6.5031,6.4897,437,0.6041,46.7071,True,44,strict
depression,Vilazodone,12,71,132.8375,6.5845,6.5725,407,0.5995,51.5037,False,44,strict
depression,Cymbalta,13,75,131.8429,6.5033,6.4891,411,0.6034,49.4258,False,44,strict
depression,Wellbutrin,14,38,131.6229,7.3351,7.3478,322,0.7205,78.4596,False,44,strict
depression,Viibryd,15,72,131.1879,6.5841,6.5718,397,0.5995,52.7834,False,44,strict
dermatitis,Triamcinolone,1,2,34.7768,8.197,9.0,18,0.8889,19.5,True,2,loose
dermatitis,Clobetasol,2,1,34.2727,8.5682,9.75,16,1.0,18.0,True,2,loose
dermatitis,Fluocinonide,3,3,25.1414,7.9504,9.1,10,0.9,21.6,False,2,loose
dermatitis,Desonide,4,5,21.2004,7.4955,8.25,8,0.875,19.75,False,2,loose
dermatitis,Prednisolone,5,7,17.6784,7.2172,7.6667,6,0.8333,13.1667,False,2,loose
dermatitis,Betamethasone,6,4,17.3505,7.7594,9.6,5,1.0,13.4,False,2,loose
dermatitis,Hydrocortisone,7,6,16.1667,7.23,7.8,5,0.8,8.0,False,2,loose
dermatological disorders,Betamethasone,1,1,23.987,7.9957,9.3333,9,1.0,27.6667,False,0,none
dermatological disorders,Urea,2,2,19.3114,7.8838,9.6667,6,1.0,28.6667,False,0,none
dermatological disorders,Silver,3,3,19.0392,7.7727,9.3333,6,1.0,9.3333,False,0,none
dermatological disorders,Hydroquinone,4,4,13.1414,5.877,3.2,5,0.2,39.6,False,0,none
diabetes type 1,"Insulin inhalation, rapid acting",1,1,42.1576,7.4525,7.625,32,0.75,41.7812,True,36,strict
diabetes type 1,Afrezza,2,3,41.1638,7.3932,7.5484,31,0.7419,42.9032,False,36,strict
diabetes type 1,Insulin degludec,3,6,26.9812,5.626,4.913,23,0.3913,13.4783,True,36,strict
diabetes type 1,Tresiba,4,5,26.4745,5.6444,4.9091,22,0.4091,14.0909,False,36,strict
diabetes type 1,Insulin glargine,5,4,22.2208,5.7374,4.7333,15,0.4,12.2667,True,36,strict
diabetes type 1,Lantus,6,2,18.2227,7.4394,8.3333,6,0.8333,24.6667,True,36,strict
diabetes type 2,Liraglutide,1,1,149.5309,7.8919,7.922,359,0.7967,29.6852,False,36,strict
diabetes type 2,Victoza,2,2,148.0269,7.8899,7.9205,352,0.7983,30.2074,False,36,strict
diabetes type 2,Exenatide,3,12,113.886,7.2759,7.2898,245,0.698,25.7755,False,36,strict
diabetes type 2,Dulaglutide,4,47,104.3006,6.0319,5.9933,299,0.5318,18.6388,False,36,strict
diabetes type 2,Trulicity,5,48,102.1078,6.0063,5.9654,289,0.526,19.2768,False,36,strict
diabetes type 2,Bydureon,6,19,91.5126,6.9778,6.9767,172,0.6744,24.4535,False,36,strict
diabetes type 2,Canagliflozin,7,40,87.4266,6.2448,6.199,196,0.551,37.75,False,36,strict
diabetes type 2,Invokana,8,38,86.5237,6.2606,6.2147,191,0.555,38.7068,False,36,strict
diabetes type 2,Byetta,9,3,65.4182,7.8754,8.029,69,0.7536,30.5072,False,36,strict
diabetes type 2,Metformin,10,37,65.1859,6.3018,6.2243,107,0.5888,44.5514,True,36,strict
diabetes type 2,Empagliflozin,11,27,49.6477,6.7562,6.7037,54,0.6111,30.3333,False,36,strict
diabetes type 2,Insulin glargine,12,23,49.1862,6.8874,6.8627,51,0.5686,15.4314,True,36,strict
diabetes type 2,Sitagliptin,13,50,48.9991,5.9862,5.806,67,0.4627,46.8955,True,36,strict
diabetes type 2,Jardiance,14,26,48.2794,6.7605,6.7059,51,0.6275,32.0392,False,36,strict
diabetes type 2,Januvia,15,46,47.2191,6.096,5.9167,60,0.4667,52.0667,False,36,strict
diabetic peripheral neuropathy,Pregabalin,1,8,44.6093,6.5069,6.383,47,0.5319,48.1064,True,19,loose
diabetic peripheral neuropathy,Lyrica,2,7,44.0045,6.5598,6.4444,45,0.5556,50.1111,False,19,loose
diabetic peripheral neuropathy,Gabapentin,3,5,40.706,6.692,6.5946,37,0.6486,24.2973,True,19,loose
diabetic peripheral neuropathy,Duloxetine,4,6,37.1498,6.6723,6.5484,31,0.6452,35.5161,False,19,loose
diabetic peripheral neuropathy,Cymbalta,5,4,36.6316,6.9227,6.8929,28,0.6786,39.0714,False,19,loose
diabetic peripheral neuropathy,Nucynta ER,6,1,21.0589,7.4455,8.125,8,0.875,21.375,False,19,loose
diabetic peripheral neuropathy,Tapentadol,7,2,21.0589,7.4455,8.125,8,0.875,21.375,False,19,loose
diabetic peripheral neuropathy,Topiramate,8,3,20.069,7.0955,7.25,8,0.875,40.375,True,19,loose
diarrhea,Atropine / diphenoxylate,1,3,50.7308,7.9228,8.1951,41,0.8293,36.0244,False,10,strict
diarrhea,Lomotil,2,7,39.6918,7.6387,7.9259,27,0.8148,49.5926,False,10,strict
diarrhea,Loperamide,3,2,38.9023,8.1117,8.6957,23,0.8696,17.2609,True,10,strict
diarrhea,Opium,4,1,33.5585,8.3896,9.4375,16,1.0,18.125,False,10,strict
diarrhea,Bismuth subsalicylate,5,4,20.8749,7.89,9.4286,7,1.0,10.2857,False,10,strict
diarrhea,Saccharomyces boulardii lyo,6,9,19.9001,7.5215,8.4286,7,0.8571,35.1429,False,10,strict
diarrhea,Paregoric,7,5,19.1753,7.8283,9.5,6,1.0,31.6667,False,10,strict
diarrhea,Pepto-Bismol,8,6,19.0392,7.7727,9.3333,6,1.0,11.0,False,10,strict
diarrhea,Imodium A-D,9,11,17.4062,7.1061,7.3333,6,0.6667,22.3333,False,10,strict
diarrhea,Florastor,10,8,16.9559,7.5829,9.0,5,0.8,47.8,False,10,strict
diarrhea,Imodium,11,10,16.2982,7.2888,8.0,5,0.8,18.6,False,10,strict
diarrhea chronic,Colesevelam,1,1,51.3065,8.9313,9.6364,33,0.9697,54.5455,False,105,loose
diarrhea chronic,Welchol,2,2,36.7567,8.6636,9.7778,18,1.0,93.0,False,105,loose
diarrhea chronic,Loperamide,3,3,23.0388,8.1455,9.875,8,1.0,24.0,True,105,loose
dietary supplementation,Multivitamin,1,4,44.7919,6.4652,6.3333,48,0.5833,30.2917,False,0,none
dietary supplementation,Ubiquinone,2,1,21.766,7.6955,8.75,8,0.875,32.75,False,0,none
dietary supplementation,Biotin,3,5,19.2727,6.4242,5.6667,9,0.4444,22.3333,False,0,none
dietary supplementation,Omega-3 polyunsaturated fatty acids,4,6,18.2727,6.0909,4.8889,9,0.4444,19.8889,False,0,none
dietary supplementation,CoQ10,5,2,16.4297,7.3476,8.2,5,0.8,38.2,False,0,none
dietary supplementation,Chondroitin / glucosamine,6,3,15.6405,6.9947,7.0,5,0.6,10.6,False,0,none
diverticulitis,Metronidazole,1,2,72.3713,6.8692,6.8559,111,0.6577,38.2883,True,12,strict
diverticulitis,Flagyl,2,3,46.5302,6.8605,6.8261,46,0.6957,52.9348,True,12,strict
diverticulitis,Ciprofloxacin,3,4,24.7013,6.1753,5.5625,16,0.4375,31.125,True,12,strict
diverticulitis,Cipro,4,1,20.7013,6.9004,6.7778,9,0.6667,49.1111,True,12,strict
dry eye,Lifitegrast,1,1,52.8889,5.7032,5.5233,86,0.4651,14.0233,False,0,none
dry eye,Xiidra,2,2,51.6262,5.7012,5.5122,82,0.4634,14.7073,False,0,none
dry eye,Ocular lubricant,3,4,18.7543,4.5486,2.8235,17,0.2353,5.7059,False,0,none
dry eye,Systane,4,3,12.2351,4.995,1.0,6,0.0,12.3333,False,0,none
dry skin,Emollients,1,5,42.0322,6.5643,6.439,41,0.6341,9.1951,False,3,strict
dry skin,EpiCeram,2,4,27.4737,7.3427,7.6429,14,0.7857,18.6429,False,3,strict
dry skin,Urea,3,1,24.2727,8.0909,9.5556,9,1.0,21.2222,False,3,strict
dry skin,Ammonium lactate,4,2,21.2926,8.0479,9.8571,7,1.0,36.7143,False,3,strict
dry skin,Biafine,5,3,21.2926,8.0479,9.8571,7,1.0,9.4286,True,3,strict
duodenal ulce,Sucralfate,1,1,23.987,7.9957,9.3333,9,1.0,45.4444,True,31,loose
duodenal ulce,Carafate,2,2,17.0874,7.6417,9.2,5,1.0,58.4,False,31,loose
duodenal ulce,Pantoprazole,3,3,15.3775,6.877,6.6,5,0.6,19.6,True,31,loose
dysautonomia,Midodrine,1,1,19.0392,7.7727,9.3333,6,1.0,24.1667,False,0,none
dysautonomia,Pyridostigmine,2,3,17.5423,7.1616,7.5,6,0.8333,8.6667,False,0,none
dysautonomia,Alprazolam,3,2,17.3505,7.7594,9.6,5,1.0,15.6,False,0,none
dysautonomia,Mestinon,4,4,15.7721,7.0535,7.2,5,0.8,9.0,False,0,none
dysuria,Phenazopyridine,1,3,52.1354,6.7875,6.7458,59,0.6441,14.7458,False,0,none
dysuria,Uricalm,2,2,29.5597,7.1693,7.2941,17,0.7059,18.4706,False,0,none
dysuria,Pyridium,3,4,25.3151,6.7657,6.5714,14,0.6429,20.0714,False,0,none
dysuria,Azo-Standard,4,1,19.7609,7.4689,8.2857,7,1.0,18.0,False,0,none
eczema,Mometasone,1,1,45.4949,8.5977,9.2857,28,0.9286,20.8571,False,0,none
eczema,Elocon,2,2,38.1402,8.5284,9.45,20,0.95,26.2,False,0,none
eczema,Desonide,3,3,34.678,8.4107,9.4118,17,1.0,21.8824,False,0,none
eczema,Elidel,4,9,31.9056,7.3197,7.5263,19,0.6842,17.1579,False,0,none
eczema,Pimecrolimus,5,10,31.9056,7.3197,7.5263,19,0.6842,17.1579,False,0,none
eczema,Dupilumab,6,5,30.4156,7.6039,8.0625,16,0.8125,18.0,False,0,none
eczema,Dupixent,7,7,29.1061,7.5152,7.9333,15,0.8,18.9333,False,0,none
eczema,Hydrocortisone,8,4,25.2852,7.9959,9.2,10,1.0,9.8,False,0,none
eczema,Halobetasol,9,6,21.3418,7.5455,8.375,8,0.875,10.25,False,0,none
eczema,Desoximetasone,10,8,21.0589,7.4455,8.125,8,0.75,19.0,False,0,none
eczema,Prednisone,11,11,20.4933,7.2455,7.625,8,0.75,36.875,False,0,none
edema,Furosemide,1,2,47.1064,7.3568,7.4634,41,0.6829,64.1951,True,5,strict
edema,Lasix,2,3,34.062,7.262,7.4091,22,0.6818,86.2273,True,5,strict
edema,Hydrochlorothiazide / triamterene,3,7,24.2162,6.7164,6.4615,13,0.6154,24.9231,True,5,strict
edema,Spironolactone,4,1,21.6246,7.6455,8.625,8,1.0,38.25,False,5,strict
edema,Triamterene,5,6,16.7258,6.8283,6.5,6,0.8333,25.5,False,5,strict
edema,Bumetanide,6,4,16.0351,7.1711,7.6,5,0.8,20.4,False,5,strict
edema,Hydrochlorothiazide,7,5,15.6405,6.9947,7.0,5,0.8,42.2,True,5,strict
emale infertility,Clomiphene,1,2,46.3144,7.1465,7.1905,42,0.6667,74.881,False,0,none
emale infertility,Clomid,2,1,42.1152,7.3313,7.4545,33,0.697,92.7879,False,0,none
emale infertility,Metformin,3,3,15.7721,7.0535,7.2,5,0.6,23.8,False,0,none
emergency contraception,Levonorgestrel,1,3,343.8225,8.4618,8.4724,1651,0.8419,13.5542,False,1,loose
emergency contraception,Plan B,2,1,243.6465,8.674,8.6996,789,0.8682,12.0811,False,1,loose
emergency contraception,Plan B One-Step,3,2,203.1585,8.647,8.683,552,0.8623,19.7971,False,1,loose
emergency contraception,Ulipristal,4,5,62.4078,7.2548,7.2973,74,0.6892,9.1486,False,1,loose
emergency contraception,ella,5,7,60.2936,7.1555,7.1831,71,0.6761,9.5352,False,1,loose
emergency contraception,Aftera,6,8,59.407,6.9059,6.8919,74,0.6757,6.9595,False,1,loose
emergency contraception,Next Choice,7,4,51.8707,7.8198,8.0455,44,0.8409,14.4091,False,1,loose
emergency contraception,My Way,8,6,33.6481,7.1738,7.2727,22,0.7273,5.5455,False,1,loose
emergency contraception,EContra EZ,9,9,13.7991,6.1711,4.2,5,0.2,4.0,False,1,loose
endometriosis,Leuprolide,1,22,58.3742,5.7799,5.6373,102,0.5098,21.1078,False,3,strict
endometriosis,Ethinyl estradiol / levonorgestrel,2,16,53.9055,6.2664,6.1486,74,0.527,8.2432,False,3,strict
endometriosis,Lupron Depot,3,19,52.0997,5.9762,5.8158,76,0.5263,22.8421,False,3,strict
endometriosis,Ethinyl estradiol / norethindrone,4,15,47.311,6.3222,6.1786,56,0.5714,8.0,False,3,strict
endometriosis,Medroxyprogesterone,5,17,45.1265,6.1986,6.0189,53,0.5849,19.8302,False,3,strict
endometriosis,Depo-Provera,6,14,43.139,6.3605,6.1957,46,0.6087,22.3913,False,3,strict
endometriosis,Ethinyl estradiol / norgestimate,7,13,40.2472,6.3636,6.175,40,0.55,8.375,False,3,strict
endometriosis,Goserelin,8,8,31.831,6.4975,6.25,24,0.5417,21.125,False,3,strict
endometriosis,Zoladex,9,9,31.831,6.4975,6.25,24,0.5417,21.125,False,3,strict
endometriosis,Norethindrone,10,18,31.5645,6.0746,5.6667,27,0.4444,15.1481,False,3,strict
endometriosis,Seasonique,11,24,29.8325,5.7413,5.1852,27,0.4444,10.9259,False,3,strict
endometriosis,Loestrin 24 Fe,12,11,26.4318,6.4107,6.0,17,0.5294,12.7647,False,3,strict
endometriosis,Lupron,13,23,23.7305,5.7555,4.8824,17,0.4706,22.2353,False,3,strict
endometriosis,Microgestin Fe 1 / 20,14,4,23.3475,7.0395,7.0909,11,0.6364,10.2727,False,3,strict
endometriosis,Sprintec,15,10,22.5035,6.4962,6.0,12,0.5833,7.8333,False,3,strict
epilepsy,Levetiracetam,1,17,52.9842,6.2881,6.169,71,0.5493,16.6901,False,1,loose
epilepsy,Carbamazepine,2,11,52.2918,6.9262,6.9123,57,0.6842,13.8772,False,1,loose
epilepsy,Divalproex sodium,3,7,52.0706,7.1524,7.1887,53,0.717,16.2264,True,1,loose
epilepsy,Depakote,4,9,42.0305,7.1045,7.1429,35,0.7143,19.0571,False,1,loose
epilepsy,Keppra,5,19,40.2876,6.1438,5.907,43,0.5349,24.0698,False,1,loose
epilepsy,Phenytoin,6,2,37.6937,7.3923,7.5769,26,0.8462,8.3846,True,1,loose
epilepsy,Tegretol,7,14,36.7638,6.7121,6.6,30,0.6333,17.9,False,1,loose
epilepsy,Dilantin,8,5,33.3152,7.27,7.4286,21,0.8095,9.7619,False,1,loose
epilepsy,Lamotrigine,9,12,28.1379,6.8245,6.7059,17,0.5882,4.5294,True,1,loose
epilepsy,Depakote ER,10,3,27.3298,7.3042,7.5714,14,0.7857,13.1429,False,1,loose
epilepsy,Perampanel,11,18,23.9421,6.1818,5.5333,15,0.4667,10.2,False,1,loose
epilepsy,Fycompa,12,16,23.876,6.3811,5.8571,14,0.5,10.7857,False,1,loose
epilepsy,Gabapentin,13,13,21.4042,6.7686,6.5,10,0.7,19.4,False,1,loose
epilepsy,Felbamate,14,1,21.0589,7.4455,8.125,8,0.875,6.5,False,1,loose
epilepsy,Carbatrol,15,4,20.6347,7.2955,7.75,8,0.75,12.125,False,1,loose
erectile dysfunction,Tadalafil,1,2,163.1509,8.6592,8.7155,355,0.8761,51.0113,False,5,loose
erectile dysfunction,Cialis,2,1,154.3559,8.697,8.7619,315,0.8825,56.6444,False,5,loose
erectile dysfunction,Sildenafil,3,4,118.5306,8.4024,8.4874,199,0.8442,48.9447,True,5,loose
erectile dysfunction,Viagra,4,3,100.2369,8.5327,8.6667,138,0.8623,61.4638,False,5,loose
erectile dysfunction,Vardenafil,5,7,90.4962,8.0942,8.2,125,0.856,57.608,False,5,loose
erectile dysfunction,Levitra,6,8,78.9178,7.9719,8.0918,98,0.8367,54.8265,False,5,loose
erectile dysfunction,Alprostadil,7,10,67.4069,7.6323,7.7308,78,0.7949,48.1538,False,5,loose
erectile dysfunction,Edex,8,6,40.5283,8.1057,8.64,25,0.92,55.16,False,5,loose
erectile dysfunction,Avanafil,9,11,39.6876,6.4382,6.2632,38,0.6053,32.3684,False,5,loose
erectile dysfunction,Staxyn,10,5,39.0283,8.3209,9.0455,22,1.0,82.4091,False,5,loose
erectile dysfunction,Stendra,11,12,38.1136,6.3523,6.1389,36,0.5833,34.1389,False,5,loose
erectile dysfunction,Muse,12,14,28.4059,6.0562,5.5455,22,0.5,61.5455,False,5,loose
erectile dysfunction,Caverject Impulse,13,9,19.0392,7.7727,9.3333,6,1.0,50.0,False,5,loose
erectile dysfunction,Yohimbine,14,13,14.0621,6.2888,4.6,5,0.4,8.4,False,5,loose
erosive esophagitis,Dexlansoprazole,1,1,27.844,8.0379,9.0833,12,1.0,29.3333,False,2,loose
erosive esophagitis,Dexilant,2,2,22.4731,7.9455,9.375,8,1.0,37.875,False,2,loose
erosive esophagitis,Omeprazole,3,4,22.0489,7.7955,9.0,8,1.0,24.625,True,2,loose
erosive esophagitis,Pantoprazole,4,9,21.9791,6.9504,6.9,10,0.7,28.1,True,2,loose
erosive esophagitis,Esomeprazole,5,5,18.9031,7.7172,9.1667,6,1.0,18.3333,True,2,loose
erosive esophagitis,Nexium,6,6,18.9031,7.7172,9.1667,6,1.0,18.3333,False,2,loose
erosive esophagitis,Rabeprazole,7,7,18.3588,7.495,8.5,6,0.8333,17.5,False,2,loose
erosive esophagitis,Lansoprazole,8,3,17.6135,7.877,10.0,5,1.0,19.4,False,2,loose
erosive esophagitis,Aciphex,9,8,16.4297,7.3476,8.2,5,0.8,19.2,False,2,loose
extrapyramidal reaction,Benztropine,1,1,24.9337,7.5178,8.0909,11,0.8182,24.0909,False,3,loose
extrapyramidal reaction,Trihexyphenidyl,2,2,19.6216,7.4163,8.1429,7,0.8571,5.0,False,3,loose
extrapyramidal reaction,Cogentin,3,3,16.998,6.9394,6.8333,6,0.6667,31.5,False,3,loose
eye redness,Ocular lubricant,1,2,44.2962,7.4874,7.6571,35,0.7714,14.7143,False,0,none
eye redness,FreshKote,2,1,22.756,8.0455,9.625,8,1.0,23.625,False,0,none
eye redness,Systane,3,3,13.2729,5.9358,3.4,5,0.2,27.8,False,0,none
eye redness itching,Naphazoline / pheniramine,1,1,26.2353,7.2764,7.5385,13,0.7692,6.7692,False,0,none
eye redness itching,Opcon-A,2,2,20.5585,6.8528,6.6667,9,0.6667,9.1111,False,0,none
eye redness itching,Tetrahydrozoline / zinc sulfate,3,3,16.8045,5.3141,3.3,10,0.2,4.4,False,0,none
eye redness itching,Visine Totality Multi-Symptom Relief,4,4,16.8045,5.3141,3.3,10,0.2,4.4,False,0,none
gas,Simethicone,1,2,21.5585,7.1862,7.4444,9,0.6667,50.7778,False,0,none
gas,Gas-X,2,1,20.9175,7.3955,8.0,8,0.75,57.0,False,0,none
gastroenteritis,Ondansetron,1,1,42.9607,8.5921,9.36,25,0.88,22.92,False,8,strict
gastroenteritis,Zofran,2,2,39.1476,8.5427,9.4286,21,0.9048,26.0952,False,8,strict
gastroparesis,Metoclopramide,1,1,36.1118,6.5931,6.4333,30,0.6,37.0667,False,0,none
gastroparesis,Reglan,2,2,28.9164,6.4659,6.15,20,0.6,50.25,False,0,none
ge,Amlodipine / valsartan,1,1,39.5405,6.3316,6.1282,39,0.5128,29.1795,False,0,none
generalized anxiety disorde,Escitalopram,1,3,162.4061,8.2027,8.2398,392,0.8342,43.8469,True,62,loose
generalized anxiety disorde,Lexapro,2,1,137.3332,8.389,8.4515,268,0.8619,58.9925,False,62,loose
generalized anxiety disorde,Pregabalin,3,2,103.4354,8.2289,8.3228,158,0.8418,62.0696,True,62,loose
generalized anxiety disorde,Citalopram,4,5,77.6928,7.9711,8.0947,95,0.8421,46.9368,True,62,loose
generalized anxiety disorde,Quetiapine,5,9,75.2597,7.526,7.59,100,0.75,48.0,True,62,loose
generalized anxiety disorde,Sertraline,6,7,67.7758,7.6254,7.7215,79,0.7722,32.7215,True,62,loose
generalized anxiety disorde,Venlafaxine,7,17,64.6579,6.669,6.6277,94,0.6383,38.4681,True,62,loose
generalized anxiety disorde,Duloxetine,8,15,63.2103,6.7769,6.7471,87,0.6437,52.7586,True,62,loose
generalized anxiety disorde,Cymbalta,9,16,60.4751,6.7195,6.679,81,0.6296,56.4691,False,62,loose
generalized anxiety disorde,Paroxetine,10,6,58.7347,7.6466,7.7797,59,0.7627,28.7458,True,62,loose
generalized anxiety disorde,Paxil,11,8,47.9096,7.5752,7.75,40,0.75,37.075,False,62,loose
generalized anxiety disorde,Effexor XR,12,14,44.2742,6.8317,6.7857,42,0.6429,53.8333,False,62,loose
generalized anxiety disorde,Lyrica,13,4,33.3985,8.1003,8.8824,17,0.9412,98.0588,False,62,loose
generalized anxiety disorde,Seroquel,14,12,27.042,7.2273,7.4286,14,0.8571,70.1429,False,62,loose
generalized anxiety disorde,Celexa,15,10,16.5613,7.4064,8.4,5,1.0,95.8,True,62,loose
gerd,Dexlansoprazole,1,19,72.5324,6.8233,6.8053,113,0.6549,31.292,True,19,strict
gerd,Esomeprazole,2,9,68.7977,7.6442,7.7407,81,0.716,25.4815,True,19,strict
gerd,Omeprazole,3,5,68.6132,7.8192,7.9481,77,0.7792,33.1039,True,19,strict
gerd,Nexium,4,13,64.1212,7.5048,7.589,73,0.6849,28.0548,True,19,strict
gerd,Dexilant,5,21,62.8536,6.6625,6.618,89,0.6404,37.1011,True,19,strict
gerd,Ranitidine,6,8,60.0115,7.6837,7.8197,61,0.8197,34.4262,True,19,strict
gerd,Pantoprazole,7,22,56.1803,6.5754,6.5068,73,0.589,37.1781,True,19,strict
gerd,Lansoprazole,8,6,55.0755,7.7889,7.98,50,0.76,24.88,True,19,strict
gerd,Prevacid,9,2,51.9081,8.3119,8.7179,39,0.8718,27.6154,True,19,strict
gerd,Rabeprazole,10,3,47.4768,8.2646,8.7273,33,0.8485,21.8788,False,19,strict
gerd,Aciphex,11,1,46.8784,8.7051,9.4138,29,0.931,24.1724,False,19,strict
gerd,Protonix,12,18,38.8331,6.9746,6.9677,31,0.6452,57.3548,False,19,strict
gerd,Zantac 150,13,12,34.7039,7.573,7.9048,21,0.8095,47.619,True,19,strict
gerd,Prilosec,14,15,34.0095,7.4215,7.6667,21,0.7143,52.1905,False,19,strict
gerd,Omeprazole / sodium bicarbonate,15,10,32.2312,7.597,8.0,18,0.7778,13.9444,True,19,strict
glaucoma,Acetazolamide,1,4,24.7013,6.1753,5.5625,16,0.375,12.625,False,1,loose
glaucoma,Brimonidine / timolol,2,1,19.987,6.6623,6.2222,9,0.5556,17.4444,False,1,loose
glaucoma,Combigan,3,2,19.987,6.6623,6.2222,9,0.5556,17.4444,False,1,loose
glaucoma,Diamox,4,3,18.8442,6.2814,5.3333,9,0.4444,17.4444,False,1,loose
glaucoma open angle,Latanoprost,1,6,21.9262,6.3295,5.6667,12,0.5,27.5833,False,26,loose
glaucoma open angle,Bimatoprost,2,3,16.4537,6.7172,6.1667,6,0.5,28.0,False,26,loose
glaucoma open angle,Lumigan,3,4,16.4537,6.7172,6.1667,6,0.5,28.0,False,26,loose
glaucoma open angle,Xalatan,4,1,16.1667,7.23,7.8,5,0.6,53.2,False,26,loose
glaucoma open angle,Dorzolamide,5,2,15.9036,7.1123,7.4,5,0.6,4.6,False,26,loose
glaucoma open angle,Dorzolamide / timolol,6,5,15.6372,6.3838,5.1667,6,0.5,3.5,False,26,loose
gout,Allopurinol,1,3,51.16,7.7127,7.9091,44,0.8182,39.4773,True,13,strict
gout,Febuxostat,2,1,48.1136,8.0189,8.3611,36,0.8333,27.6944,False,13,strict
gout,Uloric,3,2,44.6003,7.8843,8.2188,32,0.8125,30.875,False,13,strict
gout acute,Indomethacin,1,3,76.8624,8.0574,8.1978,91,0.8132,32.0,True,3,strict
gout acute,Colchicine,2,5,50.5411,7.7074,7.907,43,0.8372,18.0,True,3,strict
gout acute,Naproxen,3,2,45.2405,8.2597,8.7667,30,0.8667,35.0667,False,3,strict
gout acute,Methylprednisolone,4,1,44.8335,8.4727,9.1071,28,0.9286,28.5,False,3,strict
gout acute,Colcrys,5,7,33.2488,7.4347,7.7,20,0.8,25.6,False,3,strict
gout acute,Indocin,6,4,24.8539,7.8595,8.9,10,0.9,47.9,False,3,strict
gout acute,Aleve,7,6,21.6246,7.6455,8.625,8,0.875,53.5,False,3,strict
gouty arthritis,Prednisone,1,1,51.3452,8.6789,9.2571,35,0.9714,41.1714,True,36,loose
hashimoto s,Thyroid desiccated,1,2,62.7086,7.778,7.9231,65,0.7846,79.2462,False,0,none
hashimoto s,Levothyroxine,2,5,57.3796,7.0629,7.0758,66,0.697,34.6212,False,0,none
hashimoto s,Armour Thyroid,3,3,49.5226,7.7341,7.9512,41,0.7805,85.6829,False,0,none
hashimoto s,Tirosint,4,1,35.6759,7.7851,8.2381,21,0.8571,51.1905,False,0,none
hashimoto s,Nature-Throid,5,4,31.2658,7.5831,8.0,17,0.8235,89.5294,False,0,none
hashimoto s,Synthroid,6,7,30.399,6.6336,6.4286,21,0.619,40.0,False,0,none
hashimoto s,Levoxyl,7,6,16.4537,6.7172,6.1667,6,0.5,27.8333,False,0,none
head lice,Ivermectin,1,4,41.7386,6.9564,6.9444,36,0.6389,11.9167,False,14,loose
head lice,Sklice,2,5,41.0235,6.9342,6.9143,35,0.6286,9.9714,False,14,loose
head lice,Spinosad,3,2,18.2227,7.4394,8.3333,6,0.8333,25.6667,False,14,loose
head lice,Malathion,4,1,17.0874,7.6417,9.2,5,0.8,29.2,False,14,loose
head lice,Natroba,5,3,16.2982,7.2888,8.0,5,0.8,30.2,False,14,loose
headache,Acetaminophen / butalbital / caffeine,1,2,114.8053,8.6538,8.767,176,0.8693,23.3466,True,7,strict
headache,Fioricet,2,3,94.3609,8.5783,8.7355,121,0.876,30.3884,False,7,strict
headache,Acetaminophen / dichloralphenazone / isometheptene mucate,3,5,66.3874,8.4312,8.7097,62,0.871,8.3871,True,7,strict
headache,Aspirin / butalbital / caffeine / codeine,4,1,41.9168,8.7403,9.6522,23,1.0,20.3913,True,7,strict
headache,Naproxen,5,13,41.3167,8.1029,8.6154,26,0.8846,29.7692,False,7,strict
headache,Acetaminophen / butalbital / caffeine / codeine,6,4,39.1476,8.5427,9.4286,21,1.0,15.7143,True,7,strict
headache,Fioricet with Codeine,7,6,32.4053,8.367,9.4667,15,1.0,19.0,False,7,strict
headache,Ibuprofen,8,17,31.9484,7.5303,7.8889,18,0.7778,5.6667,True,7,strict
headache,Aspirin / butalbital / caffeine,9,7,31.8315,8.2189,9.2,15,0.9333,14.7333,True,7,strict
headache,Acetaminophen / butalbital,10,9,30.4958,8.1504,9.1429,14,0.9286,11.2857,True,7,strict
headache,Fiorinal,11,8,29.5524,8.1964,9.3077,13,0.9231,14.4615,False,7,strict
headache,Esgic-Plus,12,12,28.1327,8.1212,9.25,12,0.9167,11.25,False,7,strict
headache,Fiorinal with Codeine,13,11,26.9525,8.1265,9.3636,11,1.0,29.8182,False,7,strict
headache,Esgic,14,10,24.4156,8.1385,9.6667,9,1.0,8.5556,False,7,strict
headache,Acetaminophen / caffeine / isometheptene mucate,15,16,21.766,7.6955,8.75,8,1.0,5.5,True,7,strict
heart attack,Clopidogrel,1,2,37.8186,7.7197,8.0833,24,0.8333,90.2083,True,50,loose
heart attack,Plavix,2,1,35.9833,8.2551,9.0526,19,0.9474,111.4737,True,50,loose
heart attack,Metoprolol,3,3,18.7962,6.6455,6.125,8,0.375,35.875,True,50,loose
heart failure,Carvedilol,1,1,42.6904,8.5381,9.28,25,0.96,35.44,True,45,strict
heart failure,Coreg,2,2,32.5487,8.404,9.5333,15,1.0,46.0,False,45,strict
heart failure,Entresto,3,4,21.8612,5.8427,4.8571,14,0.3571,33.7857,False,45,strict
heart failure,Sacubitril / valsartan,4,5,21.8612,5.8427,4.8571,14,0.3571,33.7857,True,45,strict
heart failure,Furosemide,5,3,18.9031,7.7172,9.1667,6,1.0,29.8333,True,45,strict
helicobacter pylori infection,Bismuth subcitrate potassium / metronidazole / tetracycline,1,4,57.2735,6.2491,6.1429,84,0.5357,17.6786,True,37,loose
helicobacter pylori infection,Amoxicillin / clarithromycin / lansoprazole,2,2,56.5878,7.2453,7.2951,61,0.6885,16.459,True,37,loose
helicobacter pylori infection,Pylera,3,5,55.8299,6.2033,6.0864,81,0.5309,18.3333,False,37,loose
helicobacter pylori infection,Prevpac,4,1,50.4774,7.5247,7.6667,45,0.7556,20.3778,False,37,loose
helicobacter pylori infection,Clarithromycin,5,6,29.3815,5.9975,5.5,24,0.4167,10.2917,True,37,loose
helicobacter pylori infection,Metronidazole,6,3,24.8833,6.6504,6.3571,14,0.7143,9.6429,True,37,loose
hemorrhoids,Pramoxine,1,2,43.6364,8.7273,9.56,25,0.96,14.0,False,5,strict
hemorrhoids,Proctofoam,2,1,42.8537,8.7475,9.625,24,0.9583,14.5,False,5,strict
hemorrhoids,Hydrocortisone / pramoxine,3,3,32.4032,7.8589,8.4706,17,0.8235,19.5294,False,5,strict
hemorrhoids,Analpram-HC,4,4,23.8478,7.5413,8.2,10,0.8,22.6,False,5,strict
hemorrhoids,Hydrocortisone,5,5,19.2039,7.2584,7.7143,7,0.7143,26.4286,False,5,strict
hemorrhoids,Lidocaine,6,6,18.3684,6.9426,6.8571,7,0.5714,8.1429,True,5,strict
hepatitis c,Ledipasvir / sofosbuvir,1,2,142.5613,8.644,8.7169,272,0.8676,30.989,False,17,strict
hepatitis c,Harvoni,2,1,141.8936,8.6675,8.7425,268,0.8694,31.4478,False,17,strict
hepatitis c,Sofosbuvir / velpatasvir,3,7,62.9378,7.8672,8.0312,64,0.7969,15.7656,False,17,strict
hepatitis c,Epclusa,4,8,60.1411,7.8297,8.0,59,0.7966,16.0169,False,17,strict
hepatitis c,Sofosbuvir,5,10,48.3546,7.4613,7.5952,42,0.7143,14.2143,False,17,strict
hepatitis c,Sovaldi,6,9,47.1325,7.5472,7.7179,39,0.7179,15.2821,False,17,strict
hepatitis c,Elbasvir / grazoprevir,7,3,43.7752,8.2727,8.8214,28,0.8571,15.0357,False,17,strict
hepatitis c,Zepatier,8,4,43.7752,8.2727,8.8214,28,0.8571,15.0357,False,17,strict
hepatitis c,Peginterferon alfa-2a,9,13,26.3224,7.035,7.0714,14,0.6429,9.0,True,17,strict
hepatitis c,Daclatasvir,10,5,24.5585,8.1862,9.7778,9,1.0,6.6667,False,17,strict
hepatitis c,Daklinza,11,6,24.5585,8.1862,9.7778,9,1.0,6.6667,False,17,strict
hepatitis c,Telaprevir,12,11,22.2727,7.4242,8.0,9,0.7778,11.4444,False,17,strict
hepatitis c,Pegasys,13,16,21.2604,6.7231,6.4,10,0.6,12.2,False,17,strict
hepatitis c,Dasabuvir / ombitasvir / paritaprevir / ritonavir,14,14,19.2205,6.7955,6.5,8,0.625,17.375,True,17,strict
hepatitis c,Viekira Pak,15,15,19.2205,6.7955,6.5,8,0.625,17.375,False,17,strict
herbal supplementation,Lecithin,1,1,19.1753,7.8283,9.5,6,1.0,43.0,False,0,none
herpes simplex,Docosanol,1,4,88.2944,6.0216,5.9674,215,0.5628,10.386,False,2,loose
herpes simplex,Abreva,2,5,85.2411,5.9535,5.8927,205,0.5512,10.878,False,2,loose
herpes simplex,Acyclovir,3,1,64.1496,7.8963,8.0606,66,0.803,26.2273,True,2,loose
herpes simplex,Lysine,4,2,27.5333,7.6364,8.2308,13,0.7692,15.3846,False,2,loose
herpes simplex,Zovirax,5,3,18.9254,7.1531,7.4286,7,0.7143,25.5714,False,2,loose
herpes simplex suppression,Valacyclovir,1,3,77.7985,8.2466,8.4157,89,0.8315,38.0112,True,2,loose
herpes simplex suppression,Valtrex,2,2,65.5082,8.4571,8.75,60,0.8667,53.95,False,2,loose
herpes simplex suppression,Lysine,3,1,51.3262,8.8024,9.4412,34,0.9706,49.7941,False,2,loose
herpes simplex suppression,Acyclovir,4,4,34.999,8.0293,8.6842,19,0.8947,30.3684,True,2,loose
herpes zoste,Valacyclovir,1,1,27.8218,7.7164,8.3846,13,0.7692,25.2308,True,3,loose
herpes zoste,Acyclovir,2,2,20.0394,7.5742,8.5714,7,1.0,19.7143,True,3,loose
herpes zoste,Valtrex,3,3,18.2227,7.4394,8.3333,6,0.8333,42.8333,False,3,loose
herpes zoste,Famciclovir,4,4,16.2982,7.2888,8.0,5,0.8,19.2,False,3,loose
hiccups,Chlorpromazine,1,1,29.4885,7.8811,8.6429,14,0.8571,18.0,False,0,none
hiccups,Thorazine,2,2,28.1102,7.7964,8.5385,13,0.8462,19.2308,False,0,none
high blood pressure,Lisinopril,1,79,99.0895,5.289,5.2308,351,0.4245,49.0912,True,20,loose
high blood pressure,Losartan,2,77,82.7232,5.5772,5.5,220,0.4636,68.9773,False,20,loose
high blood pressure,Nebivolol,3,46,78.852,6.6881,6.6619,139,0.6187,43.9353,False,20,loose
high blood pressure,Bystolic,4,45,77.4558,6.6912,6.6642,134,0.6194,45.1642,False,20,loose
high blood pressure,Olmesartan,5,9,72.524,7.4803,7.5426,94,0.7021,38.5638,False,20,loose
high blood pressure,Metoprolol,6,64,71.9255,6.3327,6.2713,129,0.5736,50.4496,True,20,loose
high blood pressure,Amlodipine,7,82,69.7401,4.7452,4.6204,216,0.3519,67.2361,False,20,loose
high blood pressure,Benicar,8,8,67.5593,7.5534,7.6375,80,0.725,44.225,False,20,loose
high blood pressure,Atenolol,9,37,61.6364,6.8485,6.8272,81,0.6667,37.4074,False,20,loose
high blood pressure,Amlodipine / olmesartan,10,1,60.5827,8.3217,8.6226,53,0.8491,24.4151,False,20,loose
high blood pressure,Azor,11,2,60.5827,8.3217,8.6226,53,0.8491,24.4151,False,20,loose
high blood pressure,Hydrochlorothiazide,12,75,54.6347,5.7273,5.5604,91,0.4286,51.3297,False,20,loose
high blood pressure,Valsartan,13,72,53.3651,5.9664,5.8125,80,0.4625,48.3,False,20,loose
high blood pressure,Diovan,14,59,46.4112,6.4361,6.3077,52,0.5192,65.3846,False,20,loose
high blood pressure,Ramipril,15,34,45.7113,6.8912,6.8636,44,0.6136,41.0682,False,20,loose
high cholesterol,Rosuvastatin,1,12,53.9689,6.3166,6.2055,73,0.4795,61.7397,False,14,loose
high cholesterol,Crestor,2,9,53.04,6.4799,6.3881,67,0.5075,66.4179,False,14,loose
high cholesterol,Atorvastatin,3,28,52.6705,5.267,5.06,100,0.39,66.73,True,14,loose
high cholesterol,Simvastatin,4,27,46.3307,5.2799,5.013,77,0.4026,41.6234,True,14,loose
high cholesterol,Livalo,5,18,38.891,6.0738,5.8049,41,0.5122,50.122,False,14,loose
high cholesterol,Pitavastatin,6,19,38.891,6.0738,5.8049,41,0.5122,50.122,False,14,loose
high cholesterol,Niacin,7,11,38.0025,6.4236,6.2286,35,0.5429,22.2571,False,14,loose
high cholesterol,Lipitor,8,23,36.7164,5.7341,5.3659,41,0.439,105.6829,False,14,loose
high cholesterol,Evolocumab,9,21,33.0064,5.9281,5.5161,31,0.4839,29.129,False,14,loose
high cholesterol,Ezetimibe,10,25,32.6925,5.6067,5.1176,34,0.4118,58.5882,True,14,loose
high cholesterol,Zetia,11,22,31.3401,5.9227,5.4643,28,0.4643,68.8214,False,14,loose
high cholesterol,Repatha,12,24,30.1495,5.6977,5.1429,28,0.4286,32.25,False,14,loose
high cholesterol,Niaspan,13,15,29.3715,6.262,5.8636,22,0.5,21.8636,False,14,loose
high cholesterol,Ezetimibe / simvastatin,14,1,28.8192,7.4411,7.8,15,0.7333,27.8667,True,14,loose
high cholesterol,Vytorin,15,2,28.8192,7.4411,7.8,15,0.7333,27.8667,False,14,loose
high cholesterol familial heterozygous,Evolocumab,1,3,29.1061,7.5152,7.9333,15,0.6667,21.5333,False,15,loose
high cholesterol familial heterozygous,Repatha,2,1,26.978,7.7879,8.5833,12,0.8333,26.9167,False,15,loose
high cholesterol familial heterozygous,Rosuvastatin,3,2,20.1786,7.6268,8.7143,7,0.8571,43.5714,False,15,loose
high cholesterol familial heterozygous,Alirocumab,4,4,19.6216,7.4163,8.1429,7,0.8571,13.4286,False,15,loose
high cholesterol familial heterozygous,Praluent,5,5,19.6216,7.4163,8.1429,7,0.8571,13.4286,False,15,loose
high cholesterol familial heterozygous,Ezetimibe,6,8,19.0646,7.2057,7.5714,7,0.7143,60.0,True,15,loose
high cholesterol familial heterozygous,Zetia,7,6,18.0866,7.3838,8.1667,6,0.8333,68.5,False,15,loose
high cholesterol familial heterozygous,Crestor,8,7,16.4297,7.3476,8.2,5,0.8,59.4,False,15,loose
hirsutism,Eflornithine,1,2,57.4467,7.8909,8.0943,53,0.7925,46.0755,False,0,none
hirsutism,Vaniqa,2,1,57.1211,7.9986,8.2353,51,0.8235,47.7059,False,0,none
hirsutism,Spironolactone,3,3,32.0898,7.5636,7.9444,18,0.8333,60.1667,False,0,none
hiv infection,Efavirenz / emtricitabine / tenofovir,1,3,84.6421,8.8729,9.1209,91,0.956,15.6044,False,36,strict
hiv infection,Atripla,2,4,83.0118,8.8491,9.1023,88,0.9545,16.0909,False,36,strict
hiv infection,Cobicistat / elvitegravir / emtricitabine / tenofovir,3,1,79.5409,9.124,9.4605,76,0.9474,16.6184,False,36,strict
hiv infection,Stribild,4,2,79.5409,9.124,9.4605,76,0.9474,16.6184,False,36,strict
hiv infection,Abacavir / dolutegravir / lamivudine,5,6,68.6581,8.2062,8.4143,70,0.8143,12.8714,True,36,strict
hiv infection,Triumeq,6,5,68.4947,8.2458,8.4638,69,0.8261,13.0435,False,36,strict
hiv infection,Cobicistat / elvitegravir / emtricitabine / tenofovir alafenamide,7,13,57.7699,7.7897,7.9636,55,0.8,9.5455,False,36,strict
hiv infection,Genvoya,8,14,57.7699,7.7897,7.9636,55,0.8,9.5455,False,36,strict
hiv infection,Complera,9,7,56.1043,8.0149,8.2653,49,0.8571,13.8571,False,36,strict
hiv infection,Emtricitabine / rilpivirine / tenofovir,10,8,56.1043,8.0149,8.2653,49,0.8571,13.8571,False,36,strict
hiv infection,Raltegravir,11,12,28.2544,7.8364,8.6154,13,0.7692,4.7692,False,36,strict
hiv infection,Isentress,12,11,27.411,7.9129,8.8333,12,0.8333,5.1667,False,36,strict
hiv infection,Dolutegravir,13,16,27.1006,7.5164,8.0,13,0.6923,3.1538,False,36,strict
hiv infection,Tivicay,14,15,25.2221,7.6047,8.2727,11,0.7273,3.6364,False,36,strict
hiv infection,Emtricitabine / tenofovir,15,9,25.1414,7.9504,9.1,10,0.9,9.8,False,36,strict
hot flashes,Gabapentin,1,1,73.3688,8.5872,8.8493,73,0.9178,41.7534,False,0,none
hot flashes,Paroxetine,2,7,60.499,7.1299,7.1528,72,0.7083,31.875,False,0,none
hot flashes,Venlafaxine,3,6,58.407,7.4177,7.5,62,0.7581,66.1935,False,0,none
hot flashes,Brisdelle,4,9,35.4411,6.6977,6.5714,28,0.6429,42.25,False,0,none
hot flashes,Fluoxetine,5,5,32.0898,7.5636,7.9444,18,0.8333,30.8889,False,0,none
hot flashes,Effexor XR,6,2,30.9708,7.9966,8.8,15,0.9333,107.4,False,0,none
hot flashes,Duloxetine,7,8,20.1299,6.71,6.3333,9,0.6667,19.6667,False,0,none
hot flashes,Bazedoxifene / conjugated estrogens,8,3,17.2189,7.7005,9.4,5,1.0,18.0,False,0,none
hot flashes,Duavee,9,4,17.2189,7.7005,9.4,5,1.0,18.0,False,0,none
hot flashes,Citalopram,10,10,13.7991,6.1711,4.2,5,0.4,9.2,False,0,none
human papilloma virus,Imiquimod,1,2,79.6391,7.2399,7.2645,121,0.7438,14.5041,False,6,loose
human papilloma virus,Aldara,2,1,30.1299,7.5325,7.9375,16,0.8125,27.8125,False,6,loose
human papillomavirus prophylaxis,Human papillomavirus vaccine,1,1,29.8436,6.5124,6.2381,21,0.5238,9.1905,False,1,loose
human papillomavirus prophylaxis,Gardasil,2,2,28.6369,6.4034,6.05,20,0.5,9.45,False,1,loose
hyperhidrosis,Aluminum chloride hexahydrate,1,2,185.637,8.9211,8.9746,433,0.9076,9.0508,False,0,none
hyperhidrosis,Drysol,2,1,129.3206,8.9453,9.0574,209,0.9282,10.5311,False,0,none
hyperhidrosis,Hypercare,3,3,124.5795,8.7438,8.8473,203,0.8818,7.8522,False,0,none
hyperhidrosis,Oxybutynin,4,4,55.7615,8.0485,8.3125,48,0.8333,33.4375,False,0,none
hyperhidrosis,Xerac AC,5,5,23.8442,7.9481,9.2222,9,0.8889,7.3333,False,0,none
hyperphosphatemia of renal failure,Sevelamer,1,1,17.9477,6.3455,5.375,8,0.5,7.25,True,95,loose
hyperphosphatemia of renal failure,Renvela,2,2,13.6675,6.1123,4.0,5,0.2,9.6,False,95,loose
hyperprolactinemia,Cabergoline,1,1,45.115,7.7372,8.0,34,0.7941,15.9706,False,0,none
hyperprolactinemia,Bromocriptine,2,4,24.987,6.2468,5.6875,16,0.5625,16.8125,False,0,none
hyperprolactinemia,Parlodel,3,3,21.6917,6.8595,6.7,10,0.7,23.1,False,0,none
hyperprolactinemia,Dostinex,4,2,21.6246,7.6455,8.625,8,0.875,22.375,False,0,none
hypersomnia,Armodafinil,1,4,34.8954,6.7156,6.5926,27,0.5926,12.2593,False,0,none
hypersomnia,Nuvigil,2,5,31.3029,6.6738,6.5,22,0.5909,14.5909,False,0,none
hypersomnia,Caffeine,3,1,27.042,7.2273,7.4286,14,0.7857,13.5714,False,0,none
hypersomnia,Modafinil,4,2,23.0591,6.9526,6.9091,11,0.6364,10.1818,False,0,none
hypersomnia,NoDoz,5,3,20.5585,6.8528,6.6667,9,0.6667,15.1111,False,0,none
hypertriglyceridemia,Icosapent,1,1,35.8427,8.2229,9.0,19,0.8947,26.2632,False,1,loose
hypertriglyceridemia,Vascepa,2,2,35.8427,8.2229,9.0,19,0.8947,26.2632,False,1,loose
hypertriglyceridemia,Fenofibrate,3,5,30.2602,6.6033,6.381,21,0.5714,43.5238,False,1,loose
hypertriglyceridemia,Fenofibric acid,4,6,19.9668,6.3141,5.5,10,0.6,21.0,False,1,loose
hypertriglyceridemia,Omega-3 polyunsaturated fatty acids,5,3,19.6216,7.4163,8.1429,7,0.8571,50.1429,False,1,loose
hypertriglyceridemia,TriCor,6,4,17.5329,6.6268,6.0,7,0.5714,77.5714,False,1,loose
hypertriglyceridemia,Trilipix,7,7,17.2406,6.0955,4.75,8,0.5,25.625,False,1,loose
hypoestrogenism,Estradiol,1,1,25.3903,7.3295,7.6667,12,0.6667,29.75,False,0,none
hypogonadism male,Testosterone,1,4,142.6553,7.3667,7.3787,375,0.7253,33.6187,False,0,none
hypogonadism male,Axiron,2,2,70.1823,7.5243,7.5977,87,0.7471,35.8736,False,0,none
hypogonadism male,AndroGel,3,3,66.033,7.4768,7.5513,78,0.7564,61.1795,False,0,none
hypogonadism male,Testim,4,8,59.4693,6.4886,6.4167,84,0.5714,22.2738,False,0,none
hypogonadism male,Fortesta,5,6,33.2843,6.9403,6.913,23,0.6957,30.3478,False,0,none
hypogonadism male,Androderm,6,5,31.8513,7.1222,7.2,20,0.7,30.95,False,0,none
hypogonadism male,Testopel,7,7,17.5329,6.6268,6.0,7,0.5714,17.7143,False,0,none
hypogonadism male,Depo-Testosterone,8,1,17.2189,7.7005,9.4,5,1.0,31.8,False,0,none
hypothyroidism after thyroid removal,Levothyroxine,1,8,57.6705,6.7965,6.7639,72,0.5972,43.8889,True,42,loose
hypothyroidism after thyroid removal,Synthroid,2,6,44.0712,7.057,7.0769,39,0.641,61.1538,True,42,loose
hypothyroidism after thyroid removal,Thyroid desiccated,3,4,37.2743,7.6086,7.9167,24,0.7917,60.9583,True,42,loose
hypothyroidism after thyroid removal,Armour Thyroid,4,7,26.9544,6.9596,6.9333,15,0.6667,56.4,True,42,loose
hypothyroidism after thyroid removal,Liothyronine,5,1,23.7013,7.9004,9.1111,9,0.8889,86.2222,False,42,loose
hypothyroidism after thyroid removal,Tirosint,6,3,21.766,7.6955,8.75,8,0.875,39.5,False,42,loose
hypothyroidism after thyroid removal,Levoxyl,7,5,17.8145,7.2727,7.8333,6,0.6667,28.0,False,42,loose
hypothyroidism after thyroid removal,Cytomel,8,2,17.2189,7.7005,9.4,5,1.0,123.4,False,42,loose
ibromyalgia,Milnacipran,1,29,113.201,6.7893,6.7806,278,0.6223,44.8129,False,5,strict
ibromyalgia,Savella,2,31,111.8274,6.7681,6.7582,273,0.6227,45.4908,False,5,strict
ibromyalgia,Pregabalin,3,33,107.0919,6.5174,6.4963,270,0.5926,49.6333,False,5,strict
ibromyalgia,Lyrica,4,34,102.8782,6.4807,6.4563,252,0.5794,52.9167,False,5,strict
ibromyalgia,Duloxetine,5,36,90.3229,6.4682,6.4359,195,0.5949,38.0462,True,5,strict
ibromyalgia,Cymbalta,6,35,87.8872,6.4791,6.4457,184,0.5924,40.0109,False,5,strict
ibromyalgia,Gabapentin,7,27,79.6563,6.8305,6.8162,136,0.6765,60.8309,True,5,strict
ibromyalgia,Tramadol,8,16,78.0988,7.2827,7.313,115,0.7304,44.0609,False,5,strict
ibromyalgia,Guaifenesin,9,1,70.3985,8.2965,8.5139,72,0.8472,65.3056,True,5,strict
ibromyalgia,Amitriptyline,10,32,58.3593,6.6507,6.5974,77,0.6364,41.3766,False,5,strict
ibromyalgia,Cyclobenzaprine,11,6,45.7386,7.6231,7.8333,36,0.8333,36.5556,True,5,strict
ibromyalgia,Venlafaxine,12,24,44.5041,7.0367,7.05,40,0.7,38.725,False,5,strict
ibromyalgia,Mucinex,13,3,42.8067,7.949,8.3448,29,0.8621,100.8276,False,5,strict
ibromyalgia,Prednisone,14,10,39.8065,7.5227,7.75,28,0.75,33.4286,False,5,strict
ibromyalgia,Trazodone,15,14,39.3917,7.3149,7.4483,29,0.7241,26.8621,True,5,strict
indigestion,Omeprazole,1,2,25.3663,7.6482,8.3636,11,0.8182,25.4545,False,0,none
indigestion,Ranitidine,2,3,23.1291,7.3141,7.7,10,0.7,16.1,False,0,none
indigestion,Magnesium hydroxide,3,1,20.3179,7.6794,8.8571,7,0.8571,11.0,False,0,none
indigestion,Calcium carbonate,4,4,18.9254,7.1531,7.4286,7,0.7143,3.0,False,0,none
inflammatory bowel,Budesonide,1,1,26.6893,7.7045,8.4167,12,0.8333,36.1667,False,17,loose
inflammatory bowel,Entocort EC,2,2,19.7609,7.4689,8.2857,7,0.8571,46.1429,False,17,loose
inflammatory conditions,Methylprednisolone,1,3,79.4501,7.5073,7.5625,112,0.7589,39.3661,False,3,loose
inflammatory conditions,Meloxicam,2,6,72.948,6.8024,6.7826,115,0.6435,45.7217,False,3,loose
inflammatory conditions,Prednisone,3,1,69.3516,7.6586,7.7561,82,0.7805,43.8293,False,3,loose
inflammatory conditions,Mobic,4,5,37.4215,6.949,6.931,29,0.6897,76.3103,False,3,loose
inflammatory conditions,Dexamethasone,5,7,34.6772,6.3312,6.0667,30,0.6333,12.9333,False,3,loose
inflammatory conditions,Medrol Dosepak,6,2,17.0874,7.6417,9.2,5,1.0,61.6,False,3,loose
inflammatory conditions,Prednisolone,7,8,16.9577,5.9955,4.5,8,0.25,7.375,False,3,loose
inflammatory conditions,Depo-Medrol,8,4,16.1667,7.23,7.8,5,0.8,64.8,False,3,loose
inflammatory conditions,Decadron,9,9,14.6086,5.5215,3.0,7,0.2857,15.2857,False,3,loose
influenza,Oseltamivir,1,1,105.6609,6.9221,6.9185,233,0.6609,9.7597,True,3,strict
influenza,Tamiflu,2,2,103.947,6.8992,6.8943,227,0.6608,10.0132,False,3,strict
influenza prophylaxis,"Influenza virus vaccine, live, trivalent",1,3,16.517,5.2231,3.1,10,0.2,4.8,False,3,loose
influenza prophylaxis,FluMist,2,2,16.2727,5.4242,3.3333,9,0.2222,5.3333,False,3,loose
influenza prophylaxis,Oseltamivir,3,1,15.2289,6.2172,4.6667,6,0.3333,4.8333,True,3,loose
insomnia,Zolpidem,1,25,182.9314,7.329,7.3355,623,0.7047,21.7287,False,7,strict
insomnia,Trazodone,2,39,152.1964,6.6936,6.6867,517,0.6364,50.2476,True,7,strict
insomnia,Ambien,3,23,143.5338,7.3535,7.3648,381,0.7008,29.1942,False,7,strict
insomnia,Quetiapine,4,7,123.1738,7.9016,7.9465,243,0.7984,37.9671,False,7,strict
insomnia,Temazepam,5,38,103.9933,6.8275,6.819,232,0.6552,33.8233,False,7,strict
insomnia,Mirtazapine,6,22,93.9596,7.3595,7.3865,163,0.7055,50.9571,True,7,strict
insomnia,Eszopiclone,7,48,90.7936,6.2654,6.2238,210,0.5429,22.7952,False,7,strict
insomnia,Amitriptyline,8,29,87.2807,7.1744,7.1892,148,0.6959,58.0676,False,7,strict
insomnia,Lunesta,9,44,85.8817,6.5484,6.5174,172,0.5698,26.7209,False,7,strict
insomnia,Doxepin,10,42,85.6744,6.5709,6.5412,170,0.6118,41.9176,False,7,strict
insomnia,Melatonin,11,34,77.1124,6.8971,6.888,125,0.656,31.144,True,7,strict
insomnia,Clonazepam,12,19,75.9763,7.4862,7.5437,103,0.7379,57.4078,True,7,strict
insomnia,Doxylamine,13,37,69.1824,6.8501,6.8333,102,0.6569,31.3725,False,7,strict
insomnia,Silenor,14,36,66.944,6.8683,6.8526,95,0.6632,52.5368,False,7,strict
insomnia,Suvorexant,15,54,63.2448,3.8278,3.6886,273,0.2821,24.0806,False,7,strict
insomnia stimulant associated,Clonidine,1,1,38.2191,7.2227,7.3214,28,0.6071,31.6429,False,19,loose
insulin resistance syndrome,Metformin,1,1,34.9816,7.6336,8.0,21,0.8095,69.7143,True,32,loose
interstitial cystitis,Pentosan polysulfate sodium,1,3,59.2684,7.6515,7.7833,60,0.7667,34.75,True,20,loose
interstitial cystitis,Elmiron,2,4,56.9968,7.5494,7.6667,57,0.7544,36.5439,True,20,loose
interstitial cystitis,Amitriptyline,3,1,52.5314,8.3059,8.7,40,0.9,32.6,False,20,loose
interstitial cystitis,Phenazopyridine,4,2,44.7893,8.0444,8.4516,31,0.871,23.129,True,20,loose
interstitial cystitis,Elavil,5,5,21.0589,7.4455,8.125,8,0.875,48.0,False,20,loose
interstitial cystitis,Pyridium,6,6,20.6347,7.2955,7.75,8,0.75,33.625,False,20,loose
iron deficiency anemia,Ferrous sulfate,1,3,23.9278,6.6364,6.3077,13,0.4615,44.7692,True,5,strict
iron deficiency anemia,Iron polysaccharide,2,1,17.0874,7.6417,9.2,5,1.0,7.8,True,5,strict
iron deficiency anemia,Iron sucrose,3,2,16.1667,7.23,7.8,5,0.8,13.8,True,5,strict
irritable bowel syndrome,Dicyclomine,1,14,89.5866,7.7391,7.806,134,0.7761,41.8731,False,35,loose
irritable bowel syndrome,Linaclotide,2,20,83.0058,7.1706,7.1866,134,0.7164,31.8657,False,35,loose
irritable bowel syndrome,Linzess,3,21,79.7239,7.1307,7.144,125,0.712,34.056,False,35,loose
irritable bowel syndrome,Eluxadoline,4,28,74.6642,6.6782,6.648,125,0.592,18.12,False,35,loose
irritable bowel syndrome,Viberzi,5,27,74.4205,6.6832,6.6532,124,0.5968,18.2661,False,35,loose
irritable bowel syndrome,Amitriptyline,6,7,64.1089,8.4914,8.807,57,0.9474,50.9298,False,35,loose
irritable bowel syndrome,Bentyl,7,19,60.0876,7.3963,7.4697,66,0.7576,55.9697,False,35,loose
irritable bowel syndrome,Hyoscyamine,8,12,59.5409,8.0285,8.2545,55,0.8545,28.9818,False,35,loose
irritable bowel syndrome,Chlordiazepoxide / clidinium,9,3,56.2639,8.5802,9.0233,43,0.907,44.186,True,35,loose
irritable bowel syndrome,Librax,10,2,51.4886,8.5814,9.1111,36,0.9167,51.6944,False,35,loose
irritable bowel syndrome,Cholestyramine,11,5,51.3636,8.5606,9.0833,36,0.9167,45.2778,False,35,loose
irritable bowel syndrome,Nortriptyline,12,9,45.1709,8.388,8.9655,29,0.931,27.6897,False,35,loose
irritable bowel syndrome,Amitiza,13,29,44.8931,6.6191,6.5217,46,0.6304,35.5652,False,35,loose
irritable bowel syndrome,Lubiprostone,14,30,44.8931,6.6191,6.5217,46,0.6304,35.5652,False,35,loose
irritable bowel syndrome,Rifaximin,15,31,42.5529,6.4893,6.3488,43,0.5814,43.1395,True,35,loose
ischemic stroke prophylaxis,Aggrenox,1,1,24.3077,6.4965,6.0714,14,0.5714,34.0714,False,28,loose
ischemic stroke prophylaxis,Aspirin / dipyridamole,2,2,24.3077,6.4965,6.0714,14,0.5714,34.0714,True,28,loose
juvenile rheumatoid arthritis,Etanercept,1,2,23.4165,7.405,7.9,10,0.9,6.8,False,36,loose
juvenile rheumatoid arthritis,Enbrel,2,1,22.2727,7.4242,8.0,9,0.8889,7.5556,False,36,loose
keratoconjunctivitis sicca,Cyclosporine,1,2,35.757,5.4529,5.0233,43,0.4186,24.4419,False,0,none
keratoconjunctivitis sicca,Restasis,2,1,35.6163,5.8553,5.4865,37,0.4595,28.3514,False,0,none
keratosis,Fluorouracil,1,1,47.6948,8.0619,8.4286,35,0.8857,83.4857,False,0,none
keratosis,Imiquimod,2,6,47.2027,7.1983,7.2558,43,0.7442,20.8372,False,0,none
keratosis,Zyclara,3,5,41.7322,7.2646,7.3636,33,0.7879,23.6061,False,0,none
keratosis,Efudex,4,4,29.8442,7.461,7.8125,16,0.8125,101.875,False,0,none
keratosis,Carac,5,2,19.1753,7.8283,9.5,6,1.0,112.3333,False,0,none
keratosis,Aldara,6,3,16.6928,7.4652,8.6,5,0.8,18.2,False,0,none
kidney infections,Ciprofloxacin,1,5,37.1828,5.6055,5.2273,44,0.4545,22.6818,True,31,loose
kidney infections,Levofloxacin,2,3,26.5241,6.8485,6.7333,15,0.5333,19.8,False,31,loose
kidney infections,Cephalexin,3,1,26.4007,7.6212,8.25,12,0.8333,28.4167,True,31,loose
kidney infections,Levaquin,4,2,25.6584,7.1164,7.2308,13,0.6154,22.6154,False,31,loose
kidney infections,Sulfamethoxazole / trimethoprim,5,7,24.5841,5.4972,4.6,20,0.35,9.15,True,31,loose
kidney infections,Cipro,6,6,20.8539,5.5734,4.3571,14,0.3571,32.7143,True,31,loose
kidney infections,Bactrim,7,4,18.1299,6.0433,4.7778,9,0.3333,10.8889,False,31,loose
labor pain,Butorphanol,1,2,25.1712,6.7273,6.5,14,0.5714,3.7143,False,65,loose
labor pain,Stadol,2,1,25.0815,6.9564,6.9231,13,0.6154,4.0,False,65,loose
left ventricular dysfunction,Carvedilol,1,1,22.1903,7.8455,9.125,8,1.0,31.75,True,135,loose
left ventricular dysfunction,Coreg,2,2,18.631,7.6061,8.8333,6,1.0,34.0,False,135,loose
lennox gastaut syndrome,Clobazam,1,3,17.6721,6.6794,6.1429,7,0.5714,10.7143,False,21,loose
lennox gastaut syndrome,Banzel,2,1,17.6135,7.877,10.0,5,1.0,9.2,False,21,loose
lennox gastaut syndrome,Rufinamide,3,2,17.6135,7.877,10.0,5,1.0,9.2,False,21,loose
lennox gastaut syndrome,Onfi,4,4,15.9093,6.495,5.5,6,0.5,12.1667,False,21,loose
light anesthesia,Midazolam,1,3,21.1299,5.2825,4.0,16,0.3125,10.375,False,1,loose
light anesthesia,Versed,2,2,19.1684,5.3164,3.7692,13,0.3077,11.7692,False,1,loose
light anesthesia,Lorazepam,3,1,17.482,7.8182,9.8,5,1.0,12.0,False,1,loose
light sedation,Midazolam,1,6,25.8631,6.2727,5.7647,17,0.5294,9.9412,False,1,loose
light sedation,Versed,2,7,23.1564,6.1888,5.5,14,0.5,11.2857,False,1,loose
light sedation,Promethazine,3,5,22.3381,6.7352,6.4545,11,0.6364,18.2727,False,1,loose
light sedation,Diazepam,4,1,18.4949,7.5505,8.6667,6,0.8333,23.6667,False,1,loose
light sedation,Phenergan,5,4,16.998,6.9394,6.8333,6,0.6667,26.5,False,1,loose
light sedation,Demerol,6,2,16.2982,7.2888,8.0,5,0.8,23.0,False,1,loose
light sedation,Meperidine,7,3,16.2982,7.2888,8.0,5,0.8,23.0,False,1,loose
lyme,Doxycycline,1,1,43.7004,7.7252,8.0,32,0.8125,30.3438,False,1,loose
lyme,Ceftin,2,2,16.2982,7.2888,8.0,5,0.8,17.6,False,1,loose
lyme,Cefuroxime,3,3,16.2982,7.2888,8.0,5,0.8,17.6,False,1,loose
macular degeneration,Aflibercept,1,3,17.4062,7.1061,7.3333,6,0.8333,37.0,False,0,none
macular degeneration,Eylea,2,4,17.4062,7.1061,7.3333,6,0.8333,37.0,False,0,none
macular degeneration,Lucentis,3,1,15.9036,7.1123,7.4,5,0.8,26.0,False,0,none
macular degeneration,Ranibizumab,4,2,15.9036,7.1123,7.4,5,0.8,26.0,False,0,none
major depressive disorde,Vortioxetine,1,23,97.6061,6.5509,6.527,222,0.5991,29.1937,False,4,strict
major depressive disorde,Trintellix,2,26,86.3618,6.437,6.4,180,0.5722,34.1667,False,4,strict
major depressive disorde,Bupropion,3,6,85.729,7.1942,7.2113,142,0.6901,36.8944,True,4,strict
major depressive disorde,Venlafaxine,4,15,70.3282,6.9296,6.9223,103,0.6796,17.9612,False,4,strict
major depressive disorde,Sertraline,5,2,65.0517,7.3657,7.4231,78,0.7564,22.2949,False,4,strict
major depressive disorde,Vilazodone,6,34,58.8463,5.7428,5.6,105,0.4762,29.5429,False,4,strict
major depressive disorde,Brexpiprazole,7,24,58.6586,6.4778,6.4024,82,0.5732,34.5122,False,4,strict
major depressive disorde,Viibryd,8,33,58.2189,5.881,5.7449,98,0.5,31.5714,False,4,strict
major depressive disorde,Rexulti,9,20,57.4274,6.6311,6.5733,75,0.5867,37.64,False,4,strict
major depressive disorde,Zoloft,10,9,54.6423,7.0543,7.0667,60,0.7,27.45,False,4,strict
major depressive disorde,Mirtazapine,11,14,54.2341,6.944,6.9344,61,0.6393,33.0164,False,4,strict
major depressive disorde,Fluoxetine,12,1,50.7399,7.4812,7.6087,46,0.7609,29.6522,False,4,strict
major depressive disorde,Escitalopram,13,10,50.2064,7.0303,7.0392,51,0.6471,20.5882,True,4,strict
major depressive disorde,Wellbutrin XL,14,17,49.2996,6.9033,6.8824,51,0.6078,47.9608,True,4,strict
major depressive disorde,Effexor XR,15,11,48.6024,7.0152,7.0208,48,0.7083,20.9583,False,4,strict
malaria prevention,Atovaquone / proguanil,1,3,27.7984,6.2159,5.75,20,0.55,13.05,False,1,loose
malaria prevention,Malarone,2,4,27.7984,6.2159,5.75,20,0.55,13.05,False,1,loose
malaria prevention,Mefloquine,3,2,18.8442,6.2814,5.3333,9,0.4444,8.0,False,1,loose
malaria prevention,Lariam,4,1,14.0621,6.2888,4.6,5,0.4,11.2,False,1,loose
mance anxiety,Propranolol,1,1,153.7437,9.5532,9.6718,259,0.9846,36.4788,True,26,loose
mania,Divalproex sodium,1,1,34.2873,7.4821,7.7619,21,0.8095,38.619,False,0,none
mania,Depakote,2,2,26.2353,7.2764,7.5385,13,0.7692,57.0,False,0,none
mania,Lithium,3,3,22.9853,7.2686,7.6,10,0.8,32.7,False,0,none
mania,Chlorpromazine,4,4,14.8513,6.6417,5.8,5,0.4,11.4,False,0,none
mania,Haloperidol,5,5,13.4045,5.9947,3.6,5,0.2,10.0,False,0,none
melasma,Fluocinolone / hydroquinone / tretinoin,1,1,59.2027,8.4575,8.8163,49,0.8776,31.1429,False,0,none
melasma,Tri-Luma,2,2,58.4174,8.4318,8.7917,48,0.875,31.7083,False,0,none
meniere s,Diazepam,1,1,38.6992,8.6534,9.65,20,1.0,39.4,False,0,none
meniere s,Valium,2,2,23.0388,8.1455,9.875,8,1.0,54.125,False,0,none
menorrhagia,Tranexamic acid,1,1,56.6722,8.0147,8.26,50,0.84,42.58,False,0,none
menorrhagia,Lysteda,2,2,43.5451,7.9502,8.3333,30,0.8667,55.7667,False,0,none
menorrhagia,Dienogest / estradiol,3,4,21.4156,7.1385,7.3333,9,0.5556,4.7778,False,0,none
menorrhagia,Natazia,4,3,19.0646,7.2057,7.5714,7,0.5714,6.1429,False,0,none
menstrual disorders,Ethinyl estradiol / norethindrone,1,12,63.6943,5.7199,5.5968,124,0.4839,7.2984,False,0,none
menstrual disorders,Drospirenone / ethinyl estradiol,2,11,57.6699,5.9801,5.8495,93,0.5376,5.9247,False,0,none
menstrual disorders,Tranexamic acid,3,2,49.5873,7.562,7.7209,43,0.7209,30.2093,False,0,none
menstrual disorders,Yaz,4,8,38.9283,6.2335,6.0,39,0.5385,5.0769,False,0,none
menstrual disorders,Loestrin 24 Fe,5,9,38.3012,6.0559,5.775,40,0.5,11.625,False,0,none
menstrual disorders,Microgestin Fe 1 / 20,6,5,32.2686,6.8797,6.8182,22,0.6364,11.9545,False,0,none
menstrual disorders,Lysteda,7,1,29.9667,7.7374,8.3333,15,0.8,50.8,False,0,none
menstrual disorders,Yasmin,8,6,25.9503,6.7003,6.4667,15,0.5333,13.6667,False,0,none
menstrual disorders,Ocella,9,4,24.9373,6.9164,6.8462,13,0.7692,4.2308,False,0,none
menstrual disorders,Gianvi,10,7,23.5882,6.3042,5.7143,14,0.5,4.6429,False,0,none
menstrual disorders,Junel Fe 1 / 20,11,14,20.1299,5.0325,3.5625,16,0.125,3.625,False,0,none
menstrual disorders,Microgestin Fe 1.5 / 30,12,10,20.0309,6.0395,5.0,11,0.4545,4.1818,False,0,none
menstrual disorders,Gildess Fe 1 / 20,13,3,18.0866,7.3838,8.1667,6,0.8333,1.8333,False,0,none
menstrual disorders,Loryna,14,13,17.667,5.5868,3.9,10,0.4,2.8,False,0,none
methicillin resistant staphylococcus aureus infection,Linezolid,1,2,28.5429,7.9164,8.7692,13,0.9231,20.2308,True,38,loose
methicillin resistant staphylococcus aureus infection,Zyvox,2,1,27.844,8.0379,9.0833,12,1.0,21.9167,False,38,loose
migraine,Sumatriptan,1,23,130.9469,7.9398,7.9816,272,0.7757,8.2904,False,4,strict
migraine,Rizatriptan,2,1,126.2915,8.8422,8.951,204,0.9265,9.6176,False,4,strict
migraine,Eletriptan,3,9,92.1292,8.554,8.7155,116,0.8793,10.6034,False,4,strict
migraine,Relpax,4,7,91.8491,8.6025,8.7719,114,0.886,10.7719,False,4,strict
migraine,Imitrex,5,27,88.1588,7.7922,7.8672,128,0.75,11.7969,False,4,strict
migraine,Maxalt,6,6,83.6618,8.6753,8.8925,93,0.9247,12.5269,False,4,strict
migraine,Naproxen / sumatriptan,7,5,82.5622,8.7516,8.9888,89,0.9213,7.3596,True,4,strict
migraine,Treximet,8,4,79.274,8.7544,9.0122,82,0.9268,7.8415,False,4,strict
migraine,Acetaminophen / aspirin / caffeine,9,31,75.888,7.4775,7.534,103,0.7282,9.3981,True,4,strict
migraine,Zolmitriptan,10,29,74.1703,7.6501,7.734,94,0.7766,5.5638,False,4,strict
migraine,Gabapentin,11,25,68.4455,7.8512,7.9868,76,0.8289,46.1974,False,4,strict
migraine,Maxalt-MLT,12,8,66.2613,8.5543,8.8667,60,0.9167,10.75,False,4,strict
migraine,Aspirin / butalbital / caffeine,13,15,61.1771,8.1751,8.4286,56,0.875,18.1786,True,4,strict
migraine,Zomig,14,35,55.503,7.1654,7.2,60,0.6833,7.25,False,4,strict
migraine,Frovatriptan,15,2,54.8469,8.7825,9.3333,39,0.9744,8.1026,False,4,strict
migraine prevention,Topiramate,1,28,130.7772,6.2559,6.2357,437,0.5538,23.0778,True,4,loose
migraine prevention,Amitriptyline,2,6,121.3584,7.7692,7.8074,244,0.7869,32.7746,True,4,loose
migraine prevention,Topamax,3,26,106.2353,6.3262,6.2979,282,0.5603,30.5355,False,4,loose
migraine prevention,Nortriptyline,4,2,97.0398,8.0311,8.1164,146,0.8288,40.1301,True,4,loose
migraine prevention,Propranolol,5,11,90.9134,7.6293,7.6831,142,0.7676,29.993,False,4,loose
migraine prevention,OnabotulinumtoxinA,6,20,60.8118,7.0219,7.0267,75,0.68,43.5867,False,4,loose
migraine prevention,Botox,7,21,59.5979,6.9754,6.9726,73,0.6712,44.7671,False,4,loose
migraine prevention,Divalproex sodium,8,27,48.5653,6.3227,6.1864,59,0.5593,23.7288,False,4,loose
migraine prevention,Verapamil,9,13,47.788,7.5559,7.725,40,0.775,41.425,True,4,loose
migraine prevention,Elavil,10,9,46.7888,7.692,7.9189,37,0.7838,45.0811,False,4,loose
migraine prevention,Amlodipine,11,1,41.8534,8.2081,8.7692,26,0.8462,31.0385,False,4,loose
migraine prevention,Inderal,12,14,38.8924,7.4849,7.7037,27,0.7778,40.7037,False,4,loose
migraine prevention,Atenolol,13,3,34.5772,7.9326,8.5263,19,0.7895,27.8421,False,4,loose
migraine prevention,Zonisamide,14,24,33.6364,6.7273,6.6,25,0.68,32.68,False,4,loose
migraine prevention,Depakote,15,29,33.634,6.1407,5.8,30,0.4667,27.2667,False,4,loose
min,Metformin,1,2,46.2489,7.0529,7.0698,43,0.6977,68.5349,False,0,none
min,Linagliptin / metformin,2,1,20.2104,7.1455,7.375,8,0.75,4.25,False,0,none
min sitagliptin,Metformin / sitagliptin,1,1,36.4953,6.2589,6.0,34,0.5,39.1176,False,0,none
mitral valve prolapse,Metoprolol,1,2,24.279,7.6777,8.5,10,0.9,16.2,True,17,loose
mitral valve prolapse,Atenolol,2,1,19.3114,7.8838,9.6667,6,1.0,21.0,False,17,loose
mitral valve prolapse,Nebivolol,3,3,18.3588,7.495,8.5,6,0.8333,28.3333,False,17,loose
mitral valve prolapse,Bystolic,4,4,16.5613,7.4064,8.4,5,0.8,33.8,False,17,loose
mitral valve prolapse,Propranolol,5,5,16.0351,7.1711,7.6,5,0.6,9.6,False,17,loose
moterol,Budesonide / formoterol,1,1,76.004,7.5255,7.5882,102,0.6863,37.049,False,0,none
moterol,Formoterol,2,2,19.4824,7.3636,8.0,7,0.7143,13.0,False,0,none
moterol mometasone,Formoterol / mometasone,1,1,38.3636,6.3939,6.1944,36,0.5556,20.6944,False,0,none
motion sickness,Scopolamine,1,7,65.0235,7.2248,7.2593,81,0.679,12.5802,False,0,none
motion sickness,Transderm-Scop,2,8,53.453,7.2076,7.2545,55,0.6727,15.8364,False,0,none
motion sickness,Meclizine,3,3,51.1534,8.2982,8.7105,38,0.8684,22.8684,False,0,none
motion sickness,Dimenhydrinate,4,1,43.8662,8.6029,9.3462,26,0.9615,23.3077,False,0,none
motion sickness,Bonine,5,4,41.8534,8.2081,8.7692,26,0.8846,27.6538,False,0,none
motion sickness,Dramamine,6,2,39.5801,8.4385,9.2273,22,0.9545,26.7727,False,0,none
motion sickness,Cyclizine,7,5,19.5836,7.995,10.0,6,1.0,25.1667,False,0,none
motion sickness,Promethazine,8,10,18.7861,7.1005,7.2857,7,0.7143,12.1429,False,0,none
motion sickness,Marezine,9,6,17.6135,7.877,10.0,5,1.0,29.4,False,0,none
motion sickness,Phenergan,10,9,16.0351,7.1711,7.6,5,0.8,14.4,False,0,none
multiple sclerosis,Glatiramer,1,9,78.1826,7.7036,7.7864,103,0.767,37.9223,False,4,strict
multiple sclerosis,Copaxone,2,8,77.3499,7.774,7.8687,99,0.7778,39.2424,False,4,strict
multiple sclerosis,Natalizumab,3,7,68.1483,7.8171,7.9474,76,0.75,56.8421,False,4,strict
multiple sclerosis,Tysabri,4,6,67.5092,7.8478,7.9865,74,0.7568,58.3649,False,4,strict
multiple sclerosis,Fingolimod,5,11,61.5159,7.3526,7.4143,70,0.7429,56.8429,False,4,strict
multiple sclerosis,Interferon beta-1a,6,10,60.9485,7.6788,7.8095,63,0.7937,15.254,False,4,strict
multiple sclerosis,Gilenya,7,15,60.2911,7.3114,7.3676,68,0.7353,58.3824,False,4,strict
multiple sclerosis,Ampyra,8,2,59.7067,8.2798,8.5769,52,0.8462,68.7692,False,4,strict
multiple sclerosis,Dalfampridine,9,3,59.7067,8.2798,8.5769,52,0.8462,68.7692,False,4,strict
multiple sclerosis,Dimethyl fumarate,10,12,40.9048,7.3467,7.4839,31,0.6774,25.5161,False,4,strict
multiple sclerosis,Avonex,11,13,39.3917,7.3149,7.4483,29,0.6897,18.1034,False,4,strict
multiple sclerosis,Tecfidera,12,14,39.3917,7.3149,7.4483,29,0.6897,27.2759,False,4,strict
multiple sclerosis,Teriflunomide,13,20,32.663,6.1727,5.8214,28,0.5357,34.9643,False,4,strict
multiple sclerosis,Rebif,14,18,31.991,7.1534,7.25,20,0.8,18.75,False,4,strict
multiple sclerosis,Modafinil,15,4,31.9749,8.2559,9.2667,15,0.9333,39.6,False,4,strict
muscle pain,Naproxen,1,8,31.9141,6.6545,6.4783,23,0.6087,14.5652,True,64,loose
muscle pain,Diclofenac,2,2,29.4156,7.3539,7.625,16,0.8125,25.4375,True,64,loose
muscle pain,Methyl salicylate,3,10,21.0602,6.0795,5.1667,12,0.4167,4.1667,False,64,loose
muscle pain,Voltaren,4,3,17.9506,7.3283,8.0,6,0.8333,43.5,True,64,loose
muscle pain,Nabumetone,5,6,16.998,6.9394,6.8333,6,0.6667,32.1667,True,64,loose
muscle pain,Aspirin / caffeine / orphenadrine,6,1,16.6928,7.4652,8.6,5,0.8,7.6,True,64,loose
muscle pain,Salonpas Pain Patch,7,9,16.1404,6.1005,4.5714,7,0.2857,6.5714,True,64,loose
muscle pain,Advil,8,4,15.6405,6.9947,7.0,5,0.6,22.0,False,64,loose
muscle pain,Ibuprofen,9,5,15.6405,6.9947,7.0,5,0.6,22.0,True,64,loose
muscle pain,Relafen,10,7,15.1144,6.7594,6.2,5,0.6,35.2,False,64,loose
muscle spasm,Carisoprodol,1,2,117.3859,8.9506,9.0872,172,0.9244,52.9767,False,2,loose
muscle spasm,Soma,2,1,103.6268,8.9856,9.1654,133,0.9474,65.1203,False,2,loose
muscle spasm,Cyclobenzaprine,3,21,95.9661,6.1689,6.1281,242,0.5579,30.5124,False,2,loose
muscle spasm,Tizanidine,4,18,87.6429,6.6252,6.6,175,0.6229,50.5657,False,2,loose
muscle spasm,Diazepam,5,3,75.1317,8.2969,8.4878,82,0.8537,51.4024,False,2,loose
muscle spasm,Methocarbamol,6,22,74.4455,6.0988,6.0268,149,0.5369,43.2013,False,2,loose
muscle spasm,Zanaflex,7,8,65.3274,7.646,7.7534,73,0.7534,84.7671,False,2,loose
muscle spasm,Baclofen,8,16,65.2133,6.6907,6.6526,95,0.6421,50.0421,False,2,loose
muscle spasm,Flexeril,9,19,64.9919,6.4992,6.44,100,0.6,49.52,False,2,loose
muscle spasm,Metaxalone,10,9,63.0155,7.3754,7.4384,73,0.7534,38.0274,False,2,loose
muscle spasm,Skelaxin,11,7,58.7475,7.7813,7.9474,57,0.8246,42.7368,False,2,loose
muscle spasm,Valium,12,4,48.0724,8.1257,8.5143,35,0.8571,69.2,False,2,loose
muscle spasm,Chlorzoxazone,13,15,44.2742,6.8317,6.7857,42,0.6667,38.3095,False,2,loose
muscle spasm,Robaxin,14,17,40.9205,6.6382,6.5263,38,0.6053,81.8684,False,2,loose
muscle spasm,Orphenadrine,15,13,36.8939,7.1002,7.1481,27,0.6667,32.1852,False,2,loose
myasthenia gravis,Pyridostigmine,1,3,29.4175,7.1348,7.2353,17,0.7059,26.7647,False,0,none
myasthenia gravis,Mycophenolate mofetil,2,1,28.4811,7.6119,8.1429,14,0.8571,31.7143,False,0,none
myasthenia gravis,Mestinon,3,4,19.8442,6.6147,6.1111,9,0.5556,34.1111,False,0,none
myasthenia gravis,CellCept,4,2,18.3588,7.495,8.5,6,0.8333,52.6667,False,0,none
narcolepsy,Modafinil,1,12,67.5944,7.0472,7.0543,92,0.663,25.0978,False,0,none
narcolepsy,Sodium oxybate,2,5,63.6208,8.0799,8.2903,62,0.871,27.2581,False,0,none
narcolepsy,Xyrem,3,4,63.2212,8.0946,8.3115,61,0.8689,27.7049,False,0,none
narcolepsy,Armodafinil,4,15,62.174,6.6657,6.6207,87,0.6322,17.7356,False,0,none
narcolepsy,Nuvigil,5,13,60.0249,6.8853,6.8684,76,0.6579,19.9342,False,0,none
narcolepsy,Provigil,6,14,59.3187,6.8495,6.8267,75,0.6267,29.3733,False,0,none
narcolepsy,Amphetamine / dextroamphetamine,7,1,59.2027,8.4575,8.8163,49,0.9388,42.0612,False,0,none
narcolepsy,Adderall,8,2,48.284,8.2806,8.7353,34,0.9412,52.5,False,0,none
narcolepsy,Methylphenidate,9,8,46.2922,7.6104,7.8108,37,0.7838,35.3514,False,0,none
narcolepsy,Dextroamphetamine,10,3,34.7768,8.197,9.0,18,0.9444,34.4444,False,0,none
narcolepsy,Ritalin,11,10,31.0999,7.3303,7.5556,18,0.7778,52.4444,False,0,none
narcolepsy,Dexedrine,12,7,26.0873,7.8656,8.8182,11,0.9091,45.3636,False,0,none
narcolepsy,Adderall XR,13,6,21.0141,7.9426,9.5714,7,1.0,33.5714,False,0,none
narcolepsy,Lisdexamfetamine,14,9,20.0394,7.5742,8.5714,7,0.8571,9.8571,False,0,none
narcolepsy,Concerta,15,11,18.6469,7.0479,7.1429,7,0.7143,22.8571,False,0,none
nasal congestion,Oxymetazoline,1,16,50.3901,5.6693,5.4684,79,0.4937,5.1392,True,2,loose
nasal congestion,Pseudoephedrine,2,8,47.6796,7.2711,7.3488,43,0.7442,17.9302,False,2,loose
nasal congestion,Loratadine / pseudoephedrine,3,11,39.7395,7.1374,7.1935,31,0.6452,20.4516,False,2,loose
nasal congestion,Claritin-D,4,9,33.7861,7.2032,7.3182,22,0.6364,26.9545,False,2,loose
nasal congestion,Dexbrompheniramine / pseudoephedrine,5,1,33.4094,8.6263,9.9333,15,1.0,8.6,False,2,loose
nasal congestion,Xylometazoline,6,10,32.8986,7.1791,7.2857,21,0.7143,7.6667,False,2,loose
nasal congestion,Afrin,7,17,30.6387,4.8444,4.2,40,0.35,6.125,False,2,loose
nasal congestion,Drixoral Cold and Allergy,8,2,29.2874,8.4545,9.9167,12,1.0,10.5,False,2,loose
nasal congestion,Naphazoline,9,3,29.2874,8.4545,9.9167,12,1.0,22.3333,False,2,loose
nasal congestion,Privine,10,4,27.9619,8.4308,10.0,11,1.0,24.2727,False,2,loose
nasal congestion,Phenylephrine,11,6,27.2449,7.5564,8.0769,13,0.8462,3.7692,False,2,loose
nasal congestion,Vicks Sinex Nasal Spray (old formulation),12,12,25.1712,6.7273,6.5,14,0.6429,5.6429,False,2,loose
nasal congestion,Nostrilla,13,13,21.2604,6.7231,6.4,10,0.6,6.0,False,2,loose
nasal congestion,Sodium chloride,14,14,18.1299,6.0433,4.7778,9,0.4444,1.7778,False,2,loose
nasal congestion,Sudafed Congestion,15,7,18.0866,7.3838,8.1667,6,0.8333,30.1667,False,2,loose
nausea vomiting,Ondansetron,1,8,122.7831,8.0611,8.1164,232,0.8017,16.8922,True,4,strict
nausea vomiting,Zofran,2,3,95.2702,8.4208,8.5547,128,0.8594,21.2109,False,4,strict
nausea vomiting,Promethazine,3,1,89.5545,8.5778,8.7523,109,0.8807,19.4312,False,4,strict
nausea vomiting,Phenergan,4,2,58.0882,8.473,8.8511,47,0.8936,25.7234,False,4,strict
nausea vomiting,Zofran ODT,5,14,41.6046,7.2424,7.3333,33,0.697,17.4848,False,4,strict
nausea vomiting,Prochlorperazine,6,22,40.4995,4.7401,4.3699,73,0.3699,13.8904,False,4,strict
nausea vomiting,Phosphorated carbohydrate solution,7,4,40.1355,8.3688,9.087,23,0.913,13.5652,False,4,strict
nausea vomiting,Lorazepam,8,9,40.1229,8.0246,8.52,25,0.8,31.56,True,4,strict
nausea vomiting,Emetrol,9,5,38.1755,8.3306,9.0952,21,0.9048,14.0,False,4,strict
nausea vomiting,Metoclopramide,10,23,35.1042,4.4582,3.9677,62,0.3226,16.4677,False,4,strict
nausea vomiting,Reglan,11,21,31.971,4.8198,4.2273,44,0.3636,21.4773,False,4,strict
nausea vomiting,Scopolamine,12,18,30.9845,6.0766,5.6538,26,0.4231,4.3077,False,4,strict
nausea vomiting,Compazine,13,24,30.4332,4.4391,3.7872,47,0.2979,16.9787,False,4,strict
nausea vomiting,Dimenhydrinate,14,6,28.5657,8.2462,9.5,12,1.0,30.5,False,4,strict
nausea vomiting,Diphenhydramine,15,15,27.8151,7.1818,7.3333,15,0.7333,27.1333,False,4,strict
nausea vomiting chemotherapy induced,Dronabinol,1,4,31.5585,7.8896,8.5625,16,0.9375,29.375,True,19,loose
nausea vomiting chemotherapy induced,Marinol,2,3,26.8083,8.083,9.2727,11,1.0,35.7273,False,19,loose
nausea vomiting chemotherapy induced,Aprepitant,3,1,26.2913,8.3141,9.9,10,1.0,9.3,False,19,loose
nausea vomiting chemotherapy induced,Emend,4,2,26.2913,8.3141,9.9,10,1.0,9.3,False,19,loose
nausea vomiting chemotherapy induced,Ondansetron,5,7,22.1299,7.3766,7.8889,9,0.7778,16.5556,True,19,loose
nausea vomiting chemotherapy induced,Granisetron,6,5,20.5964,7.7847,9.1429,7,1.0,3.5714,False,19,loose
nausea vomiting chemotherapy induced,Zofran,7,9,18.7861,7.1005,7.2857,7,0.7143,18.5714,True,19,loose
nausea vomiting chemotherapy induced,Dexamethasone,8,8,17.6784,7.2172,7.6667,6,0.6667,9.6667,True,19,loose
nausea vomiting chemotherapy induced,Sancuso,9,6,17.2189,7.7005,9.4,5,1.0,4.4,False,19,loose
nausea vomiting of pregnancy,Doxylamine / pyridoxine,1,1,61.1525,6.7947,6.7654,81,0.6543,5.9506,False,19,loose
nausea vomiting of pregnancy,Diclegis,2,2,60.4622,6.7599,6.725,80,0.65,6.025,False,19,loose
neuralgia,Pregabalin,1,1,48.0729,7.5077,7.6585,41,0.7805,33.561,False,1,loose
neuralgia,Lyrica,2,2,47.3015,7.479,7.625,40,0.775,34.325,False,1,loose
neuralgia,Nortriptyline,3,3,31.6655,7.4636,7.7778,18,0.8333,33.4444,False,1,loose
neuralgia,Baclofen,4,6,18.6548,6.5955,6.0,8,0.5,13.875,False,1,loose
neuralgia,Levetiracetam,5,5,17.1341,6.995,7.0,6,0.8333,4.6667,False,1,loose
neuralgia,Methylprednisolone,6,4,16.2982,7.2888,8.0,5,0.8,10.6,False,1,loose
neuropathic pain,Pregabalin,1,1,75.069,6.5588,6.5191,131,0.6031,41.8397,True,64,loose
neuropathic pain,Lyrica,2,2,71.1854,6.5531,6.5085,118,0.6017,46.0932,False,64,loose
neuropathic pain,Gabapentin,3,3,58.1328,6.3428,6.25,84,0.5595,12.0119,True,64,loose
neuropathic pain,Lidocaine,4,4,18.7508,5.4129,3.8333,12,0.3333,9.25,True,64,loose
neutropenia associated with chemotherapy,Neulasta,1,1,34.6075,6.7871,6.6923,26,0.6923,20.8846,True,119,loose
neutropenia associated with chemotherapy,Pegfilgrastim,2,2,34.6075,6.7871,6.6923,26,0.6923,20.8846,False,119,loose
night terrors,Clonazepam,1,2,28.625,7.6504,8.2143,14,0.7857,19.7143,False,0,none
night terrors,Diazepam,2,1,19.5836,7.995,10.0,6,1.0,28.1667,False,0,none
nightmares,Prazosin,1,1,33.8324,7.0545,7.087,23,0.6957,34.087,False,0,none
nocturnal leg cramps,Quinine,1,3,27.2667,7.8712,8.75,12,0.9167,22.5,False,0,none
nocturnal leg cramps,Carisoprodol,2,1,22.756,8.0455,9.625,8,1.0,70.25,False,0,none
nocturnal leg cramps,Soma,3,2,19.5836,7.995,10.0,6,1.0,90.0,False,0,none
non hodgkin s lymphoma,Rituximab,1,2,26.6893,7.7045,8.4167,12,0.9167,48.5,False,4,loose
non hodgkin s lymphoma,Rituxan,2,1,22.3317,7.8955,9.25,8,1.0,71.375,False,4,loose
non small cell lung cance,Erlotinib,1,1,47.12,8.463,9.0323,31,0.9677,80.2581,False,5,strict
non small cell lung cance,Tarceva,2,2,47.12,8.463,9.0323,31,0.9677,80.2581,False,5,strict
non small cell lung cance,Nivolumab,3,5,24.8636,5.5597,4.7,20,0.4,21.35,False,5,strict
non small cell lung cance,Gefitinib,4,3,21.0141,7.9426,9.5714,7,1.0,31.0,False,5,strict
non small cell lung cance,Iressa,5,4,21.0141,7.9426,9.5714,7,1.0,31.0,False,5,strict
non small cell lung cance,Opdivo,6,6,17.8847,5.1629,3.3333,12,0.25,28.9167,False,5,strict
not listed othe,Phentermine,1,2,47.379,8.5095,9.0968,31,0.9677,2.5161,False,10,loose
not listed othe,Alprazolam,2,1,35.1046,8.5141,9.5882,17,1.0,2.1176,False,10,loose
not listed othe,Oxycodone,3,5,32.4156,8.1039,8.9375,16,0.9375,2.5625,True,10,loose
not listed othe,Buprenorphine / naloxone,4,3,27.2409,8.2134,9.5455,11,1.0,0.4545,False,10,loose
not listed othe,Tramadol,5,14,25.9677,7.4962,8.0,12,0.8333,6.25,True,10,loose
not listed othe,Gabapentin,6,11,24.279,7.6777,8.5,10,0.9,3.4,True,10,loose
not listed othe,Methadone,7,4,23.0388,8.1455,9.875,8,1.0,12.875,False,10,loose
not listed othe,Acetaminophen / oxycodone,8,6,21.0141,7.9426,9.5714,7,1.0,1.1429,True,10,loose
not listed othe,Lorazepam,9,8,20.5964,7.7847,9.1429,7,1.0,7.7143,False,10,loose
not listed othe,Clonazepam,10,10,20.3179,7.6794,8.8571,7,0.8571,0.8571,True,10,loose
not listed othe,Diazepam,11,7,19.3114,7.8838,9.6667,6,1.0,5.3333,False,10,loose
not listed othe,Acetaminophen / hydrocodone,12,9,19.0392,7.7727,9.3333,6,1.0,2.0,True,10,loose
not listed othe,Meloxicam,13,15,18.3588,7.495,8.5,6,0.8333,12.1667,False,10,loose
not listed othe,Quetiapine,14,24,18.0899,6.8373,6.5714,7,0.7143,0.8571,False,10,loose
not listed othe,Cyclobenzaprine,15,20,17.2702,7.0505,7.1667,6,0.8333,1.8333,True,10,loose
obesity,Bupropion / naltrexone,1,23,207.7314,6.971,6.9707,888,0.6622,26.1025,False,13,strict
obesity,Contrave,2,24,204.7139,6.9645,6.9641,864,0.6597,26.7789,False,13,strict
obesity,Phentermine,3,4,173.338,8.7106,8.7626,396,0.8889,24.9874,False,13,strict
obesity,Liraglutide,4,12,162.9933,7.8971,7.9225,426,0.7887,25.2582,False,13,strict
obesity,Saxenda,5,15,143.9968,7.7638,7.7907,344,0.7703,23.4767,False,13,strict
obesity,Lorcaserin,6,9,128.666,8.1213,8.1753,251,0.7888,54.3586,False,13,strict
obesity,Belviq,7,10,127.0414,8.1164,8.1714,245,0.7918,55.6408,False,13,strict
obesity,Orlistat,8,16,108.2218,7.6334,7.6716,201,0.7811,59.1144,False,13,strict
obesity,Phentermine / topiramate,9,7,100.4347,8.2557,8.3581,148,0.8378,44.6486,False,13,strict
obesity,Qsymia,10,8,97.0633,8.2033,8.3071,140,0.8357,46.8714,False,13,strict
obesity,Diethylpropion,11,1,94.5561,8.9749,9.1892,111,0.9369,41.9369,False,13,strict
obesity,Phendimetrazine,12,6,91.1353,8.285,8.4132,121,0.8595,43.8264,False,13,strict
obesity,Topiramate,13,17,86.0132,7.6324,7.6929,127,0.748,89.2756,False,13,strict
obesity,Adipex-P,14,3,82.6758,8.7148,8.9444,90,0.8889,49.9222,False,13,strict
obesity,Xenical,15,5,69.0074,8.3075,8.5362,69,0.8841,90.7391,False,13,strict
obsessive compulsive disorde,Sertraline,1,9,81.267,7.9308,8.0381,105,0.8,44.8857,True,40,loose
obsessive compulsive disorde,Zoloft,2,2,72.3231,8.086,8.25,80,0.8125,55.3875,False,40,loose
obsessive compulsive disorde,Fluvoxamine,3,11,70.6691,7.7569,7.8675,83,0.747,39.8193,True,40,loose
obsessive compulsive disorde,Clomipramine,4,6,68.8748,7.953,8.1067,75,0.8667,49.3867,True,40,loose
obsessive compulsive disorde,Fluoxetine,5,4,63.9904,7.9988,8.1875,64,0.8594,42.7812,True,40,loose
obsessive compulsive disorde,Luvox,6,7,56.7811,7.9509,8.1765,51,0.7843,54.5294,True,40,loose
obsessive compulsive disorde,Prozac,7,3,51.6973,8.0738,8.3902,41,0.878,59.561,False,40,loose
obsessive compulsive disorde,Escitalopram,8,1,49.0794,8.2959,8.7429,35,0.9143,47.7429,True,40,loose
obsessive compulsive disorde,Anafranil,9,5,49.0575,7.9582,8.2632,38,0.9211,78.6316,False,40,loose
obsessive compulsive disorde,Paroxetine,10,17,35.9135,7.3308,7.5,24,0.75,44.8333,True,40,loose
obsessive compulsive disorde,Citalopram,11,13,34.7039,7.573,7.9048,21,0.8095,35.2857,True,40,loose
obsessive compulsive disorde,Quetiapine,12,10,32.5454,7.8934,8.5294,17,0.8824,24.2353,True,40,loose
obsessive compulsive disorde,Paxil,13,14,31.807,7.497,7.8333,18,0.8333,57.6667,False,40,loose
obsessive compulsive disorde,Aripiprazole,14,16,28.5323,7.367,7.6667,15,0.6667,28.8667,True,40,loose
obsessive compulsive disorde,Venlafaxine,15,15,25.9677,7.4962,8.0,12,0.8333,26.0,True,40,loose
obstructive sleep apnea hypopnea syndrome,Armodafinil,1,1,47.9466,8.1045,8.4857,35,0.8857,22.1143,False,44,loose
obstructive sleep apnea hypopnea syndrome,Nuvigil,2,2,44.5304,7.9979,8.3871,31,0.871,24.5484,False,44,loose
obstructive sleep apnea hypopnea syndrome,Modafinil,3,3,43.4945,7.8118,8.129,31,0.8065,33.9355,False,44,loose
obstructive sleep apnea hypopnea syndrome,Provigil,4,4,34.9259,7.8097,8.3,20,0.8,46.9,False,44,loose
onychomycosis toenail,Terbinafine,1,3,97.5581,7.2315,7.2473,182,0.6923,33.3187,False,0,none
onychomycosis toenail,Lamisil,2,4,59.1572,7.1739,7.2059,68,0.7059,59.8235,False,0,none
onychomycosis toenail,Efinaconazole,3,5,57.8087,5.81,5.6667,99,0.5152,11.0404,False,0,none
onychomycosis toenail,Jublia,4,6,57.8087,5.81,5.6667,99,0.5152,11.0404,False,0,none
onychomycosis toenail,Ciclopirox,5,2,30.817,7.2636,7.4444,18,0.7778,48.6667,False,0,none
onychomycosis toenail,Kerydin,6,7,24.0112,5.2397,4.2381,21,0.381,11.2857,False,0,none
onychomycosis toenail,Tavaborole,7,8,24.0112,5.2397,4.2381,21,0.381,11.2857,False,0,none
onychomycosis toenail,Fluconazole,8,1,22.756,8.0455,9.625,8,1.0,28.0,False,0,none
oophorectomy,Estradiol,1,3,24.3604,6.7564,6.5385,13,0.6154,18.8462,True,1,loose
oophorectomy,Conjugated estrogens,2,1,21.3418,7.5455,8.375,8,0.875,49.625,False,1,loose
oophorectomy,Premarin,3,2,19.6216,7.4163,8.1429,7,0.8571,56.7143,False,1,loose
opiate dependence,Buprenorphine / naloxone,1,4,206.5145,8.5165,8.5476,588,0.8537,30.0442,False,5,loose
opiate dependence,Suboxone,2,1,194.6229,9.0061,9.0578,467,0.9101,33.7345,False,5,loose
opiate dependence,Buprenorphine,3,3,88.8236,8.9271,9.1616,99,0.9596,36.2828,False,5,loose
opiate dependence,Naltrexone,4,6,72.7546,7.712,7.809,89,0.7528,45.2697,True,5,loose
opiate dependence,Subutex,5,2,72.6903,8.9476,9.303,66,0.9848,49.8182,False,5,loose
opiate dependence,Vivitrol,6,5,65.2131,7.8507,8.0,69,0.7826,54.5217,False,5,loose
opiate dependence,Zubsolv,7,7,48.4866,6.6601,6.5849,53,0.6604,21.4717,False,5,loose
opiate dependence,Bunavail,8,8,41.8024,6.3019,6.1136,44,0.5682,16.5682,False,5,loose
opiate withdrawal,Methadone,1,1,113.8909,8.659,8.7746,173,0.8728,36.1272,False,15,loose
opiate withdrawal,Clonidine,2,3,102.8777,8.1332,8.2188,160,0.8438,74.6625,True,15,loose
opiate withdrawal,Catapres,3,5,38.6351,7.8864,8.3333,24,0.9167,107.125,False,15,loose
opiate withdrawal,Methadose,4,4,35.2802,8.0938,8.7895,19,0.8421,55.1579,False,15,loose
opiate withdrawal,Methocarbamol,5,6,33.9476,7.5909,7.95,20,0.85,131.2,False,15,loose
opiate withdrawal,Methadone Diskets,6,2,31.9749,8.2559,9.2667,15,0.9333,38.9333,False,15,loose
opiate withdrawal,Robaxin,7,7,16.8619,6.8838,6.6667,6,0.6667,145.8333,False,15,loose
opioid induced constipation,Movantik,1,1,29.0956,6.2032,5.7727,22,0.5455,7.0,False,17,loose
opioid induced constipation,Naloxegol,2,4,28.9733,5.9141,5.375,24,0.5,6.4167,False,17,loose
opioid induced constipation,Amitiza,3,2,13.4045,5.9947,3.6,5,0.4,2.8,False,17,loose
opioid induced constipation,Lubiprostone,4,3,13.4045,5.9947,3.6,5,0.4,2.8,False,17,loose
oral thrush,Nystatin,1,1,25.9677,7.4962,8.0,12,0.8333,29.8333,True,15,loose
oral thrush,Clotrimazole,2,2,18.8772,5.6917,4.2727,11,0.2727,19.7273,True,15,loose
organ transplant rejection prophylaxis,Tacrolimus,1,1,40.7985,8.1597,8.72,25,0.96,11.52,True,8,loose
organ transplant rejection prophylaxis,Prograf,2,2,34.7178,7.9648,8.5789,19,0.9474,14.7895,False,8,loose
organ transplant rejection prophylaxis,CellCept,3,3,21.2004,7.4955,8.25,8,0.75,11.875,False,8,loose
organ transplant rejection prophylaxis,Mycophenolate mofetil,4,4,21.2004,7.4955,8.25,8,0.75,11.875,True,8,loose
osteoarthritis,Diclofenac,1,2,97.4346,8.2643,8.3741,139,0.8417,43.2446,False,24,strict
osteoarthritis,Sodium hyaluronate,2,34,84.1246,6.6506,6.625,160,0.6125,37.5438,True,24,strict
osteoarthritis,Meloxicam,3,13,79.7601,7.4055,7.4483,116,0.75,52.25,False,24,strict
osteoarthritis,Euflexxa,4,31,76.517,6.7369,6.7132,129,0.6279,41.5969,False,24,strict
osteoarthritis,Hyaluronan,5,29,71.5129,6.7573,6.7321,112,0.6339,35.4196,False,24,strict
osteoarthritis,Hylan g-f 20,6,37,68.7374,6.3821,6.319,116,0.6034,30.8276,False,24,strict
osteoarthritis,Orthovisc,7,30,67.8508,6.7514,6.7228,101,0.6337,38.8812,False,24,strict
osteoarthritis,Celecoxib,8,16,57.3368,7.3412,7.4098,61,0.7541,46.5902,False,24,strict
osteoarthritis,Voltaren Gel,9,4,56.3338,8.0477,8.3061,49,0.8163,53.2245,False,24,strict
osteoarthritis,Celebrex,10,20,54.9178,7.274,7.3333,57,0.7368,49.7193,False,24,strict
osteoarthritis,Synvisc-One,11,39,54.8831,6.1748,6.0506,79,0.5696,34.9367,False,24,strict
osteoarthritis,Mobic,12,8,50.61,7.9039,8.1707,41,0.8537,84.0488,False,24,strict
osteoarthritis,Voltaren,13,1,44.1346,8.6555,9.4231,26,1.0,71.0,False,24,strict
osteoarthritis,Naproxen,14,22,41.527,7.0193,7.0286,35,0.7143,29.9429,False,24,strict
osteoarthritis,Diclofenac / misoprostol,15,7,39.5823,7.9165,8.36,25,0.8,51.52,False,24,strict
osteoporosis,Teriparatide,1,1,47.9185,6.4613,6.3455,55,0.5636,76.7091,False,5,strict
osteoporosis,Forteo,2,2,46.4705,6.3832,6.2453,53,0.5472,79.5283,False,5,strict
osteoporosis,Zoledronic acid,3,5,40.827,6.0861,5.8444,45,0.5111,59.5556,False,5,strict
osteoporosis,Reclast,4,3,35.86,6.2424,5.9697,33,0.5152,76.9394,False,5,strict
osteoporosis,Prolia,5,11,34.0195,4.2196,3.7077,65,0.2462,118.0615,False,5,strict
osteoporosis,Denosumab,6,12,33.8001,4.0989,3.5882,68,0.2353,113.1029,False,5,strict
osteoporosis,Ibandronate,7,6,29.0418,5.8084,5.24,25,0.48,48.52,False,5,strict
osteoporosis,Boniva,8,4,27.2394,6.0909,5.55,20,0.5,59.55,False,5,strict
osteoporosis,Risedronate,9,8,22.6254,5.1906,4.0526,19,0.2632,60.3158,False,5,strict
osteoporosis,Alendronate,10,10,19.3914,4.4487,2.8421,19,0.1579,110.5789,True,5,strict
osteoporosis,Actonel,11,9,18.4473,5.1164,3.3846,13,0.1538,81.0,False,5,strict
osteoporosis,Fosamax,12,7,17.4352,5.2569,3.3636,11,0.1818,173.6364,False,5,strict
otitis externa,Ciprodex,1,2,22.293,5.958,5.0714,14,0.4286,2.0,False,2,loose
otitis externa,Ciprofloxacin / dexamethasone,2,3,22.293,5.958,5.0714,14,0.4286,2.0,False,2,loose
otitis externa,Hydrocortisone / neomycin / polymyxin b,3,1,15.2289,6.2172,4.6667,6,0.3333,1.1667,False,2,loose
otitis media,Cefdinir,1,13,31.855,5.0367,4.45,40,0.275,10.175,False,6,loose
otitis media,Ciprodex,2,3,26.9544,6.9596,6.9333,15,0.6667,15.5333,False,6,loose
otitis media,Ciprofloxacin / dexamethasone,3,4,26.9544,6.9596,6.9333,15,0.6667,15.5333,False,6,loose
otitis media,Clarithromycin,4,1,26.7542,7.1504,7.2857,14,0.7143,7.2143,False,6,loose
otitis media,Amoxicillin / clavulanate,5,12,26.7072,5.5688,4.8261,23,0.3478,7.2174,True,6,loose
otitis media,Omnicef,6,6,26.7013,6.6753,6.4375,16,0.4375,12.9375,False,6,loose
otitis media,Azithromycin,7,2,24.5243,7.0795,7.1667,12,0.6667,15.25,True,6,loose
otitis media,Augmentin,8,9,22.7945,5.8855,5.0,15,0.3333,10.5333,False,6,loose
otitis media,Amoxicillin,9,7,17.3936,6.5742,5.8571,7,0.4286,8.1429,True,6,loose
otitis media,Sulfamethoxazole / trimethoprim,10,8,15.6372,6.3838,5.1667,6,0.3333,6.5,False,6,loose
otitis media,Zithromax,11,5,15.509,6.9358,6.8,5,0.6,23.2,False,6,loose
otitis media,Levofloxacin,12,10,13.1414,5.877,3.2,5,0.2,11.0,False,6,loose
otitis media,Hydrocortisone / neomycin / polymyxin b,13,11,12.7468,5.7005,2.6,5,0.2,2.6,False,6,loose
ovarian cysts,Ethinyl estradiol / norgestimate,1,6,53.3658,6.246,6.1233,73,0.5342,7.2329,False,12,loose
ovarian cysts,Ethinyl estradiol / levonorgestrel,2,8,33.6898,5.8646,5.4545,33,0.4545,3.7879,False,12,loose
ovarian cysts,Sprintec,3,4,31.3711,6.8457,6.7619,21,0.5714,11.9524,False,12,loose
ovarian cysts,Ortho Tri-Cyclen Lo,4,2,25.8907,6.9196,6.8571,14,0.6429,8.8571,False,12,loose
ovarian cysts,Tri-Sprintec,5,3,20.5585,6.8528,6.6667,9,0.6667,3.3333,False,12,loose
ovarian cysts,Mononessa,6,1,18.6469,7.0479,7.1429,7,0.5714,8.8571,False,12,loose
ovarian cysts,Aviane,7,9,17.5585,5.8528,4.3333,9,0.4444,3.8889,False,12,loose
ovarian cysts,Ortho Tri-Cyclen,8,7,16.4189,6.2057,4.8571,7,0.2857,1.7143,False,12,loose
ovarian cysts,LoSeasonique,9,5,16.1815,6.6061,5.8333,6,0.3333,7.3333,False,12,loose
overactive bladde,Oxybutynin,1,11,71.3525,6.5685,6.5254,118,0.5678,30.5085,False,9,loose
overactive bladde,Mirabegron,2,15,58.1495,5.7296,5.5825,103,0.466,40.5437,False,9,loose
overactive bladde,Myrbetriq,3,12,53.754,6.0099,5.8625,80,0.5,49.9375,False,9,loose
overactive bladde,Botox,4,13,53.2674,5.744,5.5698,86,0.4884,47.2558,False,9,loose
overactive bladde,OnabotulinumtoxinA,5,14,53.2674,5.744,5.5698,86,0.4884,47.2558,False,9,loose
overactive bladde,Solifenacin,6,19,48.8666,5.6426,5.4267,75,0.4667,40.24,False,9,loose
overactive bladde,Oxytrol,7,5,47.5604,7.2529,7.3256,43,0.6744,49.2558,False,9,loose
overactive bladde,VESIcare,8,21,46.3437,5.5791,5.3333,69,0.4493,43.3623,False,9,loose
overactive bladde,Tolterodine,9,8,40.3941,6.8279,6.7714,35,0.5714,24.4571,False,9,loose
overactive bladde,Fesoterodine,10,16,33.3263,5.7154,5.2647,34,0.4118,29.2647,False,9,loose
overactive bladde,Toviaz,11,17,33.3263,5.7154,5.2647,34,0.4118,29.2647,False,9,loose
overactive bladde,Trospium,12,2,32.6898,7.3097,7.5,20,0.75,29.3,False,9,loose
overactive bladde,Tamsulosin,13,18,28.3661,5.6732,5.04,25,0.32,43.72,False,9,loose
overactive bladde,Detrol,14,3,27.3298,7.3042,7.5714,14,0.6429,33.8571,False,9,loose
overactive bladde,Sanctura,15,4,27.3298,7.3042,7.5714,14,0.7857,34.4286,False,9,loose
pain,Oxycodone,1,3,171.1611,8.7804,8.8368,380,0.9026,45.7342,True,64,strict
pain,Acetaminophen / hydrocodone,2,28,168.9327,7.9459,7.9712,452,0.8075,26.2566,True,64,strict
pain,Acetaminophen / oxycodone,3,7,164.1522,8.6158,8.6694,363,0.9118,24.3113,True,64,strict
pain,Tramadol,4,109,145.0712,6.4813,6.4691,501,0.6347,29.5549,True,64,strict
pain,Hydromorphone,5,14,131.2038,8.2487,8.3083,253,0.8261,22.4111,True,64,strict
pain,Diclofenac,6,38,127.794,7.7629,7.797,271,0.7934,24.4797,True,64,strict
pain,Dilaudid,7,9,121.5459,8.3478,8.4245,212,0.8443,24.3066,True,64,strict
pain,OxyContin,8,4,117.5811,8.6918,8.8033,183,0.8962,73.5847,True,64,strict
pain,Percocet,9,5,111.9674,8.6643,8.7844,167,0.9341,31.3174,False,64,strict
pain,Tapentadol,10,108,109.7559,6.5014,6.4807,285,0.6035,40.1368,False,64,strict
pain,Oxymorphone,11,37,107.2848,7.8245,7.8777,188,0.8138,37.117,False,64,strict
pain,Methadone,12,6,106.5924,8.6458,8.7763,152,0.9013,39.6053,True,64,strict
pain,Fentanyl,13,10,103.9163,8.3468,8.4516,155,0.9161,27.7097,True,64,strict
pain,Gabapentin,14,105,102.2989,6.6172,6.5983,239,0.6527,60.523,True,64,strict
pain,Ketorolac,15,80,101.8492,7.3313,7.3523,193,0.7306,14.1865,False,64,strict
panic disorde,Clonazepam,1,3,142.5921,8.947,9.0394,254,0.9252,38.378,True,41,loose
panic disorde,Alprazolam,2,1,137.0238,9.0746,9.1842,228,0.9342,41.3816,False,41,loose
panic disorde,Sertraline,3,15,126.8632,7.7064,7.738,271,0.7675,39.7159,True,41,loose
panic disorde,Xanax,4,2,111.4789,9.0421,9.2039,152,0.9408,53.5921,False,41,loose
panic disorde,Zoloft,5,16,111.1599,7.6708,7.7095,210,0.7571,49.3429,False,41,loose
panic disorde,Klonopin,6,4,106.3732,8.8338,8.9862,145,0.9172,57.2345,False,41,loose
panic disorde,Paroxetine,7,12,69.2121,7.7381,7.85,80,0.775,26.5125,True,41,loose
panic disorde,Lorazepam,8,5,62.0065,8.438,8.7593,54,0.8889,43.9074,True,41,loose
panic disorde,Paxil,9,10,59.9247,7.8015,7.9661,59,0.7966,32.8983,False,41,loose
panic disorde,Fluoxetine,10,11,58.8569,7.7958,7.9649,57,0.807,45.6667,True,41,loose
panic disorde,Citalopram,11,18,54.1739,7.5859,7.7255,51,0.7647,37.3725,True,41,loose
panic disorde,Buspirone,12,29,49.097,6.0897,5.9231,65,0.5538,50.9692,True,41,loose
panic disorde,Prozac,13,14,46.9129,7.7124,7.9459,37,0.8108,63.973,False,41,loose
panic disorde,Ativan,14,6,44.4366,8.3977,9.0,28,0.8571,55.5714,False,41,loose
panic disorde,Venlafaxine,15,21,41.1978,7.5216,7.7333,30,0.7667,26.6,True,41,loose
paranoid disorde,Olanzapine,1,2,22.7707,6.8656,6.7273,11,0.6364,16.8182,True,41,loose
paranoid disorde,Quetiapine,2,1,20.987,6.9957,7.0,9,0.6667,15.4444,True,41,loose
paranoid disorde,Risperidone,3,4,17.2406,6.0955,4.75,8,0.375,11.5,True,41,loose
paranoid disorde,Zyprexa,4,3,16.6974,6.311,5.1429,7,0.4286,19.1429,False,41,loose
parkinson s,Carbidopa / levodopa,1,7,30.7511,6.5562,6.3182,22,0.5909,35.0909,True,1,loose
parkinson s,Neupro,2,8,22.5035,6.4962,6.0,12,0.5833,20.25,False,1,loose
parkinson s,Rotigotine,3,9,22.5035,6.4962,6.0,12,0.5833,20.25,False,1,loose
parkinson s,Amantadine,4,2,20.069,7.0955,7.25,8,0.625,16.5,False,1,loose
parkinson s,Rytary,5,14,19.0214,5.7352,4.3636,11,0.2727,21.9091,False,1,loose
parkinson s,Carbidopa / entacapone / levodopa,6,4,17.8114,6.7321,6.2857,7,0.5714,9.1429,True,1,loose
parkinson s,Pramipexole,7,11,17.8062,6.2955,5.25,8,0.5,28.5,False,1,loose
parkinson s,Ropinirole,8,12,17.8062,6.2955,5.25,8,0.375,22.0,False,1,loose
parkinson s,Sinemet,9,1,17.6784,7.2172,7.6667,6,0.8333,69.3333,False,1,loose
parkinson s,Rasagiline,10,6,17.6721,6.6794,6.1429,7,0.4286,36.1429,False,1,loose
parkinson s,Azilect,11,3,16.8619,6.8838,6.6667,6,0.5,41.8333,False,1,loose
parkinson s,Stalevo,12,5,14.9829,6.7005,6.0,5,0.6,12.4,False,1,loose
parkinson s,Entacapone,13,10,14.4567,6.4652,5.2,5,0.6,6.2,False,1,loose
parkinson s,Trihexyphenidyl,14,13,13.4045,5.9947,3.6,5,0.4,11.2,False,1,loose
perimenopausal symptoms,Clonidine,1,2,50.7225,6.7781,6.7321,56,0.6607,35.4286,False,1,loose
perimenopausal symptoms,Progesterone,2,1,16.0351,7.1711,7.6,5,0.8,43.6,False,1,loose
period pain,Naproxen,1,1,61.223,7.9706,8.1695,59,0.7966,22.0508,True,65,loose
period pain,Diclofenac,2,3,42.1106,7.6883,7.9667,30,0.8333,12.9667,True,65,loose
period pain,Mefenamic acid,3,7,38.3967,6.585,6.4412,34,0.5882,12.6765,True,65,loose
period pain,Cataflam,4,2,29.4885,7.8811,8.6429,14,0.9286,15.2857,False,65,loose
period pain,Ibuprofen,5,5,25.6584,7.1164,7.2308,13,0.7692,10.2308,True,65,loose
period pain,Ponstel,6,6,24.6489,6.8364,6.6923,13,0.6154,13.3077,False,65,loose
period pain,Aleve,7,4,18.0866,7.3838,8.1667,6,0.8333,18.8333,False,65,loose
periodic limb movement disorde,Clonazepam,1,1,29.7763,7.958,8.7857,14,1.0,20.4286,True,41,loose
periodic limb movement disorde,Klonopin,2,2,24.9977,7.905,9.0,10,1.0,26.7,False,41,loose
periodic limb movement disorde,Ropinirole,3,5,16.987,5.6623,3.8889,9,0.3333,18.0,False,41,loose
periodic limb movement disorde,Requip,4,4,16.2796,6.1531,4.7143,7,0.4286,21.8571,False,41,loose
periodic limb movement disorde,Baclofen,5,3,15.6405,6.9947,7.0,5,0.8,20.8,True,41,loose
peripheral neuropathy,Gabapentin,1,5,75.8346,6.8941,6.8843,121,0.6529,60.0909,True,14,loose
peripheral neuropathy,Neurontin,2,4,32.5445,6.9385,6.9091,22,0.6364,69.3182,False,14,loose
peripheral neuropathy,Pregabalin,3,2,31.7115,7.0909,7.15,20,0.75,18.65,True,14,loose
peripheral neuropathy,Duloxetine,4,8,30.6809,6.3974,6.087,23,0.5217,28.2174,False,14,loose
peripheral neuropathy,Cymbalta,5,7,25.3151,6.7657,6.5714,14,0.5,41.7857,False,14,loose
peripheral neuropathy,Lyrica,6,3,24.5243,7.0795,7.1667,12,0.75,25.6667,False,14,loose
peripheral neuropathy,Carbamazepine,7,6,19.2205,6.7955,6.5,8,0.625,17.375,False,14,loose
peripheral neuropathy,Capsaicin,8,1,15.9036,7.1123,7.4,5,0.8,27.0,False,14,loose
pharyngitis,Prednisone,1,1,24.7102,7.8141,8.8,10,0.9,16.9,False,3,strict
photoaging of the skin,Tretinoin,1,1,40.8909,7.8695,8.2593,27,0.8519,62.8148,False,3,loose
photoaging of the skin,Retin-A,2,2,17.2189,7.7005,9.4,5,1.0,141.8,False,3,loose
plaque psoriasis,Apremilast,1,10,65.3609,5.8461,5.736,125,0.496,21.04,False,1,loose
plaque psoriasis,Otezla,2,11,64.2355,5.7919,5.6748,123,0.4878,21.3577,False,1,loose
plaque psoriasis,Secukinumab,3,2,42.15,7.8271,8.1724,29,0.7586,18.6897,False,1,loose
plaque psoriasis,Ixekizumab,4,5,40.8065,7.4502,7.6333,30,0.7333,12.4333,False,1,loose
plaque psoriasis,Cosentyx,5,1,40.78,7.9976,8.4615,26,0.8077,20.8077,False,1,loose
plaque psoriasis,Taltz,6,6,39.7858,7.388,7.5517,29,0.7241,12.8621,False,1,loose
plaque psoriasis,Adalimumab,7,8,25.3151,6.7657,6.5714,14,0.5714,14.7143,False,1,loose
plaque psoriasis,Humira,8,9,25.3151,6.7657,6.5714,14,0.5714,14.7143,False,1,loose
plaque psoriasis,Enbrel,9,3,22.5585,7.5195,8.2222,9,0.7778,23.1111,False,1,loose
plaque psoriasis,Etanercept,10,4,22.5585,7.5195,8.2222,9,0.7778,23.1111,False,1,loose
plaque psoriasis,Betamethasone / calcipotriene,11,7,16.998,6.9394,6.8333,6,0.6667,3.1667,False,1,loose
pneumococcal prophylaxis,Pneumococcal 13-valent vaccine,1,2,21.5978,5.2382,4.0,17,0.2353,5.3529,False,0,none
pneumococcal prophylaxis,Prevnar 13,2,1,21.5035,5.5522,4.4,15,0.2667,6.0667,False,0,none
pneumonia,Levofloxacin,1,9,50.9294,5.4291,5.2159,88,0.4545,23.7841,True,45,strict
pneumonia,Moxifloxacin,2,3,48.5267,7.9777,8.2973,37,0.8919,20.3514,False,45,strict
pneumonia,Avelox,3,4,45.6896,7.9535,8.303,33,0.8788,22.2121,False,45,strict
pneumonia,Clarithromycin,4,5,41.2306,7.6563,7.931,29,0.7241,11.7241,False,45,strict
pneumonia,Levaquin,5,10,38.6441,5.4113,5.0392,51,0.4314,33.9216,True,45,strict
pneumonia,Doxycycline,6,8,30.3931,6.0786,5.64,25,0.44,21.96,True,45,strict
pneumonia,Ceftriaxone,7,1,30.0641,8.035,8.9286,14,0.8571,23.6429,True,45,strict
pneumonia,Rocephin,8,2,30.0641,8.035,8.9286,14,0.8571,23.6429,False,45,strict
pneumonia,Azithromycin,9,6,26.6675,6.8855,6.8,15,0.7333,22.4,True,45,strict
pneumonia,Cefuroxime,10,7,14.8513,6.6417,5.8,5,0.6,32.0,False,45,strict
polycystic ovary syndrome,Metformin,1,1,100.0129,7.7162,7.7679,168,0.7619,39.5119,True,22,loose
polycystic ovary syndrome,Ethinyl estradiol / norethindrone,2,10,51.065,6.4853,6.3871,62,0.5484,10.2903,True,22,loose
polycystic ovary syndrome,Loestrin 24 Fe,3,5,33.8324,7.0545,7.087,23,0.5652,16.6957,False,22,loose
polycystic ovary syndrome,Ethinyl estradiol / levonorgestrel,4,12,30.6319,5.8951,5.4074,27,0.4074,4.8519,True,22,loose
polycystic ovary syndrome,Desogestrel / ethinyl estradiol,5,3,25.246,7.2879,7.5833,12,0.75,9.6667,True,22,loose
polycystic ovary syndrome,Drospirenone / ethinyl estradiol,6,4,24.6686,7.1212,7.25,12,0.6667,13.0,True,22,loose
polycystic ovary syndrome,Microgestin Fe 1 / 20,7,11,18.4156,6.1385,5.0,9,0.3333,10.2222,False,22,loose
polycystic ovary syndrome,Glucophage,8,2,16.4297,7.3476,8.2,5,0.8,90.0,False,22,loose
polycystic ovary syndrome,Junel Fe 1 / 20,9,6,15.509,6.9358,6.8,5,0.6,12.2,False,22,loose
polycystic ovary syndrome,Seasonique,10,7,14.9829,6.7005,6.0,5,0.4,6.6,False,22,loose
polycystic ovary syndrome,LoSeasonique,11,8,14.8513,6.6417,5.8,5,0.6,5.4,False,22,loose
polycystic ovary syndrome,Necon 1 / 35,12,9,14.7198,6.5829,5.6,5,0.6,8.2,False,22,loose
post traumatic stress disorde,Sertraline,1,11,60.6036,7.4039,7.4776,67,0.7463,31.1493,True,92,loose
post traumatic stress disorde,Prazosin,2,8,59.9045,7.67,7.8033,61,0.7705,37.9016,True,92,loose
post traumatic stress disorde,Zoloft,3,13,51.2847,7.3264,7.4082,49,0.7347,40.1429,False,92,loose
post traumatic stress disorde,Quetiapine,4,12,43.0868,7.3893,7.5294,34,0.7353,20.5882,True,92,loose
post traumatic stress disorde,Paroxetine,5,14,33.6481,7.1738,7.2727,22,0.7273,23.4091,True,92,loose
post traumatic stress disorde,Lamotrigine,6,1,33.1299,8.2825,9.25,16,0.9375,40.1875,True,92,loose
post traumatic stress disorde,Asenapine,7,3,31.4156,7.8539,8.5,16,0.875,18.6875,False,92,loose
post traumatic stress disorde,Risperidone,8,16,31.062,7.1261,7.2105,19,0.6316,22.7895,True,92,loose
post traumatic stress disorde,Paxil,9,17,30.4995,6.9971,7.0,19,0.6842,26.6842,False,92,loose
post traumatic stress disorde,Mirtazapine,10,21,30.4752,6.4973,6.2273,22,0.6364,20.4091,True,92,loose
post traumatic stress disorde,Desvenlafaxine,11,2,27.9884,8.0795,9.1667,12,0.9167,18.5833,True,92,loose
post traumatic stress disorde,Venlafaxine,12,19,24.072,6.6764,6.3846,13,0.6154,4.9231,True,92,loose
post traumatic stress disorde,Pristiq,13,4,23.5585,7.8528,9.0,9,0.8889,22.6667,False,92,loose
post traumatic stress disorde,Saphris,14,7,23.1299,7.71,8.6667,9,0.8889,31.6667,False,92,loose
post traumatic stress disorde,Amitriptyline,15,5,22.0489,7.7955,9.0,8,0.875,14.25,True,92,loose
postherpetic neuralgia,Gabapentin,1,1,45.6136,7.6023,7.8056,36,0.8056,42.3333,True,1,loose
postherpetic neuralgia,Lyrica,2,4,27.8442,6.961,6.9375,16,0.5625,32.0,False,1,loose
postherpetic neuralgia,Pregabalin,3,5,27.8442,6.961,6.9375,16,0.5625,32.0,False,1,loose
postherpetic neuralgia,Neurontin,4,2,26.3795,7.3164,7.6154,13,0.7692,77.0,False,1,loose
postherpetic neuralgia,Gabapentin enacarbil,5,3,19.3431,7.311,7.8571,7,0.8571,9.1429,True,1,loose
postherpetic neuralgia,Capsaicin,6,6,16.3176,6.6616,6.0,6,0.6667,15.0,False,1,loose
postherpetic neuralgia,Lidocaine,7,7,13.0099,5.8182,3.0,5,0.2,13.6,False,1,loose
postherpetic neuralgia,Lidoderm,8,8,13.0099,5.8182,3.0,5,0.2,13.6,False,1,loose
postmenopausal symptoms,Estradiol,1,9,86.6692,7.4318,7.4706,136,0.6985,33.5368,False,1,loose
postmenopausal symptoms,Conjugated estrogens,2,1,40.5116,7.945,8.3846,26,0.7692,41.1154,False,1,loose
postmenopausal symptoms,Angeliq,3,5,34.3669,7.6847,8.1,20,0.8,28.4,False,1,loose
postmenopausal symptoms,Drospirenone / estradiol,4,6,34.3669,7.6847,8.1,20,0.8,28.4,False,1,loose
postmenopausal symptoms,Premarin,5,2,33.6454,7.9303,8.5556,18,0.8333,56.8333,False,1,loose
postmenopausal symptoms,Vivelle-Dot,6,7,30.1299,7.5325,7.9375,16,0.75,41.0625,False,1,loose
postmenopausal symptoms,Femring,7,3,30.1102,7.7744,8.4,15,0.8667,15.6,False,1,loose
postmenopausal symptoms,Estradiol / norethindrone,8,11,30.1099,7.097,7.1667,18,0.6667,12.7778,False,1,loose
postmenopausal symptoms,Evamist,9,4,29.9667,7.7374,8.3333,15,0.8,42.4667,False,1,loose
postmenopausal symptoms,Climara,10,17,25.8069,6.6633,6.4,15,0.6,32.8,False,1,loose
postmenopausal symptoms,Conjugated estrogens / medroxyprogesterone,11,10,23.6359,7.1265,7.2727,11,0.7273,27.3636,False,1,loose
postmenopausal symptoms,Estradiol / levonorgestrel,12,19,22.2727,5.5682,4.5,16,0.3125,5.5625,False,1,loose
postmenopausal symptoms,Prempro,13,12,21.2727,7.0909,7.2222,9,0.7778,32.2222,False,1,loose
postmenopausal symptoms,Climara Pro,14,20,21.2167,5.4781,4.2667,15,0.2667,5.9333,False,1,loose
postmenopausal symptoms,Estradiol Patch,15,18,20.8292,6.5868,6.1,10,0.6,31.0,False,1,loose
postoperative ocular inflammation,Prednisolone,1,1,12.3522,5.5241,2.0,5,0.0,14.6,False,4,loose
postoperative pain,Ketorolac,1,1,37.5595,7.366,7.5385,26,0.7308,11.9615,False,67,loose
postoperative pain,Toradol,2,2,26.5241,6.8485,6.7333,15,0.6667,18.0,False,67,loose
postpartum depression,Sertraline,1,1,33.3117,7.6422,8.0526,19,0.8421,22.7368,True,45,loose
postpartum depression,Citalopram,2,5,32.6209,7.1185,7.1905,21,0.7143,21.619,True,45,loose
postpartum depression,Zoloft,3,2,31.2658,7.5831,8.0,17,0.8235,25.3529,False,45,loose
postpartum depression,Venlafaxine,4,6,27.2413,7.0337,7.0667,15,0.6667,10.9333,True,45,loose
postpartum depression,Effexor XR,5,3,25.0779,7.5613,8.1818,11,0.8182,12.0,False,45,loose
postpartum depression,Celexa,6,4,24.813,7.1629,7.3333,12,0.75,30.8333,True,45,loose
postpartum depression,Paroxetine,7,7,16.998,6.9394,6.8333,6,0.6667,16.0,True,45,loose
postpartum depression,Paxil,8,8,16.998,6.9394,6.8333,6,0.6667,16.0,True,45,loose
postural orthostatic tachycardia syndrome,Fludrocortisone,1,1,24.2127,7.3004,7.6364,11,0.7273,10.6364,False,36,loose
postural orthostatic tachycardia syndrome,Midodrine,2,3,19.2727,6.4242,5.6667,9,0.5556,22.3333,False,36,loose
postural orthostatic tachycardia syndrome,ProAmatine,3,2,14.9829,6.7005,6.0,5,0.6,26.0,False,36,loose
precocious puberty,Leuprolide,1,1,25.459,6.8042,6.6429,14,0.6429,20.1429,False,0,none
precocious puberty,Lupron Depot-PED,2,2,24.2162,6.7164,6.4615,13,0.6154,21.5385,False,0,none
premature lab,Hydroxyprogesterone,1,1,46.8171,6.829,6.7872,47,0.6596,9.1915,False,1,loose
premature lab,Makena,2,2,46.8171,6.829,6.7872,47,0.6596,9.1915,False,1,loose
premature lab,Terbutaline,3,3,15.7732,6.4394,5.3333,6,0.6667,3.6667,False,1,loose
premenstrual dysphoric disorde,Fluoxetine,1,1,72.4105,8.4175,8.6486,74,0.8784,43.1892,True,40,loose
premenstrual dysphoric disorde,Drospirenone / ethinyl estradiol,2,12,65.3946,7.178,7.2048,83,0.7349,18.494,False,40,loose
premenstrual dysphoric disorde,Yaz,3,7,54.6467,7.5063,7.6226,53,0.7736,22.8113,False,40,loose
premenstrual dysphoric disorde,Sertraline,4,2,49.4886,8.2481,8.6667,36,0.9167,44.5278,True,40,loose
premenstrual dysphoric disorde,Zoloft,5,4,44.3276,8.0931,8.5333,30,0.9,52.5,False,40,loose
premenstrual dysphoric disorde,Sarafem,6,5,34.0697,8.0303,8.7222,18,0.8889,61.1667,False,40,loose
premenstrual dysphoric disorde,Citalopram,7,3,30.6397,8.1888,9.2143,14,0.9286,32.4286,True,40,loose
premenstrual dysphoric disorde,Gianvi,8,10,29.8441,7.2382,7.4118,17,0.7647,10.5294,False,40,loose
premenstrual dysphoric disorde,Drospirenone / ethinyl estradiol / levomefolate calcium,9,9,24.2127,7.3004,7.6364,11,0.7273,16.0909,True,40,loose
premenstrual dysphoric disorde,Prozac,10,11,23.9243,7.2134,7.4545,11,0.7273,58.2727,False,40,loose
premenstrual dysphoric disorde,Beyaz,11,8,23.4165,7.405,7.9,10,0.8,17.7,False,40,loose
premenstrual dysphoric disorde,Escitalopram,12,6,22.3317,7.8955,9.25,8,1.0,42.375,True,40,loose
premenstrual dysphoric disorde,Yasmin,13,13,16.8619,6.8838,6.6667,6,0.6667,20.0,False,40,loose
prevention of bladder infection,Nitrofurantoin,1,2,46.3681,7.0711,7.093,43,0.6744,35.9535,True,44,loose
prevention of bladder infection,Macrobid,2,4,24.4516,6.535,6.1429,14,0.5714,47.1429,True,44,loose
prevention of bladder infection,Methenamine,3,1,22.8974,8.0955,9.75,8,1.0,44.375,True,44,loose
prevention of bladder infection,Macrodantin,4,3,21.1299,7.0433,7.1111,9,0.6667,51.8889,True,44,loose
prevention of osteoporosis,Alendronate,1,1,15.5109,4.905,2.4,10,0.1,52.0,True,5,loose
prevention of thromboembolism in atrial fibrillation,Dabigatran,1,1,57.1301,7.2555,7.3065,62,0.6774,43.3548,True,66,loose
prevention of thromboembolism in atrial fibrillation,Pradaxa,2,2,56.1485,7.2487,7.3,60,0.6833,44.75,False,66,loose
prevention of thromboembolism in atrial fibrillation,Apixaban,3,4,38.2232,6.2839,6.0541,37,0.5405,42.1351,True,66,loose
prevention of thromboembolism in atrial fibrillation,Eliquis,4,3,37.1366,6.4646,6.2727,33,0.5758,45.6061,True,66,loose
primary immunodeficiency syndrome,Immune globulin subcutaneous,1,1,30.1099,7.097,7.1667,18,0.7222,7.9444,False,299,loose
primary immunodeficiency syndrome,Hizentra,2,2,23.2252,6.7045,6.4167,12,0.6667,10.5,False,299,loose
prostate cance,Leuprolide,1,11,46.2361,6.7442,6.6809,47,0.617,53.383,False,4,strict
prostate cance,Lupron,2,8,37.8071,6.9026,6.8667,30,0.6667,70.9667,False,4,strict
prostate cance,Abiraterone,3,1,28.1327,8.1212,9.25,12,0.9167,35.25,False,4,strict
prostate cance,Zytiga,4,2,28.1327,8.1212,9.25,12,0.9167,35.25,False,4,strict
prostate cance,Bicalutamide,5,3,20.9175,7.3955,8.0,8,0.875,71.125,False,4,strict
prostate cance,Eligard,6,7,18.9254,7.1531,7.4286,7,0.5714,20.1429,False,4,strict
prostate cance,Casodex,7,4,17.8145,7.2727,7.8333,6,0.8333,85.8333,False,4,strict
prostate cance,Lupron Depot,8,9,16.8619,6.8838,6.6667,6,0.6667,37.8333,False,4,strict
prostate cance,Goserelin,9,5,16.1667,7.23,7.8,5,0.8,48.0,False,4,strict
prostate cance,Zoladex,10,6,16.1667,7.23,7.8,5,0.8,48.0,False,4,strict
prostate cance,Sipuleucel-T,11,10,15.1144,6.7594,6.2,5,0.4,11.8,False,4,strict
prostatitis,Ciprofloxacin,1,7,28.3102,4.7853,4.0286,35,0.2286,16.2,False,0,none
prostatitis,Sulfamethoxazole / trimethoprim,2,6,22.6146,5.3303,4.2222,18,0.3333,11.3889,False,0,none
prostatitis,Cipro,3,4,22.1299,5.5325,4.4375,16,0.3125,27.5,False,0,none
prostatitis,Levofloxacin,4,3,17.5232,5.5413,3.8,10,0.3,14.8,False,0,none
prostatitis,Levaquin,5,2,16.4189,6.2057,4.8571,7,0.4286,20.2857,False,0,none
prostatitis,Bactrim DS,6,1,15.6372,6.3838,5.1667,6,0.5,11.5,False,0,none
prostatitis,Bactrim,7,5,13.4598,5.495,2.5,6,0.1667,16.3333,False,0,none
pruritus,Hydroxyzine,1,2,34.4166,7.0253,7.0417,24,0.75,25.5417,False,0,none
pruritus,Atarax,2,1,16.4297,7.3476,8.2,5,1.0,45.8,False,0,none
pseudobulbar affect,Dextromethorphan / quinidine,1,2,28.2544,7.8364,8.6154,13,0.8462,41.3077,False,4,loose
pseudobulbar affect,Nuedexta,2,1,27.844,8.0379,9.0833,12,0.9167,44.75,False,4,loose
pseudotumor cerebri,Acetazolamide,1,2,52.4152,6.7111,6.6557,61,0.6393,15.4098,False,0,none
pseudotumor cerebri,Diamox,2,1,34.8758,6.8397,6.7692,26,0.6154,24.6154,False,0,none
psoriasis,Ustekinumab,1,2,78.4523,8.3159,8.4944,89,0.8764,33.2697,False,1,loose
psoriasis,Stelara,2,4,77.8524,8.2991,8.4773,88,0.875,33.6364,False,1,loose
psoriasis,Adalimumab,3,14,67.1525,7.4614,7.5309,81,0.7284,27.4198,False,1,loose
psoriasis,Humira,4,15,66.4899,7.4338,7.5,80,0.725,27.75,False,1,loose
psoriasis,Methotrexate,5,7,64.3838,7.9858,8.1692,65,0.8615,48.7231,False,1,loose
psoriasis,Clobetasol,6,1,56.9502,8.4896,8.8889,45,0.8667,22.5778,False,1,loose
psoriasis,Betamethasone / calcipotriene,7,21,45.9636,7.2675,7.35,40,0.7,10.175,False,1,loose
psoriasis,Taclonex,8,17,41.9005,7.407,7.5625,32,0.7188,12.1562,False,1,loose
psoriasis,Etanercept,9,9,37.9547,7.7475,8.125,24,0.7917,11.75,False,1,loose
psoriasis,Clobex,10,6,37.0646,8.0882,8.7143,21,0.8095,31.0,False,1,loose
psoriasis,Enbrel,11,12,35.9933,7.6738,8.0455,22,0.7727,12.6818,False,1,loose
psoriasis,Mometasone,12,3,31.0715,8.3042,9.4286,14,1.0,28.2857,False,1,loose
psoriasis,Fluocinonide,13,19,27.4737,7.3427,7.6429,14,0.7143,17.6429,False,1,loose
psoriasis,Elocon,14,5,27.3851,8.2569,9.6364,11,1.0,33.1818,False,1,loose
psoriasis,Calcipotriene,15,23,26.8981,7.1888,7.3571,14,0.7857,21.9286,False,1,loose
psoriatic arthritis,Adalimumab,1,5,52.8136,7.3954,7.4902,51,0.6863,28.5882,False,36,loose
psoriatic arthritis,Humira,2,6,52.8136,7.3954,7.4902,51,0.6863,28.5882,False,36,loose
psoriatic arthritis,Etanercept,3,1,46.6361,7.998,8.3529,34,0.8529,22.4412,False,36,loose
psoriatic arthritis,Enbrel,4,2,45.6896,7.9535,8.303,33,0.8485,23.1212,False,36,loose
psoriatic arthritis,Apremilast,5,16,44.908,5.4063,5.1304,69,0.3768,20.5217,False,36,loose
psoriatic arthritis,Otezla,6,15,44.8041,5.5573,5.2923,65,0.4,21.7231,False,36,loose
psoriatic arthritis,Infliximab,7,3,26.0873,7.8656,8.8182,11,0.9091,19.4545,False,36,loose
psoriatic arthritis,Remicade,8,4,26.0873,7.8656,8.8182,11,0.9091,19.4545,False,36,loose
psoriatic arthritis,Methotrexate,9,8,24.7394,6.6119,6.2857,14,0.5714,14.1429,True,36,loose
psoriatic arthritis,Ustekinumab,10,9,23.6393,6.5564,6.1538,13,0.6154,14.7692,False,36,loose
psoriatic arthritis,Stelara,11,7,23.3696,6.7462,6.5,12,0.6667,15.8333,False,36,loose
psoriatic arthritis,Golimumab,12,10,22.9182,6.3564,5.7692,13,0.4615,16.9231,False,36,loose
psoriatic arthritis,Simponi,13,11,22.9182,6.3564,5.7692,13,0.4615,16.9231,False,36,loose
psoriatic arthritis,Sulfasalazine,14,14,21.7819,6.2879,5.5833,12,0.5,27.9167,True,36,loose
psoriatic arthritis,Cosentyx,15,17,15.5585,5.1862,2.7778,9,0.2222,8.7778,False,36,loose
psychosis,Haloperidol,1,2,43.0375,7.2747,7.3714,35,0.7714,18.8286,True,4,strict
psychosis,Haldol,2,1,26.545,7.6629,8.3333,12,0.8333,38.6667,False,4,strict
psychosis,Perphenazine,3,5,19.2205,6.7955,6.5,8,0.625,10.375,True,4,strict
psychosis,Fluphenazine,4,6,17.9506,6.7847,6.4286,7,0.7143,14.4286,False,4,strict
psychosis,Fanapt,5,3,16.7258,6.8283,6.5,6,0.5,20.3333,False,4,strict
psychosis,Iloperidone,6,4,16.7258,6.8283,6.5,6,0.5,20.3333,False,4,strict
pulmonary embolism,Rivaroxaban,1,2,40.7386,6.7898,6.7222,36,0.6944,23.7222,True,8,strict
pulmonary embolism,Xarelto,2,3,38.6685,6.7313,6.6364,33,0.6667,25.6667,False,8,strict
pulmonary embolism,Apixaban,3,1,19.2039,7.2584,7.7143,7,0.7143,25.7143,False,8,strict
pulmonary hypertension,Ambrisentan,1,2,23.5603,7.4504,8.0,10,0.8,16.3,False,16,strict
pulmonary hypertension,Letairis,2,1,23.2727,7.7576,8.7778,9,0.8889,18.1111,False,16,strict
pulmonary hypertension,Treprostinil,3,4,22.9853,7.2686,7.6,10,0.9,6.8,False,16,strict
pulmonary hypertension,Tyvaso,4,3,22.2727,7.4242,8.0,9,1.0,7.5556,False,16,strict
pulmonary hypertension,Revatio,5,5,18.7962,6.6455,6.125,8,0.625,21.625,False,16,strict
pulmonary hypertension,Sildenafil,6,6,18.7962,6.6455,6.125,8,0.625,21.625,True,16,strict
pulmonary hypertension,Selexipag,7,10,14.9567,6.1061,4.3333,6,0.1667,6.1667,False,16,strict
pulmonary hypertension,Adcirca,8,7,14.5883,6.5241,5.4,5,0.4,10.8,False,16,strict
pulmonary hypertension,Tadalafil,9,8,14.5883,6.5241,5.4,5,0.4,10.8,False,16,strict
pulmonary hypertension,Uptravi,10,9,13.7991,6.1711,4.2,5,0.2,7.4,False,16,strict
raynaud s syndrome,Nifedipine,1,1,42.2862,7.4752,7.6562,32,0.7812,21.0625,False,21,loose
raynaud s syndrome,Procardia,2,2,15.7721,7.0535,7.2,5,0.6,26.8,False,21,loose
reflex sympathetic dystrophy syndrome,Gabapentin,1,3,26.8584,6.5141,6.1765,17,0.5294,7.0588,True,21,loose
reflex sympathetic dystrophy syndrome,Pregabalin,2,2,26.4663,7.0734,7.1429,14,0.7857,11.2143,False,21,loose
reflex sympathetic dystrophy syndrome,Lyrica,3,4,19.4156,6.4719,5.7778,9,0.6667,11.7778,False,21,loose
reflex sympathetic dystrophy syndrome,Trazodone,4,1,19.0646,7.2057,7.5714,7,0.7143,29.0,True,21,loose
renal cell carcinoma,Pazopanib,1,1,50.0713,8.0178,8.3333,39,0.8205,53.359,False,3,strict
renal cell carcinoma,Votrient,2,2,45.4343,7.9091,8.2424,33,0.8182,62.1818,False,3,strict
renal cell carcinoma,Sunitinib,3,3,31.807,7.497,7.8333,18,0.8333,51.1667,False,3,strict
renal cell carcinoma,Sutent,4,4,29.8442,7.461,7.8125,16,0.8125,56.6875,False,3,strict
restless legs syndrome,Ropinirole,1,15,89.4444,6.6854,6.6648,179,0.6201,22.1508,False,21,loose
restless legs syndrome,Pramipexole,2,11,81.1017,7.3426,7.377,122,0.7049,29.041,True,21,loose
restless legs syndrome,Tramadol,3,1,75.517,8.3395,8.5366,82,0.8902,30.8415,True,21,loose
restless legs syndrome,Mirapex,4,7,68.726,7.6838,7.7875,80,0.7625,38.8375,False,21,loose
restless legs syndrome,Gabapentin,5,6,64.1049,7.7739,7.9118,68,0.7941,51.8382,True,21,loose
restless legs syndrome,Requip,6,16,58.9676,6.6768,6.6282,78,0.6154,36.3462,False,21,loose
restless legs syndrome,Clonazepam,7,5,50.5149,7.7946,8.0238,42,0.7619,42.8333,True,21,loose
restless legs syndrome,Neupro,8,2,39.9877,7.9975,8.48,25,0.88,24.08,False,21,loose
restless legs syndrome,Rotigotine,9,3,39.9877,7.9975,8.48,25,0.88,24.08,False,21,loose
restless legs syndrome,Carbidopa / levodopa,10,4,35.0656,7.8409,8.35,20,0.85,34.25,False,21,loose
restless legs syndrome,Gabapentin enacarbil,11,13,29.2727,7.3182,7.5625,16,0.6875,35.3125,True,21,loose
restless legs syndrome,Horizant,12,9,29.1061,7.5152,7.9333,15,0.7333,37.4667,False,21,loose
restless legs syndrome,Sinemet,13,12,25.3903,7.3295,7.6667,12,0.75,45.3333,False,21,loose
restless legs syndrome,Klonopin,14,10,24.6453,7.4308,7.9091,11,0.7273,73.0,False,21,loose
restless legs syndrome,Neurontin,15,8,20.1786,7.6268,8.7143,7,1.0,103.7143,False,21,loose
rheumatoid arthritis,Etanercept,1,1,73.6867,8.1373,8.3049,82,0.8293,40.1341,False,3,strict
rheumatoid arthritis,Enbrel,2,2,71.3321,8.0768,8.2436,78,0.8205,42.0513,False,3,strict
rheumatoid arthritis,Adalimumab,3,38,63.2597,6.5953,6.5435,92,0.6304,48.1848,False,3,strict
rheumatoid arthritis,Humira,4,39,61.5459,6.5239,6.4607,89,0.618,49.764,False,3,strict
rheumatoid arthritis,Methotrexate,5,22,60.4966,7.1796,7.2113,71,0.6761,78.1972,True,3,strict
rheumatoid arthritis,Hydroxychloroquine,6,31,55.1923,6.7937,6.7576,66,0.6364,66.4697,True,3,strict
rheumatoid arthritis,Rituximab,7,17,51.5812,7.5239,7.6596,47,0.7872,43.4043,False,3,strict
rheumatoid arthritis,Golimumab,8,21,43.8094,7.2022,7.2703,37,0.7027,29.2432,False,3,strict
rheumatoid arthritis,Prednisone,9,9,42.9766,7.7188,8.0,31,0.7742,71.0323,True,3,strict
rheumatoid arthritis,Leflunomide,10,36,40.9205,6.6382,6.5263,38,0.6053,66.2895,False,3,strict
rheumatoid arthritis,Infliximab,11,7,40.6245,7.8182,8.1852,27,0.7778,31.5185,False,3,strict
rheumatoid arthritis,Simponi,12,18,39.7858,7.388,7.5517,29,0.7586,35.069,False,3,strict
rheumatoid arthritis,Remicade,13,8,39.5723,7.7608,8.1154,26,0.7692,32.6154,False,3,strict
rheumatoid arthritis,Plaquenil,14,32,39.284,6.7372,6.6471,34,0.5882,95.9118,False,3,strict
rheumatoid arthritis,Diclofenac,15,25,38.9808,7.1169,7.1667,30,0.7,19.8667,False,3,strict
rhinitis,Fluticasone,1,4,54.7149,7.1844,7.2241,58,0.6552,21.2931,False,0,none
rhinitis,Flonase,2,3,42.7857,7.2321,7.3143,35,0.6857,27.4857,False,0,none
rhinitis,Veramyst,3,2,22.4156,7.4719,8.1111,9,0.7778,18.5556,False,0,none
rhinitis,Allerx Dose Pack DF,4,1,17.3505,7.7594,9.6,5,1.0,3.6,False,0,none
rosacea,Ivermectin,1,9,67.1525,7.4614,7.5309,81,0.7531,12.8148,False,0,none
rosacea,Doxycycline,2,5,66.1817,7.8543,8.0,71,0.7746,24.0986,False,0,none
rosacea,Soolantra,3,10,63.4175,7.4225,7.4932,73,0.7534,13.4795,False,0,none
rosacea,Azelaic acid,4,4,54.0213,7.8798,8.1064,47,0.8298,19.5957,False,0,none
rosacea,Metronidazole,5,12,48.9169,6.9179,6.9,50,0.66,30.12,False,0,none
rosacea,Oracea,6,3,48.8991,8.039,8.3784,37,0.8378,26.7297,False,0,none
rosacea,Finacea,7,7,44.9882,7.7154,7.9706,34,0.7941,24.4412,False,0,none
rosacea,Minocycline,8,1,39.8599,8.1364,8.7083,24,0.8333,20.0417,False,0,none
rosacea,Brimonidine,9,17,37.066,3.8029,3.4,95,0.2526,16.4,False,0,none
rosacea,Mirvaso,10,16,36.3371,3.9885,3.5542,83,0.2771,18.5663,False,0,none
rosacea,Sulfacetamide sodium / sulfur,11,2,32.2727,8.0682,8.875,16,0.9375,17.8125,False,0,none
rosacea,MetroGel,12,11,28.4156,7.1039,7.1875,16,0.75,49.1875,False,0,none
rosacea,Isotretinoin,13,8,24.279,7.6777,8.5,10,0.9,12.3,False,0,none
rosacea,Accutane,14,6,18.9031,7.7172,9.1667,6,1.0,19.3333,False,0,none
rosacea,Oxymetazoline,15,14,16.57,4.9961,2.8182,11,0.1818,3.5455,False,0,none
schizoaffective disorde,Ziprasidone,1,9,43.5612,7.1614,7.2162,37,0.6757,17.5676,False,3,strict
schizoaffective disorde,Aripiprazole,2,12,43.4095,6.8636,6.825,40,0.65,17.825,True,3,strict
schizoaffective disorde,Paliperidone,3,19,42.4374,6.2571,6.0652,46,0.5652,19.3261,False,3,strict
schizoaffective disorde,Abilify,4,11,42.1136,7.0189,7.0278,36,0.6667,19.5833,False,3,strict
schizoaffective disorde,Geodon,5,10,41.9046,7.0832,7.1143,35,0.6571,18.4,False,3,strict
schizoaffective disorde,Quetiapine,6,13,38.8149,6.8616,6.8125,32,0.5938,19.0,True,3,strict
schizoaffective disorde,Olanzapine,7,20,38.0849,6.1782,5.9211,38,0.5263,14.2632,False,3,strict
schizoaffective disorde,Lurasidone,8,1,37.1619,8.3097,9.1,20,0.95,22.95,False,3,strict
schizoaffective disorde,Seroquel,9,8,35.7774,7.303,7.4583,24,0.6667,23.8333,False,3,strict
schizoaffective disorde,Risperidone,10,17,35.7205,6.5216,6.3333,30,0.4333,18.8333,False,3,strict
schizoaffective disorde,Invega,11,21,34.1866,6.0434,5.6875,32,0.5,22.9062,False,3,strict
schizoaffective disorde,Asenapine,12,6,34.1484,7.4518,7.7143,21,0.7619,25.0952,False,3,strict
schizoaffective disorde,Saphris,13,7,34.1484,7.4518,7.7143,21,0.7619,25.0952,False,3,strict
schizoaffective disorde,Zyprexa,14,14,30.8156,6.7245,6.5714,21,0.619,20.4762,False,3,strict
schizoaffective disorde,Latuda,15,3,30.0641,8.035,8.9286,14,0.9286,31.6429,False,3,strict
schizophrenia,Lurasidone,1,24,51.3842,6.5258,6.4355,62,0.5806,28.0806,False,6,strict
schizophrenia,Paliperidone,2,27,51.0713,6.2394,6.1045,67,0.597,17.806,True,6,strict
schizophrenia,Aripiprazole,3,19,50.76,6.7233,6.6667,57,0.6316,22.6316,True,6,strict
schizophrenia,Latuda,4,26,49.8635,6.4917,6.3898,59,0.5763,29.4915,False,6,strict
schizophrenia,Abilify,5,23,45.3692,6.5485,6.4375,48,0.6042,25.6458,False,6,strict
schizophrenia,Risperidone,6,29,41.5882,6.0663,5.8298,47,0.5319,20.6809,False,6,strict
schizophrenia,Olanzapine,7,21,40.706,6.692,6.5946,37,0.7297,24.4324,True,6,strict
schizophrenia,Quetiapine,8,13,40.1006,7.0888,7.125,32,0.7188,19.0938,False,6,strict
schizophrenia,Asenapine,9,4,38.7672,7.6029,7.8846,26,0.8462,18.2692,False,6,strict
schizophrenia,Saphris,10,5,38.7672,7.6029,7.8846,26,0.8462,18.2692,False,6,strict
schizophrenia,Ziprasidone,11,16,37.9375,6.9264,6.9,30,0.7,19.5333,False,6,strict
schizophrenia,Clozapine,12,1,36.7869,8.0276,8.619,21,0.9048,61.8095,False,6,strict
schizophrenia,Geodon,13,14,36.6274,7.049,7.0741,27,0.7037,21.5556,False,6,strict
schizophrenia,Invega,14,30,34.4558,5.998,5.6364,33,0.5455,25.2727,False,6,strict
schizophrenia,Zyprexa,15,17,30.5935,6.8409,6.75,20,0.75,36.3,True,6,strict
sciatica,Cyclobenzaprine,1,8,41.0438,6.6582,6.5526,38,0.6316,41.4737,False,2,loose
sciatica,Naproxen,2,7,36.1025,6.8227,6.75,28,0.7143,41.6071,False,2,loose
sciatica,Diclofenac,3,3,30.1284,7.3072,7.5294,17,0.7059,33.4706,False,2,loose
sciatica,Flexeril,4,9,27.8472,6.5636,6.2778,18,0.5556,64.0,False,2,loose
sciatica,Diclofenac / misoprostol,5,1,22.0489,7.7955,9.0,8,1.0,49.875,False,2,loose
sciatica,Arthrotec,6,2,20.3179,7.6794,8.8571,7,1.0,57.0,False,2,loose
sciatica,Aleve,7,5,20.069,7.0955,7.25,8,0.75,68.25,False,2,loose
sciatica,Voltaren,8,4,17.8145,7.2727,7.8333,6,0.5,55.1667,False,2,loose
sciatica,Ibuprofen,9,6,16.998,6.9394,6.8333,6,0.8333,21.6667,True,2,loose
sciatica,Nabumetone,10,10,15.2289,6.2172,4.6667,6,0.5,34.6667,False,2,loose
seasonal allergic conjunctivitis,Olopatadine,1,2,47.8165,7.0502,7.0652,46,0.6522,9.3043,False,2,loose
seasonal allergic conjunctivitis,Patanol,2,1,32.1189,7.79,8.3529,17,0.8235,12.8235,False,2,loose
seasonal allergic conjunctivitis,Pataday,3,3,25.8907,6.9196,6.8571,14,0.6429,10.7857,False,2,loose
seasonal allergic conjunctivitis,Pazeo,4,4,15.8619,5.9952,4.2857,7,0.2857,7.0,False,2,loose
seborrheic dermatitis,Ketoconazole,1,2,26.7542,7.1504,7.2857,14,0.6429,25.0714,False,2,loose
seborrheic dermatitis,Xolegel,2,1,17.6784,7.2172,7.6667,6,0.6667,26.8333,False,2,loose
sedation,Trazodone,1,3,66.9944,7.5375,7.6203,79,0.7468,68.3671,False,0,none
sedation,Hydroxyzine,2,8,53.9134,6.6871,6.6308,65,0.6,33.6769,False,0,none
sedation,Promethazine,3,2,39.9388,7.5477,7.7857,28,0.7857,39.75,False,0,none
sedation,Lorazepam,4,1,27.3891,7.5964,8.1538,13,0.7692,22.0,False,0,none
sedation,Desyrel,5,5,20.9175,7.3955,8.0,8,0.875,99.625,False,0,none
sedation,Phenergan,6,6,18.6469,7.0479,7.1429,7,0.7143,74.8571,False,0,none
sedation,Vistaril,7,7,18.6469,7.0479,7.1429,7,0.5714,64.7143,False,0,none
sedation,Ativan,8,4,18.2227,7.4394,8.3333,6,0.6667,30.0,False,0,none
seizure prevention,Lamotrigine,1,3,55.7055,7.2522,7.3051,59,0.661,26.3898,False,13,loose
seizure prevention,Clonazepam,2,1,51.4,8.3382,8.7632,38,0.8421,18.3421,True,13,loose
seizure prevention,Topiramate,3,6,46.239,6.4747,6.3529,51,0.6275,22.4706,False,13,loose
seizure prevention,Lamictal,4,4,43.9336,7.2226,7.2973,37,0.6486,37.1892,False,13,loose
seizure prevention,Topamax,5,5,37.4007,6.6116,6.4688,32,0.625,32.3125,False,13,loose
seizure prevention,Klonopin,6,2,29.0567,7.7657,8.4286,14,0.7857,26.5714,True,13,loose
seizures,Levetiracetam,1,21,75.0192,6.3861,6.3333,138,0.5797,29.5652,True,4,strict
seizures,Keppra,2,22,65.7577,6.2697,6.1909,110,0.5727,35.5727,True,4,strict
seizures,Lacosamide,3,11,64.8133,7.03,7.0353,85,0.6588,32.5059,False,4,strict
seizures,Vimpat,4,10,64.246,7.0948,7.1098,82,0.6707,33.6463,False,4,strict
seizures,Zonisamide,5,20,42.0301,6.8182,6.7632,38,0.6842,24.8158,False,4,strict
seizures,Phenytoin,6,15,38.1983,6.974,6.9667,30,0.6333,15.1,False,4,strict
seizures,Zonegran,7,9,36.0688,7.2138,7.32,25,0.76,33.6,False,4,strict
seizures,Dilantin,8,16,33.2843,6.9403,6.913,23,0.6087,17.913,False,4,strict
seizures,Oxcarbazepine,9,12,32.9583,7.0267,7.0455,22,0.6818,19.6364,False,4,strict
seizures,Phenobarbital,10,3,26.6893,7.7045,8.4167,12,0.8333,13.75,False,4,strict
seizures,Trileptal,11,17,25.8907,6.9196,6.8571,14,0.6429,24.7143,False,4,strict
seizures,Primidone,12,6,24.1352,7.6322,8.4,10,0.9,17.5,False,4,strict
seizures,Aptiom,13,13,20.987,6.9957,7.0,9,0.6667,11.4444,False,4,strict
seizures,Eslicarbazepine,14,14,20.987,6.9957,7.0,9,0.6667,11.4444,False,4,strict
seizures,Keppra XR,15,8,20.6347,7.2955,7.75,8,0.75,12.375,True,4,strict
sexual dysfunction ssri induced,Bupropion,1,5,42.0301,6.8182,6.7632,38,0.6053,35.2632,False,13,loose
sexual dysfunction ssri induced,Sildenafil,2,3,31.8345,7.721,8.2353,17,0.8824,49.8235,True,13,loose
sexual dysfunction ssri induced,Viagra,3,1,28.6871,7.9564,8.8462,13,0.9231,60.5385,False,13,loose
sexual dysfunction ssri induced,Buspirone,4,4,22.7707,6.8656,6.7273,11,0.7273,94.3636,True,13,loose
sexual dysfunction ssri induced,Dextroamphetamine,5,2,19.1753,7.8283,9.5,6,1.0,39.0,True,13,loose
shift work sleep disorde,Armodafinil,1,4,39.3917,7.3149,7.4483,29,0.7586,21.2069,True,55,loose
shift work sleep disorde,Nuvigil,2,3,37.4253,7.3397,7.5,26,0.7692,23.4231,False,55,loose
shift work sleep disorde,Modafinil,3,2,32.2611,7.8245,8.4118,17,0.8824,38.7059,True,55,loose
shift work sleep disorde,Provigil,4,1,28.2771,8.1629,9.3333,12,1.0,53.1667,False,55,loose
sinus symptoms,Ibuprofen / pseudoephedrine,1,4,39.4472,7.8894,8.32,25,0.8,7.04,True,13,loose
sinus symptoms,Advil Cold and Sinus,2,6,35.6759,7.7851,8.2381,21,0.8095,8.0952,False,13,loose
sinus symptoms,Dexbrompheniramine / pseudoephedrine,3,1,24.8442,8.2814,10.0,9,1.0,5.3333,False,13,loose
sinus symptoms,Drixoral Cold and Allergy,4,2,23.1803,8.1955,10.0,8,1.0,5.875,False,13,loose
sinus symptoms,Acetaminophen / pseudoephedrine,5,3,19.5836,7.995,10.0,6,1.0,6.3333,True,13,loose
sinus symptoms,Guaifenesin / phenylephrine,6,5,17.6135,7.877,10.0,5,1.0,10.6,False,13,loose
sinusitis,Azithromycin,1,5,68.5993,7.1134,7.129,93,0.6452,26.4731,False,2,loose
sinusitis,Amoxicillin / clavulanate,2,22,67.7603,5.3737,5.2516,159,0.4277,23.9245,True,2,loose
sinusitis,Levofloxacin,3,19,62.4282,5.629,5.4959,123,0.4634,25.3821,False,2,loose
sinusitis,Clarithromycin,4,18,60.1225,5.7066,5.5676,111,0.4505,20.7658,False,2,loose
sinusitis,Levaquin,5,16,54.5873,5.754,5.5889,90,0.4778,31.0111,False,2,loose
sinusitis,Augmentin,6,14,52.7818,5.9012,5.7375,80,0.4625,38.2875,False,2,loose
sinusitis,Moxifloxacin,7,12,49.994,6.6219,6.5439,57,0.5789,16.9649,False,2,loose
sinusitis,Avelox,8,13,49.1818,6.5722,6.4821,56,0.5714,17.25,False,2,loose
sinusitis,Zithromax,9,1,42.4127,7.8758,8.2414,29,0.8621,43.1034,False,2,loose
sinusitis,Cefdinir,10,23,40.2798,4.3949,4.0238,84,0.2619,15.1667,False,2,loose
sinusitis,Cefuroxime,11,4,38.0868,7.1977,7.2857,28,0.6786,33.0714,False,2,loose
sinusitis,Sulfamethoxazole / trimethoprim,12,21,32.4886,5.4148,4.8889,36,0.3333,14.1944,False,2,loose
sinusitis,Clindamycin,13,7,31.0127,6.9347,6.9,20,0.65,45.65,False,2,loose
sinusitis,Biaxin,14,10,29.234,6.7067,6.5263,19,0.5789,38.6316,False,2,loose
sinusitis,Ciprofloxacin,15,3,28.2454,7.2929,7.5333,15,0.6667,33.6,False,2,loose
sjogren s syndrome,Hydroxychloroquine,1,1,38.341,7.1197,7.1724,29,0.6897,60.9655,True,21,loose
sjogren s syndrome,Plaquenil,2,3,29.6856,6.997,7.0,18,0.6667,74.8333,False,21,loose
sjogren s syndrome,Cevimeline,3,4,23.2033,6.9961,7.0,11,0.7273,17.7273,False,21,loose
sjogren s syndrome,Evoxac,4,2,20.069,7.0955,7.25,8,0.75,22.0,False,21,loose
skin and structure infection,Mupirocin,1,4,28.2454,7.2929,7.5333,15,0.7333,35.9333,True,38,loose
skin and structure infection,Bactroban,2,1,28.1102,7.7964,8.5385,13,0.8462,40.8462,False,38,loose
skin and structure infection,Linezolid,3,2,19.7609,7.4689,8.2857,7,0.8571,18.0,True,38,loose
skin and structure infection,Zyvox,4,3,19.7609,7.4689,8.2857,7,0.8571,18.0,False,38,loose
skin and structure infection,Amoxicillin / clavulanate,5,5,19.7013,6.5671,6.0,9,0.5556,14.1111,True,38,loose
skin cance,Fluorouracil,1,1,29.9667,7.7374,8.3333,15,0.8667,65.6,False,48,loose
skin cance,Carac,2,2,16.8243,7.5241,8.8,5,1.0,90.8,False,48,loose
skin cance,Efudex,3,3,16.1667,7.23,7.8,5,0.6,79.8,False,48,loose
skin or soft tissue infection,Cephalexin,1,4,58.2766,6.868,6.8472,72,0.625,30.8056,True,41,loose
skin or soft tissue infection,Clindamycin,2,8,44.3549,6.2727,6.1,50,0.52,16.52,True,41,loose
skin or soft tissue infection,Amoxicillin / clavulanate,3,6,33.1918,6.7753,6.6667,24,0.625,12.0417,True,41,loose
skin or soft tissue infection,Keflex,4,1,32.8296,7.3409,7.55,20,0.75,47.85,False,41,loose
skin or soft tissue infection,Augmentin,5,3,28.5645,6.9279,6.8824,17,0.7059,14.6471,False,41,loose
skin or soft tissue infection,Doxycycline,6,5,27.9958,6.79,6.6471,17,0.6471,14.4118,True,41,loose
skin or soft tissue infection,Clarithromycin,7,13,19.3519,4.9966,3.4,15,0.2,3.2,True,41,loose
skin or soft tissue infection,Azithromycin,8,2,17.9506,7.3283,8.0,6,0.8333,10.8333,True,41,loose
skin or soft tissue infection,Metronidazole,9,9,16.4189,6.2057,4.8571,7,0.4286,3.7143,True,41,loose
skin or soft tissue infection,Levofloxacin,10,12,16.3733,5.1777,3.0,10,0.2,6.5,True,41,loose
skin or soft tissue infection,Ciprofloxacin,11,7,15.1144,6.7594,6.2,5,0.6,3.4,True,41,loose
skin or soft tissue infection,Minocycline,12,10,15.0928,6.1616,4.5,6,0.1667,5.8333,True,41,loose
skin or soft tissue infection,Levaquin,13,11,14.8871,5.6268,3.2857,7,0.2857,8.4286,False,41,loose
smoking cessation,Varenicline,1,2,288.5249,8.7836,8.8035,1079,0.8879,19.5227,False,0,none
smoking cessation,Chantix,2,1,257.2358,8.787,8.8121,857,0.8915,19.6464,False,0,none
smoking cessation,Bupropion,3,6,116.1238,8.2318,8.3065,199,0.8191,32.4573,False,0,none
smoking cessation,Nicotine,4,5,88.0099,8.2793,8.4159,113,0.8496,24.3894,False,0,none
smoking cessation,Zyban,5,4,76.2733,8.5814,8.8228,79,0.8734,51.7215,False,0,none
smoking cessation,Nicoderm CQ,6,3,55.3217,8.6398,9.122,41,0.9024,29.4878,False,0,none
smoking cessation,Nicotrol Inhaler,7,8,35.6759,7.7851,8.2381,21,0.8095,38.0952,False,0,none
smoking cessation,Commit,8,7,33.5406,8.1348,8.9412,17,1.0,12.0,False,0,none
smoking cessation,Nicorette,9,10,25.5346,7.3712,7.75,12,0.75,26.6667,False,0,none
smoking cessation,Habitrol,10,9,18.0866,7.3838,8.1667,6,0.8333,14.6667,False,0,none
social anxiety disorde,Sertraline,1,4,103.6126,7.4199,7.4462,195,0.7436,44.9949,True,61,loose
social anxiety disorde,Zoloft,2,3,96.1482,7.5309,7.5706,163,0.773,52.865,False,61,loose
social anxiety disorde,Paroxetine,3,1,61.901,7.7988,7.9524,63,0.7937,37.1111,True,61,loose
social anxiety disorde,Paxil,4,2,55.4251,7.6861,7.8462,52,0.7885,43.0769,False,61,loose
social anxiety disorde,Venlafaxine,5,6,34.1065,7.1117,7.1739,23,0.6957,27.6522,True,61,loose
social anxiety disorde,Effexor XR,6,5,26.2353,7.2764,7.5385,13,0.6923,40.6923,False,61,loose
soft tissue sarcoma,Pazopanib,1,2,29.9667,7.7374,8.3333,15,0.7333,41.1333,False,5,loose
soft tissue sarcoma,Votrient,2,1,29.2006,7.8042,8.5,14,0.7857,44.0714,False,5,loose
stomach ulce,Pantoprazole,1,5,27.987,6.9968,7.0,16,0.6875,37.9375,True,28,loose
stomach ulce,Sucralfate,2,6,25.1712,6.7273,6.5,14,0.6429,35.3571,True,28,loose
stomach ulce,Protonix,3,1,21.4832,7.5955,8.5,8,0.875,64.875,False,28,loose
stomach ulce,Carafate,4,7,18.9376,6.6955,6.25,8,0.5,47.75,False,28,loose
stomach ulce,Omeprazole,5,8,18.3719,6.4955,5.75,8,0.625,10.0,True,28,loose
stomach ulce,Lansoprazole,6,2,17.8145,7.2727,7.8333,6,0.6667,15.0,False,28,loose
stomach ulce,Prevacid,7,3,17.8145,7.2727,7.8333,6,0.6667,15.0,True,28,loose
stomach ulce,Ranitidine,8,4,15.9036,7.1123,7.4,5,0.8,6.0,False,28,loose
strep throat,Amoxicillin / clavulanate,1,4,46.465,6.6379,6.551,49,0.5918,16.7143,True,2,loose
strep throat,Clarithromycin,2,5,35.6254,5.6329,5.225,40,0.4,7.725,False,2,loose
strep throat,Augmentin,3,2,34.5175,7.1974,7.3043,23,0.6522,24.913,False,2,loose
strep throat,Biaxin,4,3,22.0497,6.6482,6.2727,11,0.5455,14.4545,False,2,loose
strep throat,Cefdinir,5,6,20.9298,5.404,4.1333,15,0.2667,8.3333,False,2,loose
strep throat,Penicillin v potassium,6,1,17.482,7.8182,9.8,5,1.0,12.6,False,2,loose
supraventricular tachycardia,Metoprolol,1,6,50.3158,6.8471,6.8148,54,0.6111,43.0926,True,11,loose
supraventricular tachycardia,Diltiazem,2,1,28.6757,7.404,7.7333,15,0.6667,24.5333,True,11,loose
supraventricular tachycardia,Toprol-XL,3,5,21.8354,6.905,6.8,10,0.6,57.0,False,11,loose
supraventricular tachycardia,Atenolol,4,2,19.0646,7.2057,7.5714,7,0.7143,16.0,False,11,loose
supraventricular tachycardia,Adenosine,5,3,15.9036,7.1123,7.4,5,0.8,6.6,False,11,loose
supraventricular tachycardia,Cartia XT,6,4,15.509,6.9358,6.8,5,0.6,35.4,False,11,loose
supraventricular tachycardia,Bisoprolol,7,7,15.2289,6.2172,4.6667,6,0.3333,24.0,False,11,loose
swine flu,Oseltamivir,1,1,26.0911,7.2364,7.4615,13,0.8462,8.6154,False,0,none
swine flu,Tamiflu,2,2,26.0911,7.2364,7.4615,13,0.8462,8.6154,False,0,none
systemic lupus erythematosus,Hydroxychloroquine,1,2,45.1136,7.5189,7.6944,36,0.7778,46.0278,False,2,loose
systemic lupus erythematosus,Plaquenil,2,1,32.8899,7.5455,7.8947,19,0.7895,65.5263,False,2,loose
systemic lupus erythematosus,Belimumab,3,3,31.807,7.497,7.8333,18,0.7778,20.7222,False,2,loose
systemic lupus erythematosus,Benlysta,4,4,31.807,7.497,7.8333,18,0.7778,20.7222,False,2,loose
systemic lupus erythematosus,Azathioprine,5,5,22.4369,5.9965,5.1429,14,0.3571,24.7143,False,2,loose
systemic lupus erythematosus,Imuran,6,6,20.6272,5.9545,4.9167,12,0.3333,27.6667,False,2,loose
temporomandibular joint disorde,Cyclobenzaprine,1,3,23.9243,7.2134,7.4545,11,0.7273,19.0909,True,43,loose
temporomandibular joint disorde,Diazepam,2,1,22.6146,7.9955,9.5,8,1.0,24.5,True,43,loose
temporomandibular joint disorde,Valium,3,2,20.8749,7.89,9.4286,7,1.0,27.5714,False,43,loose
tendonitis,Meloxicam,1,2,35.6413,7.2753,7.4167,24,0.7083,45.5417,False,0,none
tendonitis,Naproxen,2,3,29.7047,6.4821,6.1905,21,0.5714,18.3333,False,0,none
tendonitis,Mobic,3,1,22.6146,7.9955,9.5,8,1.0,92.5,False,0,none
tinea corporis,Econazole,1,1,21.6246,7.6455,8.625,8,0.875,10.25,False,0,none
tinea corporis,Terbinafine,2,2,13.7991,6.1711,4.2,5,0.2,8.0,False,0,none
tinea pedis,Terbinafine,1,2,22.9149,6.9091,6.8182,11,0.6364,8.9091,False,0,none
tinea pedis,Lamisil,2,1,20.7761,7.3455,7.875,8,0.75,11.5,False,0,none
tinea versicol,Selenium sulfide,1,1,27.3298,7.3042,7.5714,14,0.7143,29.6429,False,0,none
tinnitus,Alprazolam,1,1,43.5451,7.9502,8.3333,30,0.8667,57.1,False,0,none
tinnitus,Xanax,2,2,20.4571,7.7321,9.0,7,1.0,105.4286,False,0,none
tonsillitis pharyngitis,Azithromycin,1,4,43.7527,6.3152,6.1458,48,0.5417,19.3333,False,3,loose
tonsillitis pharyngitis,Amoxicillin,2,1,28.3372,7.5734,8.0714,14,0.7143,21.8571,True,3,loose
tonsillitis pharyngitis,Clarithromycin,3,5,27.7606,6.0579,5.5238,21,0.4286,8.0,False,3,loose
tonsillitis pharyngitis,Cefdinir,4,3,18.9254,7.1531,7.4286,7,0.7143,9.1429,False,3,loose
tonsillitis pharyngitis,Zithromax,5,2,17.9506,7.3283,8.0,6,0.8333,35.5,False,3,loose
tourette s syndrome,Clonidine,1,1,30.7807,7.0616,7.1053,19,0.6842,24.7368,False,21,loose
tourette s syndrome,Pimozide,2,5,27.2727,6.8182,6.6875,16,0.5625,13.5,False,21,loose
tourette s syndrome,Orap,3,3,27.2413,7.0337,7.0667,15,0.6,14.2,False,21,loose
tourette s syndrome,Aripiprazole,4,2,19.9276,7.0455,7.125,8,0.75,17.5,False,21,loose
tourette s syndrome,Guanfacine,5,4,15.2459,6.8182,6.4,5,0.6,10.2,False,21,loose
trichomoniasis,Metronidazole,1,1,64.6237,7.5636,7.6575,73,0.726,20.0548,False,0,none
trichomoniasis,Flagyl,2,2,20.8442,6.9481,6.8889,9,0.6667,27.6667,False,0,none
trigeminal neuralgia,Carbamazepine,1,7,61.8134,6.999,7.0,78,0.6538,27.4103,False,1,loose
trigeminal neuralgia,Oxcarbazepine,2,1,43.8575,8.1441,8.6207,29,0.8966,38.1034,False,1,loose
trigeminal neuralgia,Tegretol,3,9,37.8071,6.9026,6.8667,30,0.6333,40.4,False,1,loose
trigeminal neuralgia,Gabapentin,4,2,37.2035,8.1185,8.7619,21,0.9524,55.0952,True,1,loose
trigeminal neuralgia,Tegretol XR,5,4,24.279,7.6777,8.5,10,0.9,24.9,False,1,loose
trigeminal neuralgia,Trileptal,6,3,23.4156,7.8052,8.8889,9,0.8889,58.2222,False,1,loose
trigeminal neuralgia,Topiramate,7,8,22.1229,6.9959,7.0,10,0.7,18.5,False,1,loose
trigeminal neuralgia,Topamax,8,10,19.3619,6.8455,6.625,8,0.625,22.625,False,1,loose
trigeminal neuralgia,Baclofen,9,6,18.9254,7.1531,7.4286,7,0.7143,41.1429,False,1,loose
trigeminal neuralgia,Neurontin,10,5,16.4297,7.3476,8.2,5,1.0,92.4,False,1,loose
ulcerative colitis,Mesalamine,1,3,48.5181,7.1536,7.1957,46,0.7174,8.6304,True,6,strict
ulcerative colitis,Infliximab,2,2,39.2416,7.1645,7.2333,30,0.6667,25.8,False,6,strict
ulcerative colitis,Prednisone,3,6,37.9469,7.0466,7.069,29,0.6552,24.4138,True,6,strict
ulcerative colitis,Remicade,4,5,37.6899,7.1227,7.1786,28,0.6786,27.6071,False,6,strict
ulcerative colitis,Azathioprine,5,9,29.9371,6.868,6.7895,19,0.6842,21.4737,False,6,strict
ulcerative colitis,Lialda,6,1,29.2495,7.5522,8.0,15,0.8,7.5333,False,6,strict
ulcerative colitis,Adalimumab,7,14,25.8442,6.461,6.0625,16,0.5625,22.0,False,6,strict
ulcerative colitis,Humira,8,15,25.8442,6.461,6.0625,16,0.5625,22.0,False,6,strict
ulcerative colitis,Budesonide,9,7,23.0591,6.9526,6.9091,11,0.7273,5.0,False,6,strict
ulcerative colitis,Imuran,10,8,21.8354,6.905,6.8,10,0.7,34.7,False,6,strict
ulcerative colitis,Apriso,11,13,21.6171,6.5178,6.0,11,0.6364,11.2727,False,6,strict
ulcerative colitis,Balsalazide,12,4,21.4156,7.1385,7.3333,9,0.7778,9.3333,True,6,strict
ulcerative colitis,Sulfasalazine,13,18,19.7611,5.7045,4.4167,12,0.3333,14.1667,False,6,strict
ulcerative colitis,Asacol,14,12,17.5329,6.6268,6.0,7,0.5714,14.7143,False,6,strict
ulcerative colitis,Entyvio,15,16,17.382,6.1455,4.875,8,0.25,18.625,False,6,strict
ulcerative colitis active,Mesalamine,1,1,64.3423,7.1054,7.122,82,0.7073,19.0,True,22,loose
ulcerative colitis active,Lialda,2,3,49.9797,6.9986,7.0,51,0.7059,23.4902,False,22,loose
ulcerative colitis active,Asacol,3,2,18.7861,7.1005,7.2857,7,0.8571,20.2857,False,22,loose
ulcerative colitis active,Rowasa,4,4,15.509,6.9358,6.8,5,0.6,8.4,False,22,loose
ulcerative colitis active,Pentasa,5,5,14.9829,6.7005,6.0,5,0.4,10.6,False,22,loose
ulcerative colitis maintenance,Mesalamine,1,1,40.3357,7.6227,7.8929,28,0.8214,25.8214,True,17,loose
ulcerative colitis maintenance,Asacol,2,2,31.3827,7.397,7.6667,18,0.8333,32.9444,False,17,loose
underactive thyroid,Levothyroxine,1,9,97.9633,6.5164,6.4912,226,0.5929,51.9956,True,34,loose
underactive thyroid,Thyroid desiccated,2,2,78.4239,7.5116,7.5688,109,0.7248,73.7156,True,34,loose
underactive thyroid,Armour Thyroid,3,1,66.5633,7.6353,7.7368,76,0.7368,82.1974,True,34,loose
underactive thyroid,Synthroid,4,8,49.6658,6.5784,6.4912,57,0.5789,83.2105,True,34,loose
underactive thyroid,Liothyronine,5,3,37.4253,7.3397,7.5,26,0.7308,91.1154,False,34,loose
underactive thyroid,Tirosint,6,6,30.3589,6.9648,6.9474,19,0.6316,54.9474,False,34,loose
underactive thyroid,Levoxyl,7,5,26.8981,7.1888,7.3571,14,0.5714,57.8571,False,34,loose
underactive thyroid,Nature-Throid,8,7,26.5241,6.8485,6.7333,15,0.6667,90.2667,False,34,loose
underactive thyroid,Cytomel,9,4,26.3795,7.3164,7.6154,13,0.7692,146.6923,False,34,loose
underactive thyroid,NP Thyroid,10,10,13.9306,6.23,4.4,5,0.4,19.8,True,34,loose
upper respiratory tract infection,Azithromycin,1,8,45.4743,7.0168,7.0238,42,0.6905,25.0952,True,68,loose
upper respiratory tract infection,Clarithromycin,2,12,34.4781,5.8279,5.4286,35,0.3714,11.6571,True,68,loose
upper respiratory tract infection,Amoxicillin / clavulanate,3,4,33.6481,7.1738,7.2727,22,0.6818,16.6364,True,68,loose
upper respiratory tract infection,Augmentin,4,7,30.7807,7.0616,7.1053,19,0.6842,18.6316,False,68,loose
upper respiratory tract infection,Doxycycline,5,11,29.9958,6.2545,5.8696,23,0.4783,38.6957,True,68,loose
upper respiratory tract infection,Cephalexin,6,2,26.2353,7.2764,7.5385,13,0.7692,40.9231,True,68,loose
upper respiratory tract infection,Zithromax,7,1,25.4289,8.0413,9.3,10,0.9,42.0,False,68,loose
upper respiratory tract infection,Erythromycin,8,3,21.7013,7.2338,7.5556,9,0.7778,16.2222,True,68,loose
upper respiratory tract infection,Sulfamethoxazole / trimethoprim,9,13,19.7611,5.7045,4.4167,12,0.4167,10.75,True,68,loose
upper respiratory tract infection,Amoxicillin,10,5,18.9254,7.1531,7.4286,7,0.8571,39.1429,True,68,loose
upper respiratory tract infection,Cefuroxime,11,6,17.4062,7.1061,7.3333,6,0.8333,18.0,False,68,loose
upper respiratory tract infection,Biaxin,12,10,16.0454,6.5505,5.6667,6,0.5,33.0,False,68,loose
upper respiratory tract infection,Azithromycin Dose Pack,13,9,15.1144,6.7594,6.2,5,0.6,40.4,True,68,loose
urinary incontinence,Oxybutynin,1,7,38.9681,6.4063,6.2162,37,0.5946,30.9459,False,3,strict
urinary incontinence,Solifenacin,2,4,38.735,7.1929,7.2759,29,0.6897,62.1034,False,3,strict
urinary incontinence,VESIcare,3,3,37.5601,7.2284,7.3333,27,0.7037,66.6296,False,3,strict
urinary incontinence,Mirabegron,4,12,29.2454,5.9697,5.4583,24,0.4167,40.75,False,3,strict
urinary incontinence,Myrbetriq,5,11,28.13,5.9973,5.4545,22,0.4091,43.6364,False,3,strict
urinary incontinence,Oxytrol,6,1,26.4007,7.6212,8.25,12,0.9167,47.5,False,3,strict
urinary incontinence,Trospium,7,2,23.1291,7.3141,7.7,10,0.8,31.6,False,3,strict
urinary incontinence,Tolterodine,8,8,21.1845,6.3874,5.7273,11,0.4545,17.4545,False,3,strict
urinary incontinence,Darifenacin,9,9,16.2796,6.1531,4.7143,7,0.1429,20.4286,False,3,strict
urinary incontinence,Enablex,10,10,16.2796,6.1531,4.7143,7,0.1429,20.4286,False,3,strict
urinary incontinence,Detrol LA,11,5,15.9036,7.1123,7.4,5,0.6,19.8,False,3,strict
urinary incontinence,Ditropan,12,6,14.8513,6.6417,5.8,5,0.6,35.2,False,3,strict
urinary tract infection,Nitrofurantoin,1,24,103.1074,4.9839,4.9276,428,0.4089,16.3224,True,21,strict
urinary tract infection,Sulfamethoxazole / trimethoprim,2,26,86.5841,4.8862,4.8057,314,0.3567,17.9682,True,21,strict
urinary tract infection,Ciprofloxacin,3,20,81.2791,5.4674,5.3846,221,0.4525,30.5294,True,21,strict
urinary tract infection,Macrobid,4,23,70.0175,5.0141,4.8923,195,0.3949,24.4667,False,21,strict
urinary tract infection,Cipro,5,16,64.0538,5.9218,5.812,117,0.5043,47.4786,True,21,strict
urinary tract infection,Bactrim DS,6,15,55.8649,6.1692,6.0488,82,0.5122,27.7317,False,21,strict
urinary tract infection,Bactrim,7,25,49.4409,4.9196,4.6733,101,0.3366,22.3465,False,21,strict
urinary tract infection,Ceftriaxone,8,1,35.7668,8.4303,9.3889,18,0.9444,28.2222,False,21,strict
urinary tract infection,Rocephin,9,2,34.5359,8.3762,9.3529,17,0.9412,29.5882,False,21,strict
urinary tract infection,Levofloxacin,10,17,34.4672,5.9111,5.5294,34,0.4706,29.4706,False,21,strict
urinary tract infection,Amoxicillin,11,7,33.3152,7.27,7.4286,21,0.7619,156.0952,True,21,strict
urinary tract infection,Levaquin,12,14,30.7423,6.2753,5.9167,24,0.5,38.5417,False,21,strict
urinary tract infection,Doxycycline,13,8,30.1099,7.097,7.1667,18,0.6111,52.3333,True,21,strict
urinary tract infection,Hyoscyamine / methenamine / methylene blue / phenyl salicylate,14,5,25.5346,7.3712,7.75,12,0.75,11.5,False,21,strict
urinary tract infection,Amoxicillin / clavulanate,15,18,24.8773,5.8636,5.1111,18,0.3889,25.3889,True,21,strict
urinary tract stones,Tamsulosin,1,2,68.4863,7.7545,7.8718,78,0.7436,39.8846,True,35,loose
urinary tract stones,Flomax,2,1,62.4723,7.9988,8.1967,61,0.7869,48.0656,True,35,loose
urticaria,Omalizumab,1,2,61.958,7.9987,8.2,60,0.7833,22.6667,False,0,none
urticaria,Cetirizine,2,8,51.6289,7.3756,7.4694,49,0.7347,24.2041,False,0,none
urticaria,Xolair,3,3,49.5815,7.9394,8.2308,39,0.8205,29.2051,False,0,none
urticaria,Levocetirizine,4,5,47.7819,7.8553,8.1351,37,0.8649,17.4865,False,0,none
urticaria,Zyrtec,5,4,46.562,7.8704,8.1714,35,0.8286,31.6571,False,0,none
urticaria,Xyzal,6,6,44.2854,7.7091,7.9697,33,0.8485,18.5758,False,0,none
urticaria,Fexofenadine,7,7,39.1698,7.6818,8.0,26,0.8077,28.3846,False,0,none
urticaria,Allegra,8,1,34.2111,8.0636,8.7778,18,0.8889,39.0,False,0,none
urticaria,Doxepin,9,9,23.1291,7.3141,7.7,10,0.7,30.5,False,0,none
urticaria,Loratadine,10,10,18.7962,6.6455,6.125,8,0.5,15.25,False,0,none
urticaria,Diphenhydramine,11,11,17.3936,6.5742,5.8571,7,0.4286,4.8571,False,0,none
urticaria,Benadryl Allergy,12,12,14.1937,6.3476,4.8,5,0.2,6.4,False,0,none
uterine fibroids,Leuprolide,1,1,40.7718,6.8917,6.8571,35,0.6571,38.7429,False,3,strict
uterine fibroids,Lupron Depot,2,2,34.8758,6.8397,6.7692,26,0.6538,43.9231,False,3,strict
uveitis,Difluprednate,1,1,15.2459,6.8182,6.4,5,0.4,9.2,False,0,none
uveitis,Durezol,2,2,15.2459,6.8182,6.4,5,0.4,9.2,False,0,none
vaginal yeast infection,Tioconazole,1,8,141.8793,4.5322,4.502,980,0.3582,5.549,False,39,loose
vaginal yeast infection,Miconazole,2,13,110.6006,3.0236,2.988,1338,0.1659,6.3311,True,39,loose
vaginal yeast infection,Fluconazole,3,4,105.6164,6.9341,6.931,232,0.6552,30.5991,False,39,loose
vaginal yeast infection,Diflucan,4,5,54.8838,6.5599,6.4857,70,0.6143,41.6429,False,39,loose
vaginal yeast infection,Terconazole,5,6,51.6355,6.5055,6.4127,63,0.6032,15.7937,False,39,loose
vaginal yeast infection,Monistat 3-Day Combination Pack,6,11,44.1785,3.9202,3.6299,127,0.2598,8.3858,False,39,loose
vaginal yeast infection,Monistat 7-Day Combination Pack,7,10,41.7923,4.1585,3.8218,101,0.2376,7.9703,False,39,loose
vaginal yeast infection,Monistat 7,8,12,31.9801,3.4091,2.9205,88,0.1591,5.8182,False,39,loose
vaginal yeast infection,Lactobacillus acidophilus,9,2,30.5405,7.8855,8.6,15,0.8667,32.8667,True,39,loose
vaginal yeast infection,Acidophilus,10,1,29.264,8.1164,9.1538,13,0.9231,36.3077,True,39,loose
vaginal yeast infection,Vagistat-1,11,7,20.1105,6.3595,5.6,10,0.6,13.9,False,39,loose
vaginal yeast infection,Itraconazole,12,3,18.9031,7.7172,9.1667,6,0.8333,14.5,False,39,loose
vaginal yeast infection,Monistat 1-Day or Night Combination Pack,13,9,16.3396,4.2189,2.0,15,0.0667,6.8,False,39,loose
ventricular tachycardia,Amiodarone,1,3,18.7861,7.1005,7.2857,7,0.7143,37.7143,True,4,strict
ventricular tachycardia,Atenolol,2,1,18.0866,7.3838,8.1667,6,0.8333,25.1667,False,4,strict
ventricular tachycardia,Propafenone,3,2,17.9506,7.3283,8.0,6,0.8333,3.0,False,4,strict
vertig,Meclizine,1,2,68.8749,7.142,7.1613,93,0.6882,53.5806,False,2,loose
vertig,Bonine,2,1,19.9001,7.5215,8.4286,7,0.8571,90.0,False,2,loose
vertig,Antivert,3,4,17.1151,6.4689,5.5714,7,0.5714,50.7143,False,2,loose
vertig,Promethazine,4,3,16.5897,6.7727,6.3333,6,0.5,22.3333,False,2,loose
vitamin d deficiency,Ergocalciferol,1,2,24.3604,6.7564,6.5385,13,0.6154,60.3077,False,5,strict
vitamin d deficiency,Cholecalciferol,2,1,15.1144,6.7594,6.2,5,0.6,16.4,False,5,strict
vitamin mineral supplementation and deficiency,Multivitamin with minerals,1,1,27.2815,6.4303,6.0556,18,0.5556,5.8333,True,13,loose
vitamin mineral supplementation during pregnancy lactation,"Multivitamin, prenatal",1,1,61.4829,8.1436,8.386,57,0.7895,6.614,True,17,loose
vitamin mineral supplementation during pregnancy lactation,Prenatal Plus,2,2,23.2728,7.3595,7.8,10,0.6,9.4,True,17,loose
vitamin mineral supplementation during pregnancy lactation,CitraNatal 90 DHA,3,3,20.6347,7.2955,7.75,8,0.75,12.125,False,17,loose
vitamin mineral supplementation during pregnancy lactation,Duet DHA,4,4,16.2982,7.2888,8.0,5,0.8,7.2,False,17,loose
vulvodynia,Amitriptyline,1,2,20.069,7.0955,7.25,8,0.875,19.875,False,0,none
vulvodynia,Gabapentin,2,3,17.2702,7.0505,7.1667,6,0.6667,32.6667,False,0,none
vulvodynia,Nortriptyline,3,1,16.4297,7.3476,8.2,5,0.8,23.6,False,0,none
vulvodynia,Elavil,4,4,15.2459,6.8182,6.4,5,0.8,20.2,False,0,none
weight loss,Phentermine,1,2,355.7055,8.7569,8.7697,1650,0.897,31.2582,False,13,loose
weight loss,Lorcaserin,2,7,178.574,7.8235,7.8426,521,0.7639,55.6641,False,13,loose
weight loss,Belviq,3,6,176.536,7.8325,7.8524,508,0.7677,57.0138,False,13,loose
weight loss,Adipex-P,4,1,165.4255,8.9321,9.0,343,0.9242,62.5889,False,13,loose
weight loss,Phentermine / topiramate,5,9,143.9198,7.7372,7.763,346,0.7659,45.7225,False,13,loose
weight loss,Qsymia,6,10,127.9404,7.6187,7.6454,282,0.7518,53.773,False,13,loose
weight loss,Liraglutide,7,5,120.7287,7.9955,8.0482,228,0.7939,19.1842,False,13,loose
weight loss,Bupropion / naltrexone,8,13,119.9316,6.3833,6.3626,353,0.5751,19.7479,False,13,loose
weight loss,Contrave,9,14,117.8989,6.3659,6.344,343,0.5743,20.312,False,13,loose
weight loss,Saxenda,10,3,90.4687,8.1243,8.2339,124,0.8226,13.621,False,13,loose
weight loss,Victoza,11,8,69.0751,7.8212,7.9487,78,0.7821,32.9872,False,13,loose
weight loss,Fastin,12,11,48.6351,7.1708,7.2174,46,0.7174,70.1087,False,13,loose
weight loss,Megestrol,13,4,29.9202,7.9965,8.8571,14,0.9286,36.1429,False,13,loose
weight loss,Ionamin,14,12,18.7861,7.1005,7.2857,7,0.7143,30.1429,False,13,loose
xerostomia,Saliva substitutes,1,1,26.3795,7.3164,7.6154,13,0.6923,19.6154,False,0,none
